cutoff,method,seller,rank,opportunity_id,score,price,won_next_30d,realized_value_if_won
2017-06-30,A_PRICE,Anna Snelling,1,9KN4MG14,94,5482.0,0,0.0
2017-06-30,A_PRICE,Anna Snelling,2,ASC1OWNE,94,5482.0,0,0.0
2017-06-30,A_PRICE,Anna Snelling,3,G54JJCMX,94,5482.0,0,0.0
2017-06-30,A_PRICE,Anna Snelling,4,M16WB7N8,94,5482.0,0,0.0
2017-06-30,A_PRICE,Anna Snelling,5,MELHF0ZP,94,5482.0,0,0.0
2017-06-30,A_PRICE,Boris Faz,1,0DLEXLEV,94,5482.0,0,0.0
2017-06-30,A_PRICE,Boris Faz,2,2PQORQGO,94,5482.0,0,0.0
2017-06-30,A_PRICE,Boris Faz,3,41RF80KQ,94,5482.0,0,0.0
2017-06-30,A_PRICE,Boris Faz,4,6E2Y3HKI,94,5482.0,1,5201.0
2017-06-30,A_PRICE,Boris Faz,5,EBLSL27F,94,5482.0,0,0.0
2017-06-30,A_PRICE,Cassey Cress,1,3W4AWYSK,94,5482.0,0,0.0
2017-06-30,A_PRICE,Cassey Cress,2,GITEQ8VZ,94,5482.0,0,0.0
2017-06-30,A_PRICE,Cassey Cress,3,M41NS5DN,94,5482.0,0,0.0
2017-06-30,A_PRICE,Cassey Cress,4,MB7G8DWS,94,5482.0,0,0.0
2017-06-30,A_PRICE,Cassey Cress,5,S34T8KPW,94,5482.0,0,0.0
2017-06-30,A_PRICE,Cecily Lampkin,1,N60TC14O,94,5482.0,0,0.0
2017-06-30,A_PRICE,Cecily Lampkin,2,OU9O62Y7,94,5482.0,0,0.0
2017-06-30,A_PRICE,Cecily Lampkin,3,UKECBJV5,94,5482.0,0,0.0
2017-06-30,A_PRICE,Cecily Lampkin,4,8U5GBXK1,63,3393.0,0,0.0
2017-06-30,A_PRICE,Cecily Lampkin,5,9SBO74M5,63,3393.0,0,0.0
2017-06-30,A_PRICE,Corliss Cosme,1,0STR2QEA,94,5482.0,0,0.0
2017-06-30,A_PRICE,Corliss Cosme,2,BLY5FD3N,94,5482.0,1,5640.0
2017-06-30,A_PRICE,Corliss Cosme,3,CN69EYQ1,94,5482.0,0,0.0
2017-06-30,A_PRICE,Corliss Cosme,4,CVFUMOK9,94,5482.0,0,0.0
2017-06-30,A_PRICE,Corliss Cosme,5,HF74MC9F,94,5482.0,0,0.0
2017-06-30,A_PRICE,Daniell Hammack,1,0KEO3OP7,94,5482.0,0,0.0
2017-06-30,A_PRICE,Daniell Hammack,2,FM505XD5,94,5482.0,0,0.0
2017-06-30,A_PRICE,Daniell Hammack,3,HEWKNHTH,94,5482.0,0,0.0
2017-06-30,A_PRICE,Daniell Hammack,4,KJHM27ZM,94,5482.0,0,0.0
2017-06-30,A_PRICE,Daniell Hammack,5,Q2CLAKLM,94,5482.0,0,0.0
2017-06-30,A_PRICE,Darcel Schlecht,1,CM2GVLV6,94,5482.0,1,5536.0
2017-06-30,A_PRICE,Darcel Schlecht,2,CPL37MZC,94,5482.0,0,0.0
2017-06-30,A_PRICE,Darcel Schlecht,3,FROU0UKW,94,5482.0,0,0.0
2017-06-30,A_PRICE,Darcel Schlecht,4,L2QMWU4H,94,5482.0,0,0.0
2017-06-30,A_PRICE,Darcel Schlecht,5,VF7DWQIH,94,5482.0,0,0.0
2017-06-30,A_PRICE,Donn Cantrell,1,AMGC18DS,94,5482.0,0,0.0
2017-06-30,A_PRICE,Donn Cantrell,2,BCA3ICIO,94,5482.0,0,0.0
2017-06-30,A_PRICE,Donn Cantrell,3,BGY307FC,94,5482.0,0,0.0
2017-06-30,A_PRICE,Donn Cantrell,4,EMIAKHPF,94,5482.0,0,0.0
2017-06-30,A_PRICE,Donn Cantrell,5,R9TWUEAT,94,5482.0,0,0.0
2017-06-30,A_PRICE,Elease Gluck,1,AKMV6WN5,100,26768.0,0,0.0
2017-06-30,A_PRICE,Elease Gluck,2,DJMPI9TO,100,26768.0,0,0.0
2017-06-30,A_PRICE,Elease Gluck,3,GG85QBTM,100,26768.0,0,0.0
2017-06-30,A_PRICE,Elease Gluck,4,04OAV3CV,94,5482.0,0,0.0
2017-06-30,A_PRICE,Elease Gluck,5,2HS1C21I,80,4821.0,0,0.0
2017-06-30,A_PRICE,Garret Kinder,1,MUYUSTKF,94,5482.0,0,0.0
2017-06-30,A_PRICE,Garret Kinder,2,POXC3DA1,94,5482.0,0,0.0
2017-06-30,A_PRICE,Garret Kinder,3,GV9G96Z1,80,4821.0,0,0.0
2017-06-30,A_PRICE,Garret Kinder,4,S8ALJKKH,80,4821.0,0,0.0
2017-06-30,A_PRICE,Garret Kinder,5,WB44DF28,80,4821.0,0,0.0
2017-06-30,A_PRICE,Gladys Colclough,1,07FRJ44N,94,5482.0,0,0.0
2017-06-30,A_PRICE,Gladys Colclough,2,07WKR17A,94,5482.0,0,0.0
2017-06-30,A_PRICE,Gladys Colclough,3,SHETLR3T,94,5482.0,0,0.0
2017-06-30,A_PRICE,Gladys Colclough,4,ZT6D57ED,94,5482.0,0,0.0
2017-06-30,A_PRICE,Gladys Colclough,5,DLQTM07N,80,4821.0,0,0.0
2017-06-30,A_PRICE,Hayden Neloms,1,2BXYT4PD,94,5482.0,0,0.0
2017-06-30,A_PRICE,Hayden Neloms,2,6M89XBL0,94,5482.0,0,0.0
2017-06-30,A_PRICE,Hayden Neloms,3,FWTNRN0L,94,5482.0,0,0.0
2017-06-30,A_PRICE,Hayden Neloms,4,0EYXI1UN,63,3393.0,0,0.0
2017-06-30,A_PRICE,Hayden Neloms,5,29VR6EL4,63,3393.0,0,0.0
2017-06-30,A_PRICE,James Ascencio,1,1B27CZ2M,94,5482.0,0,0.0
2017-06-30,A_PRICE,James Ascencio,2,1CZU97OX,94,5482.0,0,0.0
2017-06-30,A_PRICE,James Ascencio,3,AY3KTIXX,94,5482.0,0,0.0
2017-06-30,A_PRICE,James Ascencio,4,D85PDC6S,94,5482.0,0,0.0
2017-06-30,A_PRICE,James Ascencio,5,DQ7GS2BN,94,5482.0,0,0.0
2017-06-30,A_PRICE,Jonathan Berthelot,1,0IF5FH68,94,5482.0,0,0.0
2017-06-30,A_PRICE,Jonathan Berthelot,2,0YCAS0B9,94,5482.0,0,0.0
2017-06-30,A_PRICE,Jonathan Berthelot,3,PLYYX5CD,94,5482.0,0,0.0
2017-06-30,A_PRICE,Jonathan Berthelot,4,48INT6OA,80,4821.0,0,0.0
2017-06-30,A_PRICE,Jonathan Berthelot,5,7SJD7M9K,80,4821.0,0,0.0
2017-06-30,A_PRICE,Kami Bicknell,1,EYNZMBI0,94,5482.0,0,0.0
2017-06-30,A_PRICE,Kami Bicknell,2,JQA8H6M5,94,5482.0,0,0.0
2017-06-30,A_PRICE,Kami Bicknell,3,XN63KZRZ,94,5482.0,0,0.0
2017-06-30,A_PRICE,Kami Bicknell,4,3ATYY665,80,4821.0,0,0.0
2017-06-30,A_PRICE,Kami Bicknell,5,7VMOJBPN,80,4821.0,0,0.0
2017-06-30,A_PRICE,Kary Hendrixson,1,04YGLJ3N,94,5482.0,0,0.0
2017-06-30,A_PRICE,Kary Hendrixson,2,1WZ5N86Q,94,5482.0,0,0.0
2017-06-30,A_PRICE,Kary Hendrixson,3,5G4I94TF,94,5482.0,0,0.0
2017-06-30,A_PRICE,Kary Hendrixson,4,7HSRDCCK,94,5482.0,0,0.0
2017-06-30,A_PRICE,Kary Hendrixson,5,9E8A7MQ8,94,5482.0,0,0.0
2017-06-30,A_PRICE,Lajuana Vencill,1,81DXTTI5,94,5482.0,1,5536.0
2017-06-30,A_PRICE,Lajuana Vencill,2,8KBVRQHD,94,5482.0,0,0.0
2017-06-30,A_PRICE,Lajuana Vencill,3,EQZGV36H,94,5482.0,0,0.0
2017-06-30,A_PRICE,Lajuana Vencill,4,1L2S3CMT,63,3393.0,0,0.0
2017-06-30,A_PRICE,Lajuana Vencill,5,5JIXFMFY,63,3393.0,0,0.0
2017-06-30,A_PRICE,Markita Hansen,1,5URQT67R,100,26768.0,0,0.0
2017-06-30,A_PRICE,Markita Hansen,2,CQZSFN7C,100,26768.0,0,0.0
2017-06-30,A_PRICE,Markita Hansen,3,GL1YE4PQ,100,26768.0,0,0.0
2017-06-30,A_PRICE,Markita Hansen,4,LSJ2A8ZX,100,26768.0,0,0.0
2017-06-30,A_PRICE,Markita Hansen,5,N3GVE0VP,100,26768.0,0,0.0
2017-06-30,A_PRICE,Marty Freudenburg,1,06AIY3IS,94,5482.0,0,0.0
2017-06-30,A_PRICE,Marty Freudenburg,2,94TA0AWF,94,5482.0,0,0.0
2017-06-30,A_PRICE,Marty Freudenburg,3,ESH4HX52,94,5482.0,0,0.0
2017-06-30,A_PRICE,Marty Freudenburg,4,G1XX0IB4,94,5482.0,1,4181.0
2017-06-30,A_PRICE,Marty Freudenburg,5,JGG9CO2Y,94,5482.0,0,0.0
2017-06-30,A_PRICE,Maureen Marcano,1,1GIP77EP,94,5482.0,0,0.0
2017-06-30,A_PRICE,Maureen Marcano,2,4NAHJMYM,94,5482.0,0,0.0
2017-06-30,A_PRICE,Maureen Marcano,3,6V7OMXY5,94,5482.0,0,0.0
2017-06-30,A_PRICE,Maureen Marcano,4,D62905BC,94,5482.0,0,0.0
2017-06-30,A_PRICE,Maureen Marcano,5,MNTHSHH6,94,5482.0,1,5909.0
2017-06-30,A_PRICE,Moses Frase,1,81LMZHD1,94,5482.0,0,0.0
2017-06-30,A_PRICE,Moses Frase,2,CGEXH2QO,94,5482.0,0,0.0
2017-06-30,A_PRICE,Moses Frase,3,X2ZONP2D,94,5482.0,0,0.0
2017-06-30,A_PRICE,Moses Frase,4,0MNAGD91,63,3393.0,1,3355.0
2017-06-30,A_PRICE,Moses Frase,5,40VSPND6,63,3393.0,0,0.0
2017-06-30,A_PRICE,Niesha Huffines,1,9KYX5G9K,94,5482.0,1,4766.0
2017-06-30,A_PRICE,Niesha Huffines,2,2ZEFCKS3,80,4821.0,0,0.0
2017-06-30,A_PRICE,Niesha Huffines,3,JT1UUOXN,80,4821.0,0,0.0
2017-06-30,A_PRICE,Niesha Huffines,4,ON9H54WD,80,4821.0,0,0.0
2017-06-30,A_PRICE,Niesha Huffines,5,WGSS08LF,80,4821.0,0,0.0
2017-06-30,A_PRICE,Reed Clapper,1,4T9CQH5J,94,5482.0,0,0.0
2017-06-30,A_PRICE,Reed Clapper,2,5J1C46RJ,94,5482.0,0,0.0
2017-06-30,A_PRICE,Reed Clapper,3,8M3H9UME,94,5482.0,0,0.0
2017-06-30,A_PRICE,Reed Clapper,4,96A1GDXO,94,5482.0,0,0.0
2017-06-30,A_PRICE,Reed Clapper,5,RNH95U0V,94,5482.0,0,0.0
2017-06-30,A_PRICE,Rosalina Dieter,1,4X3H9YD5,100,26768.0,0,0.0
2017-06-30,A_PRICE,Rosalina Dieter,2,83JP1K4E,100,26768.0,0,0.0
2017-06-30,A_PRICE,Rosalina Dieter,3,IN9S33CD,94,5482.0,0,0.0
2017-06-30,A_PRICE,Rosalina Dieter,4,7K0S2P6K,80,4821.0,0,0.0
2017-06-30,A_PRICE,Rosalina Dieter,5,FEGSJ8QI,80,4821.0,0,0.0
2017-06-30,A_PRICE,Rosie Papadopoulos,1,AF7XJNED,94,5482.0,0,0.0
2017-06-30,A_PRICE,Rosie Papadopoulos,2,NOO83M87,94,5482.0,0,0.0
2017-06-30,A_PRICE,Rosie Papadopoulos,3,Q8BZ3PC9,94,5482.0,0,0.0
2017-06-30,A_PRICE,Rosie Papadopoulos,4,4ZGA57SX,80,4821.0,0,0.0
2017-06-30,A_PRICE,Rosie Papadopoulos,5,96798U7Y,80,4821.0,0,0.0
2017-06-30,A_PRICE,Versie Hillebrand,1,ACOJBA02,94,5482.0,1,4813.0
2017-06-30,A_PRICE,Versie Hillebrand,2,N7KJ821I,94,5482.0,0,0.0
2017-06-30,A_PRICE,Versie Hillebrand,3,QYTGB5LA,94,5482.0,0,0.0
2017-06-30,A_PRICE,Versie Hillebrand,4,42YPT5L7,63,3393.0,1,3548.0
2017-06-30,A_PRICE,Versie Hillebrand,5,7U225819,63,3393.0,0,0.0
2017-06-30,A_PRICE,Vicki Laflamme,1,1GT10YJD,94,5482.0,0,0.0
2017-06-30,A_PRICE,Vicki Laflamme,2,1R8VKE8O,94,5482.0,0,0.0
2017-06-30,A_PRICE,Vicki Laflamme,3,2FNTCPOU,94,5482.0,0,0.0
2017-06-30,A_PRICE,Vicki Laflamme,4,34YT99YN,94,5482.0,0,0.0
2017-06-30,A_PRICE,Vicki Laflamme,5,5BAGWGAG,94,5482.0,0,0.0
2017-06-30,A_PRICE,Violet Mclelland,1,8GE7FY98,80,4821.0,0,0.0
2017-06-30,A_PRICE,Violet Mclelland,2,9824T94P,80,4821.0,1,5159.0
2017-06-30,A_PRICE,Violet Mclelland,3,CUV49MUR,80,4821.0,0,0.0
2017-06-30,A_PRICE,Violet Mclelland,4,DE5WRZ6B,80,4821.0,0,0.0
2017-06-30,A_PRICE,Violet Mclelland,5,NOLCZMV6,80,4821.0,0,0.0
2017-06-30,A_PRICE,Wilburn Farren,1,DN6SG3US,94,5482.0,0,0.0
2017-06-30,A_PRICE,Wilburn Farren,2,TV300INP,94,5482.0,0,0.0
2017-06-30,A_PRICE,Wilburn Farren,3,YW14K7PE,94,5482.0,0,0.0
2017-06-30,A_PRICE,Wilburn Farren,4,89P5UVQ0,80,4821.0,0,0.0
2017-06-30,A_PRICE,Wilburn Farren,5,I967JINR,80,4821.0,0,0.0
2017-06-30,A_PRICE,Zane Levy,1,43LFUTVM,94,5482.0,0,0.0
2017-06-30,A_PRICE,Zane Levy,2,6UUTR15S,94,5482.0,0,0.0
2017-06-30,A_PRICE,Zane Levy,3,8WB5HXOB,94,5482.0,0,0.0
2017-06-30,A_PRICE,Zane Levy,4,9UYUV724,94,5482.0,0,0.0
2017-06-30,A_PRICE,Zane Levy,5,LNX7ULEG,94,5482.0,0,0.0
2017-06-30,B_AGE_PRICE,Anna Snelling,1,M16WB7N8,93,5482.0,0,0.0
2017-06-30,B_AGE_PRICE,Anna Snelling,2,9KN4MG14,87,5482.0,0,0.0
2017-06-30,B_AGE_PRICE,Anna Snelling,3,066V2ZGP,84,3393.0,0,0.0
2017-06-30,B_AGE_PRICE,Anna Snelling,4,4Z7B0OQB,82,3393.0,0,0.0
2017-06-30,B_AGE_PRICE,Anna Snelling,5,MELHF0ZP,77,5482.0,0,0.0
2017-06-30,B_AGE_PRICE,Boris Faz,1,R5RSH4JV,99,5482.0,0,0.0
2017-06-30,B_AGE_PRICE,Boris Faz,2,6HG76L6U,99,4821.0,0,0.0
2017-06-30,B_AGE_PRICE,Boris Faz,3,QCNOCX0P,94,4821.0,0,0.0
2017-06-30,B_AGE_PRICE,Boris Faz,4,OIO2H2MY,91,5482.0,0,0.0
2017-06-30,B_AGE_PRICE,Boris Faz,5,OJMME9V9,90,5482.0,0,0.0
2017-06-30,B_AGE_PRICE,Cassey Cress,1,QRQ8C6MQ,98,4821.0,0,0.0
2017-06-30,B_AGE_PRICE,Cassey Cress,2,M41NS5DN,97,5482.0,0,0.0
2017-06-30,B_AGE_PRICE,Cassey Cress,3,MB7G8DWS,97,5482.0,0,0.0
2017-06-30,B_AGE_PRICE,Cassey Cress,4,9FPDDSIJ,97,4821.0,0,0.0
2017-06-30,B_AGE_PRICE,Cassey Cress,5,WW1WV7IT,95,4821.0,0,0.0
2017-06-30,B_AGE_PRICE,Cecily Lampkin,1,9SBO74M5,83,3393.0,0,0.0
2017-06-30,B_AGE_PRICE,Cecily Lampkin,2,N60TC14O,79,5482.0,0,0.0
2017-06-30,B_AGE_PRICE,Cecily Lampkin,3,OU9O62Y7,70,5482.0,0,0.0
2017-06-30,B_AGE_PRICE,Cecily Lampkin,4,UKECBJV5,69,5482.0,0,0.0
2017-06-30,B_AGE_PRICE,Cecily Lampkin,5,SMU4542Q,45,1096.0,0,0.0
2017-06-30,B_AGE_PRICE,Corliss Cosme,1,W24IDMVV,99,5482.0,0,0.0
2017-06-30,B_AGE_PRICE,Corliss Cosme,2,KVR52YDI,98,4821.0,0,0.0
2017-06-30,B_AGE_PRICE,Corliss Cosme,3,LXZD2PZD,96,5482.0,0,0.0
2017-06-30,B_AGE_PRICE,Corliss Cosme,4,CVFUMOK9,95,5482.0,0,0.0
2017-06-30,B_AGE_PRICE,Corliss Cosme,5,RXAQJKSL,93,5482.0,0,0.0
2017-06-30,B_AGE_PRICE,Daniell Hammack,1,RQULJHTU,98,5482.0,0,0.0
2017-06-30,B_AGE_PRICE,Daniell Hammack,2,V74O6XQT,97,4821.0,0,0.0
2017-06-30,B_AGE_PRICE,Daniell Hammack,3,FM505XD5,96,5482.0,0,0.0
2017-06-30,B_AGE_PRICE,Daniell Hammack,4,6R6S91WE,96,4821.0,0,0.0
2017-06-30,B_AGE_PRICE,Daniell Hammack,5,KKRJ6TBY,95,4821.0,0,0.0
2017-06-30,B_AGE_PRICE,Darcel Schlecht,1,HBIQF55L,93,4821.0,0,0.0
2017-06-30,B_AGE_PRICE,Darcel Schlecht,2,P0BMLVSL,93,4821.0,0,0.0
2017-06-30,B_AGE_PRICE,Darcel Schlecht,3,D5TGHX3Y,92,4821.0,0,0.0
2017-06-30,B_AGE_PRICE,Darcel Schlecht,4,ZA6AJ0N1,91,4821.0,0,0.0
2017-06-30,B_AGE_PRICE,Darcel Schlecht,5,2NPSMBLK,89,4821.0,0,0.0
2017-06-30,B_AGE_PRICE,Donn Cantrell,1,R9TWUEAT,88,5482.0,0,0.0
2017-06-30,B_AGE_PRICE,Donn Cantrell,2,0G0S9TB8,88,4821.0,0,0.0
2017-06-30,B_AGE_PRICE,Donn Cantrell,3,BCA3ICIO,87,5482.0,0,0.0
2017-06-30,B_AGE_PRICE,Donn Cantrell,4,QK5BW61U,87,3393.0,0,0.0
2017-06-30,B_AGE_PRICE,Donn Cantrell,5,GQFRHJF6,84,4821.0,0,0.0
2017-06-30,B_AGE_PRICE,Elease Gluck,1,AKMV6WN5,100,26768.0,0,0.0
2017-06-30,B_AGE_PRICE,Elease Gluck,2,DJMPI9TO,100,26768.0,0,0.0
2017-06-30,B_AGE_PRICE,Elease Gluck,3,GG85QBTM,97,26768.0,0,0.0
2017-06-30,B_AGE_PRICE,Elease Gluck,4,2HS1C21I,95,4821.0,0,0.0
2017-06-30,B_AGE_PRICE,Elease Gluck,5,WUNMIJW9,94,3393.0,0,0.0
2017-06-30,B_AGE_PRICE,Garret Kinder,1,MUYUSTKF,92,5482.0,0,0.0
2017-06-30,B_AGE_PRICE,Garret Kinder,2,XH01XH1F,86,4821.0,0,0.0
2017-06-30,B_AGE_PRICE,Garret Kinder,3,S8ALJKKH,84,4821.0,0,0.0
2017-06-30,B_AGE_PRICE,Garret Kinder,4,POXC3DA1,83,5482.0,0,0.0
2017-06-30,B_AGE_PRICE,Garret Kinder,5,ZA1YVJQC,80,3393.0,0,0.0
2017-06-30,B_AGE_PRICE,Gladys Colclough,1,KCTYAQOR,89,4821.0,0,0.0
2017-06-30,B_AGE_PRICE,Gladys Colclough,2,U48PDN1F,86,4821.0,0,0.0
2017-06-30,B_AGE_PRICE,Gladys Colclough,3,KMGXUADZ,81,4821.0,0,0.0
2017-06-30,B_AGE_PRICE,Gladys Colclough,4,DLQTM07N,80,4821.0,0,0.0
2017-06-30,B_AGE_PRICE,Gladys Colclough,5,ZT6D57ED,78,5482.0,0,0.0
2017-06-30,B_AGE_PRICE,Hayden Neloms,1,SWJ9OOZU,96,3393.0,0,0.0
2017-06-30,B_AGE_PRICE,Hayden Neloms,2,9X2S0K15,95,3393.0,0,0.0
2017-06-30,B_AGE_PRICE,Hayden Neloms,3,ESZY10SI,95,3393.0,0,0.0
2017-06-30,B_AGE_PRICE,Hayden Neloms,4,MRCYKUX4,93,3393.0,0,0.0
2017-06-30,B_AGE_PRICE,Hayden Neloms,5,FWTNRN0L,92,5482.0,0,0.0
2017-06-30,B_AGE_PRICE,James Ascencio,1,1B27CZ2M,99,5482.0,0,0.0
2017-06-30,B_AGE_PRICE,James Ascencio,2,JSZZN48S,99,5482.0,0,0.0
2017-06-30,B_AGE_PRICE,James Ascencio,3,X1D1HYMM,99,5482.0,0,0.0
2017-06-30,B_AGE_PRICE,James Ascencio,4,DQ7GS2BN,97,5482.0,0,0.0
2017-06-30,B_AGE_PRICE,James Ascencio,5,97PFKCPG,96,4821.0,0,0.0
2017-06-30,B_AGE_PRICE,Jonathan Berthelot,1,0IF5FH68,94,5482.0,0,0.0
2017-06-30,B_AGE_PRICE,Jonathan Berthelot,2,GVCMT0GZ,88,4821.0,0,0.0
2017-06-30,B_AGE_PRICE,Jonathan Berthelot,3,Z64MQTF2,87,4821.0,0,0.0
2017-06-30,B_AGE_PRICE,Jonathan Berthelot,4,D6XIVDQF,85,4821.0,0,0.0
2017-06-30,B_AGE_PRICE,Jonathan Berthelot,5,VA2JJZXD,83,4821.0,0,0.0
2017-06-30,B_AGE_PRICE,Kami Bicknell,1,JQA8H6M5,99,5482.0,0,0.0
2017-06-30,B_AGE_PRICE,Kami Bicknell,2,NR947OAB,98,4821.0,0,0.0
2017-06-30,B_AGE_PRICE,Kami Bicknell,3,QHJ3W8FW,97,4821.0,0,0.0
2017-06-30,B_AGE_PRICE,Kami Bicknell,4,D5VY17OP,95,4821.0,0,0.0
2017-06-30,B_AGE_PRICE,Kami Bicknell,5,4E5A84H1,95,3393.0,0,0.0
2017-06-30,B_AGE_PRICE,Kary Hendrixson,1,9E8A7MQ8,99,5482.0,0,0.0
2017-06-30,B_AGE_PRICE,Kary Hendrixson,2,INBGKE14,99,4821.0,0,0.0
2017-06-30,B_AGE_PRICE,Kary Hendrixson,3,04YGLJ3N,98,5482.0,0,0.0
2017-06-30,B_AGE_PRICE,Kary Hendrixson,4,ZG8WPG99,98,4821.0,0,0.0
2017-06-30,B_AGE_PRICE,Kary Hendrixson,5,5G4I94TF,97,5482.0,0,0.0
2017-06-30,B_AGE_PRICE,Lajuana Vencill,1,EQZGV36H,92,5482.0,0,0.0
2017-06-30,B_AGE_PRICE,Lajuana Vencill,2,1L2S3CMT,82,3393.0,0,0.0
2017-06-30,B_AGE_PRICE,Lajuana Vencill,3,8KBVRQHD,78,5482.0,0,0.0
2017-06-30,B_AGE_PRICE,Lajuana Vencill,4,UQ67214Z,75,3393.0,0,0.0
2017-06-30,B_AGE_PRICE,Lajuana Vencill,5,JRAAPD3L,73,3393.0,0,0.0
2017-06-30,B_AGE_PRICE,Markita Hansen,1,GL1YE4PQ,100,26768.0,0,0.0
2017-06-30,B_AGE_PRICE,Markita Hansen,2,N3GVE0VP,100,26768.0,0,0.0
2017-06-30,B_AGE_PRICE,Markita Hansen,3,SCS5H8V1,100,26768.0,0,0.0
2017-06-30,B_AGE_PRICE,Markita Hansen,4,TB27K4GC,100,26768.0,0,0.0
2017-06-30,B_AGE_PRICE,Markita Hansen,5,MN6E59H6,98,5482.0,0,0.0
2017-06-30,B_AGE_PRICE,Marty Freudenburg,1,LPY6VIZV,88,5482.0,0,0.0
2017-06-30,B_AGE_PRICE,Marty Freudenburg,2,06AIY3IS,77,5482.0,0,0.0
2017-06-30,B_AGE_PRICE,Marty Freudenburg,3,KAPP0SBT,77,3393.0,0,0.0
2017-06-30,B_AGE_PRICE,Marty Freudenburg,4,HDITQL1S,75,3393.0,0,0.0
2017-06-30,B_AGE_PRICE,Marty Freudenburg,5,TLT4JJ0U,74,3393.0,0,0.0
2017-06-30,B_AGE_PRICE,Maureen Marcano,1,1GIP77EP,99,5482.0,0,0.0
2017-06-30,B_AGE_PRICE,Maureen Marcano,2,03VCDZEE,99,4821.0,0,0.0
2017-06-30,B_AGE_PRICE,Maureen Marcano,3,D62905BC,96,5482.0,0,0.0
2017-06-30,B_AGE_PRICE,Maureen Marcano,4,VJ5QGP8Z,96,3393.0,0,0.0
2017-06-30,B_AGE_PRICE,Maureen Marcano,5,FZC2J90W,95,3393.0,0,0.0
2017-06-30,B_AGE_PRICE,Moses Frase,1,NYLCZ28K,85,3393.0,0,0.0
2017-06-30,B_AGE_PRICE,Moses Frase,2,C2RL3DUQ,72,3393.0,0,0.0
2017-06-30,B_AGE_PRICE,Moses Frase,3,81LMZHD1,64,5482.0,0,0.0
2017-06-30,B_AGE_PRICE,Moses Frase,4,TEKCKT3V,60,1096.0,0,0.0
2017-06-30,B_AGE_PRICE,Moses Frase,5,UNSJJUY4,49,550.0,0,0.0
2017-06-30,B_AGE_PRICE,Niesha Huffines,1,2ZEFCKS3,91,4821.0,0,0.0
2017-06-30,B_AGE_PRICE,Niesha Huffines,2,WGSS08LF,81,4821.0,0,0.0
2017-06-30,B_AGE_PRICE,Niesha Huffines,3,IRODLEGG,66,3393.0,0,0.0
2017-06-30,B_AGE_PRICE,Niesha Huffines,4,CE852VBF,61,1096.0,0,0.0
2017-06-30,B_AGE_PRICE,Niesha Huffines,5,WB974HS4,61,1096.0,0,0.0
2017-06-30,B_AGE_PRICE,Reed Clapper,1,4T9CQH5J,90,5482.0,0,0.0
2017-06-30,B_AGE_PRICE,Reed Clapper,2,96A1GDXO,90,5482.0,0,0.0
2017-06-30,B_AGE_PRICE,Reed Clapper,3,RNH95U0V,87,5482.0,0,0.0
2017-06-30,B_AGE_PRICE,Reed Clapper,4,1WJT7CM8,81,3393.0,0,0.0
2017-06-30,B_AGE_PRICE,Reed Clapper,5,AZX4XC81,79,3393.0,0,0.0
2017-06-30,B_AGE_PRICE,Rosalina Dieter,1,4X3H9YD5,100,26768.0,0,0.0
2017-06-30,B_AGE_PRICE,Rosalina Dieter,2,83JP1K4E,100,26768.0,0,0.0
2017-06-30,B_AGE_PRICE,Rosalina Dieter,3,IN9S33CD,98,5482.0,0,0.0
2017-06-30,B_AGE_PRICE,Rosalina Dieter,4,E887HZT1,96,3393.0,0,0.0
2017-06-30,B_AGE_PRICE,Rosalina Dieter,5,7K0S2P6K,93,4821.0,0,0.0
2017-06-30,B_AGE_PRICE,Rosie Papadopoulos,1,AF7XJNED,98,5482.0,0,0.0
2017-06-30,B_AGE_PRICE,Rosie Papadopoulos,2,Q8BZ3PC9,94,5482.0,0,0.0
2017-06-30,B_AGE_PRICE,Rosie Papadopoulos,3,A1TDRYHZ,93,3393.0,0,0.0
2017-06-30,B_AGE_PRICE,Rosie Papadopoulos,4,XOVYPE58,92,4821.0,0,0.0
2017-06-30,B_AGE_PRICE,Rosie Papadopoulos,5,NOO83M87,90,5482.0,0,0.0
2017-06-30,B_AGE_PRICE,Versie Hillebrand,1,QYTGB5LA,91,5482.0,0,0.0
2017-06-30,B_AGE_PRICE,Versie Hillebrand,2,N7KJ821I,89,5482.0,0,0.0
2017-06-30,B_AGE_PRICE,Versie Hillebrand,3,QRFKRSKS,85,3393.0,0,0.0
2017-06-30,B_AGE_PRICE,Versie Hillebrand,4,ER3G544S,79,3393.0,0,0.0
2017-06-30,B_AGE_PRICE,Versie Hillebrand,5,7U225819,74,3393.0,0,0.0
2017-06-30,B_AGE_PRICE,Vicki Laflamme,1,B06D1F9M,99,4821.0,0,0.0
2017-06-30,B_AGE_PRICE,Vicki Laflamme,2,Y7N97FW8,99,4821.0,0,0.0
2017-06-30,B_AGE_PRICE,Vicki Laflamme,3,1GT10YJD,98,5482.0,0,0.0
2017-06-30,B_AGE_PRICE,Vicki Laflamme,4,84LN84VM,96,3393.0,0,0.0
2017-06-30,B_AGE_PRICE,Vicki Laflamme,5,RVH3UUKY,96,3393.0,0,0.0
2017-06-30,B_AGE_PRICE,Violet Mclelland,1,NOLCZMV6,99,4821.0,0,0.0
2017-06-30,B_AGE_PRICE,Violet Mclelland,2,8GE7FY98,97,4821.0,0,0.0
2017-06-30,B_AGE_PRICE,Violet Mclelland,3,GVYF29NM,95,3393.0,0,0.0
2017-06-30,B_AGE_PRICE,Violet Mclelland,4,YQ0Y0YQS,94,3393.0,0,0.0
2017-06-30,B_AGE_PRICE,Violet Mclelland,5,TJ03NDNX,91,3393.0,0,0.0
2017-06-30,B_AGE_PRICE,Wilburn Farren,1,DN6SG3US,99,5482.0,0,0.0
2017-06-30,B_AGE_PRICE,Wilburn Farren,2,TV300INP,99,5482.0,0,0.0
2017-06-30,B_AGE_PRICE,Wilburn Farren,3,0IO43YMS,96,3393.0,0,0.0
2017-06-30,B_AGE_PRICE,Wilburn Farren,4,RFQP9VCW,94,3393.0,0,0.0
2017-06-30,B_AGE_PRICE,Wilburn Farren,5,5C8HCDXT,92,3393.0,0,0.0
2017-06-30,B_AGE_PRICE,Zane Levy,1,01EH41WA,98,4821.0,0,0.0
2017-06-30,B_AGE_PRICE,Zane Levy,2,7TI1WTV9,98,4821.0,0,0.0
2017-06-30,B_AGE_PRICE,Zane Levy,3,NGCM47PC,98,4821.0,0,0.0
2017-06-30,B_AGE_PRICE,Zane Levy,4,XRDF1NAB,98,4821.0,0,0.0
2017-06-30,B_AGE_PRICE,Zane Levy,5,43LFUTVM,97,5482.0,0,0.0
2017-06-30,C_AGE_PROPENSITY_PRICE,Anna Snelling,1,9KN4MG14,96,5482.0,0,0.0
2017-06-30,C_AGE_PROPENSITY_PRICE,Anna Snelling,2,M16WB7N8,96,5482.0,0,0.0
2017-06-30,C_AGE_PROPENSITY_PRICE,Anna Snelling,3,066V2ZGP,86,3393.0,0,0.0
2017-06-30,C_AGE_PROPENSITY_PRICE,Anna Snelling,4,4Z7B0OQB,86,3393.0,0,0.0
2017-06-30,C_AGE_PROPENSITY_PRICE,Anna Snelling,5,ASC1OWNE,82,5482.0,0,0.0
2017-06-30,C_AGE_PROPENSITY_PRICE,Boris Faz,1,OIO2H2MY,96,5482.0,0,0.0
2017-06-30,C_AGE_PROPENSITY_PRICE,Boris Faz,2,OJMME9V9,96,5482.0,0,0.0
2017-06-30,C_AGE_PROPENSITY_PRICE,Boris Faz,3,R5RSH4JV,94,5482.0,0,0.0
2017-06-30,C_AGE_PROPENSITY_PRICE,Boris Faz,4,QCNOCX0P,90,4821.0,0,0.0
2017-06-30,C_AGE_PROPENSITY_PRICE,Boris Faz,5,6HG76L6U,88,4821.0,0,0.0
2017-06-30,C_AGE_PROPENSITY_PRICE,Cassey Cress,1,M41NS5DN,99,5482.0,0,0.0
2017-06-30,C_AGE_PROPENSITY_PRICE,Cassey Cress,2,9FPDDSIJ,98,4821.0,0,0.0
2017-06-30,C_AGE_PROPENSITY_PRICE,Cassey Cress,3,QRQ8C6MQ,98,4821.0,0,0.0
2017-06-30,C_AGE_PROPENSITY_PRICE,Cassey Cress,4,WW1WV7IT,98,4821.0,0,0.0
2017-06-30,C_AGE_PROPENSITY_PRICE,Cassey Cress,5,MB7G8DWS,96,5482.0,0,0.0
2017-06-30,C_AGE_PROPENSITY_PRICE,Cecily Lampkin,1,9SBO74M5,86,3393.0,0,0.0
2017-06-30,C_AGE_PROPENSITY_PRICE,Cecily Lampkin,2,8U5GBXK1,73,3393.0,0,0.0
2017-06-30,C_AGE_PROPENSITY_PRICE,Cecily Lampkin,3,HPBCTTV3,73,3393.0,0,0.0
2017-06-30,C_AGE_PROPENSITY_PRICE,Cecily Lampkin,4,WCEPUBH5,73,3393.0,0,0.0
2017-06-30,C_AGE_PROPENSITY_PRICE,Cecily Lampkin,5,N60TC14O,68,5482.0,0,0.0
2017-06-30,C_AGE_PROPENSITY_PRICE,Corliss Cosme,1,CVFUMOK9,96,5482.0,0,0.0
2017-06-30,C_AGE_PROPENSITY_PRICE,Corliss Cosme,2,HF74MC9F,96,5482.0,0,0.0
2017-06-30,C_AGE_PROPENSITY_PRICE,Corliss Cosme,3,LXZD2PZD,96,5482.0,0,0.0
2017-06-30,C_AGE_PROPENSITY_PRICE,Corliss Cosme,4,RXAQJKSL,96,5482.0,0,0.0
2017-06-30,C_AGE_PROPENSITY_PRICE,Corliss Cosme,5,W24IDMVV,94,5482.0,0,0.0
2017-06-30,C_AGE_PROPENSITY_PRICE,Daniell Hammack,1,RQULJHTU,99,5482.0,0,0.0
2017-06-30,C_AGE_PROPENSITY_PRICE,Daniell Hammack,2,6R6S91WE,98,4821.0,0,0.0
2017-06-30,C_AGE_PROPENSITY_PRICE,Daniell Hammack,3,V74O6XQT,98,4821.0,0,0.0
2017-06-30,C_AGE_PROPENSITY_PRICE,Daniell Hammack,4,0KEO3OP7,96,5482.0,0,0.0
2017-06-30,C_AGE_PROPENSITY_PRICE,Daniell Hammack,5,FM505XD5,96,5482.0,0,0.0
2017-06-30,C_AGE_PROPENSITY_PRICE,Darcel Schlecht,1,0WO582AV,90,4821.0,0,0.0
2017-06-30,C_AGE_PROPENSITY_PRICE,Darcel Schlecht,2,2NPSMBLK,90,4821.0,0,0.0
2017-06-30,C_AGE_PROPENSITY_PRICE,Darcel Schlecht,3,D5TGHX3Y,90,4821.0,0,0.0
2017-06-30,C_AGE_PROPENSITY_PRICE,Darcel Schlecht,4,GACP1E2I,90,4821.0,0,0.0
2017-06-30,C_AGE_PROPENSITY_PRICE,Darcel Schlecht,5,HBIQF55L,90,4821.0,0,0.0
2017-06-30,C_AGE_PROPENSITY_PRICE,Donn Cantrell,1,BCA3ICIO,96,5482.0,0,0.0
2017-06-30,C_AGE_PROPENSITY_PRICE,Donn Cantrell,2,R9TWUEAT,96,5482.0,0,0.0
2017-06-30,C_AGE_PROPENSITY_PRICE,Donn Cantrell,3,0G0S9TB8,90,4821.0,0,0.0
2017-06-30,C_AGE_PROPENSITY_PRICE,Donn Cantrell,4,QK5BW61U,86,3393.0,0,0.0
2017-06-30,C_AGE_PROPENSITY_PRICE,Donn Cantrell,5,AMGC18DS,82,5482.0,0,0.0
2017-06-30,C_AGE_PROPENSITY_PRICE,Elease Gluck,1,AKMV6WN5,100,26768.0,0,0.0
2017-06-30,C_AGE_PROPENSITY_PRICE,Elease Gluck,2,DJMPI9TO,100,26768.0,0,0.0
2017-06-30,C_AGE_PROPENSITY_PRICE,Elease Gluck,3,GG85QBTM,99,26768.0,0,0.0
2017-06-30,C_AGE_PROPENSITY_PRICE,Elease Gluck,4,WUNMIJW9,93,3393.0,0,0.0
2017-06-30,C_AGE_PROPENSITY_PRICE,Elease Gluck,5,2HS1C21I,90,4821.0,0,0.0
2017-06-30,C_AGE_PROPENSITY_PRICE,Garret Kinder,1,MUYUSTKF,96,5482.0,0,0.0
2017-06-30,C_AGE_PROPENSITY_PRICE,Garret Kinder,2,XH01XH1F,90,4821.0,0,0.0
2017-06-30,C_AGE_PROPENSITY_PRICE,Garret Kinder,3,ZA1YVJQC,86,3393.0,0,0.0
2017-06-30,C_AGE_PROPENSITY_PRICE,Garret Kinder,4,WB44DF28,77,4821.0,0,0.0
2017-06-30,C_AGE_PROPENSITY_PRICE,Garret Kinder,5,0UCQUW6U,73,3393.0,0,0.0
2017-06-30,C_AGE_PROPENSITY_PRICE,Gladys Colclough,1,KCTYAQOR,90,4821.0,0,0.0
2017-06-30,C_AGE_PROPENSITY_PRICE,Gladys Colclough,2,U48PDN1F,90,4821.0,0,0.0
2017-06-30,C_AGE_PROPENSITY_PRICE,Gladys Colclough,3,07FRJ44N,82,5482.0,0,0.0
2017-06-30,C_AGE_PROPENSITY_PRICE,Gladys Colclough,4,07WKR17A,82,5482.0,0,0.0
2017-06-30,C_AGE_PROPENSITY_PRICE,Gladys Colclough,5,G1303HIC,77,4821.0,1,5081.0
2017-06-30,C_AGE_PROPENSITY_PRICE,Hayden Neloms,1,FWTNRN0L,96,5482.0,0,0.0
2017-06-30,C_AGE_PROPENSITY_PRICE,Hayden Neloms,2,J6OQS0AU,93,3393.0,0,0.0
2017-06-30,C_AGE_PROPENSITY_PRICE,Hayden Neloms,3,KMB8TJ0I,93,3393.0,0,0.0
2017-06-30,C_AGE_PROPENSITY_PRICE,Hayden Neloms,4,MRCYKUX4,93,3393.0,0,0.0
2017-06-30,C_AGE_PROPENSITY_PRICE,Hayden Neloms,5,0EYXI1UN,86,3393.0,0,0.0
2017-06-30,C_AGE_PROPENSITY_PRICE,James Ascencio,1,1B27CZ2M,99,5482.0,0,0.0
2017-06-30,C_AGE_PROPENSITY_PRICE,James Ascencio,2,97PFKCPG,98,4821.0,0,0.0
2017-06-30,C_AGE_PROPENSITY_PRICE,James Ascencio,3,1CZU97OX,96,5482.0,0,0.0
2017-06-30,C_AGE_PROPENSITY_PRICE,James Ascencio,4,DQ7GS2BN,96,5482.0,0,0.0
2017-06-30,C_AGE_PROPENSITY_PRICE,James Ascencio,5,EF24VTVA,96,5482.0,0,0.0
2017-06-30,C_AGE_PROPENSITY_PRICE,Jonathan Berthelot,1,0IF5FH68,96,5482.0,0,0.0
2017-06-30,C_AGE_PROPENSITY_PRICE,Jonathan Berthelot,2,D6XIVDQF,90,4821.0,0,0.0
2017-06-30,C_AGE_PROPENSITY_PRICE,Jonathan Berthelot,3,GVCMT0GZ,90,4821.0,0,0.0
2017-06-30,C_AGE_PROPENSITY_PRICE,Jonathan Berthelot,4,Z64MQTF2,90,4821.0,0,0.0
2017-06-30,C_AGE_PROPENSITY_PRICE,Jonathan Berthelot,5,L58MN75X,77,4821.0,0,0.0
2017-06-30,C_AGE_PROPENSITY_PRICE,Kami Bicknell,1,QHJ3W8FW,98,4821.0,0,0.0
2017-06-30,C_AGE_PROPENSITY_PRICE,Kami Bicknell,2,EYNZMBI0,96,5482.0,0,0.0
2017-06-30,C_AGE_PROPENSITY_PRICE,Kami Bicknell,3,JQA8H6M5,94,5482.0,0,0.0
2017-06-30,C_AGE_PROPENSITY_PRICE,Kami Bicknell,4,D5VY17OP,90,4821.0,0,0.0
2017-06-30,C_AGE_PROPENSITY_PRICE,Kami Bicknell,5,FSEF5ZR9,90,4821.0,0,0.0
2017-06-30,C_AGE_PROPENSITY_PRICE,Kary Hendrixson,1,04YGLJ3N,99,5482.0,0,0.0
2017-06-30,C_AGE_PROPENSITY_PRICE,Kary Hendrixson,2,5G4I94TF,99,5482.0,0,0.0
2017-06-30,C_AGE_PROPENSITY_PRICE,Kary Hendrixson,3,CR6ZLEWC,99,5482.0,0,0.0
2017-06-30,C_AGE_PROPENSITY_PRICE,Kary Hendrixson,4,LIQZNH9U,99,5482.0,0,0.0
2017-06-30,C_AGE_PROPENSITY_PRICE,Kary Hendrixson,5,7PXJ92C5,98,4821.0,0,0.0
2017-06-30,C_AGE_PROPENSITY_PRICE,Lajuana Vencill,1,EQZGV36H,96,5482.0,0,0.0
2017-06-30,C_AGE_PROPENSITY_PRICE,Lajuana Vencill,2,1L2S3CMT,86,3393.0,0,0.0
2017-06-30,C_AGE_PROPENSITY_PRICE,Lajuana Vencill,3,81DXTTI5,82,5482.0,1,5536.0
2017-06-30,C_AGE_PROPENSITY_PRICE,Lajuana Vencill,4,CBYRECX6,73,3393.0,0,0.0
2017-06-30,C_AGE_PROPENSITY_PRICE,Lajuana Vencill,5,FGES2PQ2,73,3393.0,0,0.0
2017-06-30,C_AGE_PROPENSITY_PRICE,Markita Hansen,1,CQZSFN7C,100,26768.0,0,0.0
2017-06-30,C_AGE_PROPENSITY_PRICE,Markita Hansen,2,GL1YE4PQ,100,26768.0,0,0.0
2017-06-30,C_AGE_PROPENSITY_PRICE,Markita Hansen,3,SCS5H8V1,100,26768.0,0,0.0
2017-06-30,C_AGE_PROPENSITY_PRICE,Markita Hansen,4,5URQT67R,99,26768.0,0,0.0
2017-06-30,C_AGE_PROPENSITY_PRICE,Markita Hansen,5,LSJ2A8ZX,99,26768.0,0,0.0
2017-06-30,C_AGE_PROPENSITY_PRICE,Marty Freudenburg,1,LPY6VIZV,96,5482.0,0,0.0
2017-06-30,C_AGE_PROPENSITY_PRICE,Marty Freudenburg,2,KAPP0SBT,86,3393.0,0,0.0
2017-06-30,C_AGE_PROPENSITY_PRICE,Marty Freudenburg,3,94TA0AWF,82,5482.0,0,0.0
2017-06-30,C_AGE_PROPENSITY_PRICE,Marty Freudenburg,4,ESH4HX52,82,5482.0,0,0.0
2017-06-30,C_AGE_PROPENSITY_PRICE,Marty Freudenburg,5,G1XX0IB4,82,5482.0,1,4181.0
2017-06-30,C_AGE_PROPENSITY_PRICE,Maureen Marcano,1,4NAHJMYM,96,5482.0,0,0.0
2017-06-30,C_AGE_PROPENSITY_PRICE,Maureen Marcano,2,D62905BC,96,5482.0,0,0.0
2017-06-30,C_AGE_PROPENSITY_PRICE,Maureen Marcano,3,MV227O65,96,5482.0,0,0.0
2017-06-30,C_AGE_PROPENSITY_PRICE,Maureen Marcano,4,R1K16RZO,96,5482.0,0,0.0
2017-06-30,C_AGE_PROPENSITY_PRICE,Maureen Marcano,5,1GIP77EP,94,5482.0,0,0.0
2017-06-30,C_AGE_PROPENSITY_PRICE,Moses Frase,1,NYLCZ28K,86,3393.0,0,0.0
2017-06-30,C_AGE_PROPENSITY_PRICE,Moses Frase,2,81LMZHD1,82,5482.0,0,0.0
2017-06-30,C_AGE_PROPENSITY_PRICE,Moses Frase,3,CGEXH2QO,82,5482.0,0,0.0
2017-06-30,C_AGE_PROPENSITY_PRICE,Moses Frase,4,X2ZONP2D,82,5482.0,0,0.0
2017-06-30,C_AGE_PROPENSITY_PRICE,Moses Frase,5,0MNAGD91,73,3393.0,1,3355.0
2017-06-30,C_AGE_PROPENSITY_PRICE,Niesha Huffines,1,2ZEFCKS3,90,4821.0,0,0.0
2017-06-30,C_AGE_PROPENSITY_PRICE,Niesha Huffines,2,9KYX5G9K,82,5482.0,1,4766.0
2017-06-30,C_AGE_PROPENSITY_PRICE,Niesha Huffines,3,JT1UUOXN,77,4821.0,0,0.0
2017-06-30,C_AGE_PROPENSITY_PRICE,Niesha Huffines,4,ON9H54WD,77,4821.0,0,0.0
2017-06-30,C_AGE_PROPENSITY_PRICE,Niesha Huffines,5,WGSS08LF,64,4821.0,0,0.0
2017-06-30,C_AGE_PROPENSITY_PRICE,Reed Clapper,1,4T9CQH5J,96,5482.0,0,0.0
2017-06-30,C_AGE_PROPENSITY_PRICE,Reed Clapper,2,96A1GDXO,96,5482.0,0,0.0
2017-06-30,C_AGE_PROPENSITY_PRICE,Reed Clapper,3,RNH95U0V,96,5482.0,0,0.0
2017-06-30,C_AGE_PROPENSITY_PRICE,Reed Clapper,4,1WJT7CM8,86,3393.0,0,0.0
2017-06-30,C_AGE_PROPENSITY_PRICE,Reed Clapper,5,AZX4XC81,86,3393.0,0,0.0
2017-06-30,C_AGE_PROPENSITY_PRICE,Rosalina Dieter,1,4X3H9YD5,99,26768.0,0,0.0
2017-06-30,C_AGE_PROPENSITY_PRICE,Rosalina Dieter,2,83JP1K4E,99,26768.0,0,0.0
2017-06-30,C_AGE_PROPENSITY_PRICE,Rosalina Dieter,3,IN9S33CD,99,5482.0,0,0.0
2017-06-30,C_AGE_PROPENSITY_PRICE,Rosalina Dieter,4,10IY4PV4,93,3393.0,0,0.0
2017-06-30,C_AGE_PROPENSITY_PRICE,Rosalina Dieter,5,7K0S2P6K,90,4821.0,0,0.0
2017-06-30,C_AGE_PROPENSITY_PRICE,Rosie Papadopoulos,1,AF7XJNED,99,5482.0,0,0.0
2017-06-30,C_AGE_PROPENSITY_PRICE,Rosie Papadopoulos,2,NOO83M87,96,5482.0,0,0.0
2017-06-30,C_AGE_PROPENSITY_PRICE,Rosie Papadopoulos,3,Q8BZ3PC9,96,5482.0,0,0.0
2017-06-30,C_AGE_PROPENSITY_PRICE,Rosie Papadopoulos,4,A1TDRYHZ,93,3393.0,0,0.0
2017-06-30,C_AGE_PROPENSITY_PRICE,Rosie Papadopoulos,5,FHWXZ6HL,90,4821.0,0,0.0
2017-06-30,C_AGE_PROPENSITY_PRICE,Versie Hillebrand,1,N7KJ821I,96,5482.0,0,0.0
2017-06-30,C_AGE_PROPENSITY_PRICE,Versie Hillebrand,2,QYTGB5LA,96,5482.0,0,0.0
2017-06-30,C_AGE_PROPENSITY_PRICE,Versie Hillebrand,3,ER3G544S,86,3393.0,0,0.0
2017-06-30,C_AGE_PROPENSITY_PRICE,Versie Hillebrand,4,QRFKRSKS,86,3393.0,0,0.0
2017-06-30,C_AGE_PROPENSITY_PRICE,Versie Hillebrand,5,ACOJBA02,82,5482.0,1,4813.0
2017-06-30,C_AGE_PROPENSITY_PRICE,Vicki Laflamme,1,1GT10YJD,99,5482.0,0,0.0
2017-06-30,C_AGE_PROPENSITY_PRICE,Vicki Laflamme,2,DOGKQHQP,98,4821.0,0,0.0
2017-06-30,C_AGE_PROPENSITY_PRICE,Vicki Laflamme,3,5BAGWGAG,96,5482.0,0,0.0
2017-06-30,C_AGE_PROPENSITY_PRICE,Vicki Laflamme,4,E8QHX9TE,96,5482.0,0,0.0
2017-06-30,C_AGE_PROPENSITY_PRICE,Vicki Laflamme,5,IGHYUSN8,96,5482.0,0,0.0
2017-06-30,C_AGE_PROPENSITY_PRICE,Violet Mclelland,1,8GE7FY98,98,4821.0,0,0.0
2017-06-30,C_AGE_PROPENSITY_PRICE,Violet Mclelland,2,G3SJ8X1K,93,3393.0,0,0.0
2017-06-30,C_AGE_PROPENSITY_PRICE,Violet Mclelland,3,TJ03NDNX,93,3393.0,0,0.0
2017-06-30,C_AGE_PROPENSITY_PRICE,Violet Mclelland,4,YQ0Y0YQS,93,3393.0,0,0.0
2017-06-30,C_AGE_PROPENSITY_PRICE,Violet Mclelland,5,DE5WRZ6B,90,4821.0,0,0.0
2017-06-30,C_AGE_PROPENSITY_PRICE,Wilburn Farren,1,TV300INP,99,5482.0,0,0.0
2017-06-30,C_AGE_PROPENSITY_PRICE,Wilburn Farren,2,DN6SG3US,94,5482.0,0,0.0
2017-06-30,C_AGE_PROPENSITY_PRICE,Wilburn Farren,3,5C8HCDXT,93,3393.0,0,0.0
2017-06-30,C_AGE_PROPENSITY_PRICE,Wilburn Farren,4,RFQP9VCW,93,3393.0,0,0.0
2017-06-30,C_AGE_PROPENSITY_PRICE,Wilburn Farren,5,89P5UVQ0,90,4821.0,0,0.0
2017-06-30,C_AGE_PROPENSITY_PRICE,Zane Levy,1,43LFUTVM,99,5482.0,0,0.0
2017-06-30,C_AGE_PROPENSITY_PRICE,Zane Levy,2,01EH41WA,98,4821.0,0,0.0
2017-06-30,C_AGE_PROPENSITY_PRICE,Zane Levy,3,7TI1WTV9,98,4821.0,0,0.0
2017-06-30,C_AGE_PROPENSITY_PRICE,Zane Levy,4,NGCM47PC,98,4821.0,0,0.0
2017-06-30,C_AGE_PROPENSITY_PRICE,Zane Levy,5,PD2198ZH,98,4821.0,0,0.0
2017-06-30,D_MODEL_FALLBACK_PRICE,Anna Snelling,1,M16WB7N8,97,5482.0,0,0.0
2017-06-30,D_MODEL_FALLBACK_PRICE,Anna Snelling,2,VWSFZUNS,89,5482.0,0,0.0
2017-06-30,D_MODEL_FALLBACK_PRICE,Anna Snelling,3,9KN4MG14,85,5482.0,0,0.0
2017-06-30,D_MODEL_FALLBACK_PRICE,Anna Snelling,4,ASC1OWNE,85,5482.0,0,0.0
2017-06-30,D_MODEL_FALLBACK_PRICE,Anna Snelling,5,066V2ZGP,85,3393.0,0,0.0
2017-06-30,D_MODEL_FALLBACK_PRICE,Boris Faz,1,OJMME9V9,97,5482.0,0,0.0
2017-06-30,D_MODEL_FALLBACK_PRICE,Boris Faz,2,OIO2H2MY,95,5482.0,0,0.0
2017-06-30,D_MODEL_FALLBACK_PRICE,Boris Faz,3,R5RSH4JV,93,5482.0,0,0.0
2017-06-30,D_MODEL_FALLBACK_PRICE,Boris Faz,4,QCNOCX0P,91,4821.0,0,0.0
2017-06-30,D_MODEL_FALLBACK_PRICE,Boris Faz,5,YKC8JUSY,89,5482.0,0,0.0
2017-06-30,D_MODEL_FALLBACK_PRICE,Cassey Cress,1,QRQ8C6MQ,100,4821.0,0,0.0
2017-06-30,D_MODEL_FALLBACK_PRICE,Cassey Cress,2,M41NS5DN,99,5482.0,0,0.0
2017-06-30,D_MODEL_FALLBACK_PRICE,Cassey Cress,3,9FPDDSIJ,98,4821.0,0,0.0
2017-06-30,D_MODEL_FALLBACK_PRICE,Cassey Cress,4,WW1WV7IT,97,4821.0,0,0.0
2017-06-30,D_MODEL_FALLBACK_PRICE,Cassey Cress,5,MB7G8DWS,95,5482.0,0,0.0
2017-06-30,D_MODEL_FALLBACK_PRICE,Cecily Lampkin,1,9SBO74M5,82,3393.0,0,0.0
2017-06-30,D_MODEL_FALLBACK_PRICE,Cecily Lampkin,2,N60TC14O,74,5482.0,0,0.0
2017-06-30,D_MODEL_FALLBACK_PRICE,Cecily Lampkin,3,WCEPUBH5,73,3393.0,0,0.0
2017-06-30,D_MODEL_FALLBACK_PRICE,Cecily Lampkin,4,HPBCTTV3,71,3393.0,0,0.0
2017-06-30,D_MODEL_FALLBACK_PRICE,Cecily Lampkin,5,OU9O62Y7,66,5482.0,0,0.0
2017-06-30,D_MODEL_FALLBACK_PRICE,Corliss Cosme,1,CVFUMOK9,99,5482.0,0,0.0
2017-06-30,D_MODEL_FALLBACK_PRICE,Corliss Cosme,2,HF74MC9F,96,5482.0,0,0.0
2017-06-30,D_MODEL_FALLBACK_PRICE,Corliss Cosme,3,LXZD2PZD,95,5482.0,0,0.0
2017-06-30,D_MODEL_FALLBACK_PRICE,Corliss Cosme,4,RXAQJKSL,95,5482.0,0,0.0
2017-06-30,D_MODEL_FALLBACK_PRICE,Corliss Cosme,5,S439SXI1,94,4821.0,0,0.0
2017-06-30,D_MODEL_FALLBACK_PRICE,Daniell Hammack,1,FM505XD5,99,5482.0,0,0.0
2017-06-30,D_MODEL_FALLBACK_PRICE,Daniell Hammack,2,RQULJHTU,99,5482.0,0,0.0
2017-06-30,D_MODEL_FALLBACK_PRICE,Daniell Hammack,3,6R6S91WE,98,4821.0,0,0.0
2017-06-30,D_MODEL_FALLBACK_PRICE,Daniell Hammack,4,KKRJ6TBY,98,4821.0,0,0.0
2017-06-30,D_MODEL_FALLBACK_PRICE,Daniell Hammack,5,V74O6XQT,98,4821.0,0,0.0
2017-06-30,D_MODEL_FALLBACK_PRICE,Darcel Schlecht,1,HBIQF55L,96,4821.0,0,0.0
2017-06-30,D_MODEL_FALLBACK_PRICE,Darcel Schlecht,2,P0BMLVSL,96,4821.0,0,0.0
2017-06-30,D_MODEL_FALLBACK_PRICE,Darcel Schlecht,3,D5TGHX3Y,94,4821.0,0,0.0
2017-06-30,D_MODEL_FALLBACK_PRICE,Darcel Schlecht,4,Z032GGRE,94,4821.0,0,0.0
2017-06-30,D_MODEL_FALLBACK_PRICE,Darcel Schlecht,5,0WO582AV,93,4821.0,0,0.0
2017-06-30,D_MODEL_FALLBACK_PRICE,Donn Cantrell,1,R9TWUEAT,94,5482.0,0,0.0
2017-06-30,D_MODEL_FALLBACK_PRICE,Donn Cantrell,2,BCA3ICIO,89,5482.0,0,0.0
2017-06-30,D_MODEL_FALLBACK_PRICE,Donn Cantrell,3,AMGC18DS,88,5482.0,0,0.0
2017-06-30,D_MODEL_FALLBACK_PRICE,Donn Cantrell,4,0G0S9TB8,87,4821.0,0,0.0
2017-06-30,D_MODEL_FALLBACK_PRICE,Donn Cantrell,5,QK5BW61U,87,3393.0,0,0.0
2017-06-30,D_MODEL_FALLBACK_PRICE,Elease Gluck,1,AKMV6WN5,100,26768.0,0,0.0
2017-06-30,D_MODEL_FALLBACK_PRICE,Elease Gluck,2,DJMPI9TO,100,26768.0,0,0.0
2017-06-30,D_MODEL_FALLBACK_PRICE,Elease Gluck,3,GG85QBTM,94,26768.0,0,0.0
2017-06-30,D_MODEL_FALLBACK_PRICE,Elease Gluck,4,WUNMIJW9,92,3393.0,0,0.0
2017-06-30,D_MODEL_FALLBACK_PRICE,Elease Gluck,5,2HS1C21I,91,4821.0,0,0.0
2017-06-30,D_MODEL_FALLBACK_PRICE,Garret Kinder,1,MUYUSTKF,97,5482.0,0,0.0
2017-06-30,D_MODEL_FALLBACK_PRICE,Garret Kinder,2,XH01XH1F,94,4821.0,0,0.0
2017-06-30,D_MODEL_FALLBACK_PRICE,Garret Kinder,3,WB44DF28,77,4821.0,0,0.0
2017-06-30,D_MODEL_FALLBACK_PRICE,Garret Kinder,4,ZA1YVJQC,76,3393.0,0,0.0
2017-06-30,D_MODEL_FALLBACK_PRICE,Garret Kinder,5,POXC3DA1,74,5482.0,0,0.0
2017-06-30,D_MODEL_FALLBACK_PRICE,Gladys Colclough,1,KCTYAQOR,90,4821.0,0,0.0
2017-06-30,D_MODEL_FALLBACK_PRICE,Gladys Colclough,2,U48PDN1F,87,4821.0,0,0.0
2017-06-30,D_MODEL_FALLBACK_PRICE,Gladys Colclough,3,07FRJ44N,85,5482.0,0,0.0
2017-06-30,D_MODEL_FALLBACK_PRICE,Gladys Colclough,4,07WKR17A,79,5482.0,0,0.0
2017-06-30,D_MODEL_FALLBACK_PRICE,Gladys Colclough,5,G1303HIC,76,4821.0,1,5081.0
2017-06-30,D_MODEL_FALLBACK_PRICE,Hayden Neloms,1,FWTNRN0L,97,5482.0,0,0.0
2017-06-30,D_MODEL_FALLBACK_PRICE,Hayden Neloms,2,J6OQS0AU,92,3393.0,0,0.0
2017-06-30,D_MODEL_FALLBACK_PRICE,Hayden Neloms,3,KMB8TJ0I,92,3393.0,0,0.0
2017-06-30,D_MODEL_FALLBACK_PRICE,Hayden Neloms,4,MRCYKUX4,92,3393.0,0,0.0
2017-06-30,D_MODEL_FALLBACK_PRICE,Hayden Neloms,5,SWJ9OOZU,86,3393.0,0,0.0
2017-06-30,D_MODEL_FALLBACK_PRICE,James Ascencio,1,1B27CZ2M,99,5482.0,0,0.0
2017-06-30,D_MODEL_FALLBACK_PRICE,James Ascencio,2,97PFKCPG,98,4821.0,0,0.0
2017-06-30,D_MODEL_FALLBACK_PRICE,James Ascencio,3,DQ7GS2BN,95,5482.0,0,0.0
2017-06-30,D_MODEL_FALLBACK_PRICE,James Ascencio,4,OLGT0VHP,94,5482.0,0,0.0
2017-06-30,D_MODEL_FALLBACK_PRICE,James Ascencio,5,1CZU97OX,93,5482.0,0,0.0
2017-06-30,D_MODEL_FALLBACK_PRICE,Jonathan Berthelot,1,0IF5FH68,97,5482.0,0,0.0
2017-06-30,D_MODEL_FALLBACK_PRICE,Jonathan Berthelot,2,Z64MQTF2,89,4821.0,0,0.0
2017-06-30,D_MODEL_FALLBACK_PRICE,Jonathan Berthelot,3,D6XIVDQF,88,4821.0,0,0.0
2017-06-30,D_MODEL_FALLBACK_PRICE,Jonathan Berthelot,4,GVCMT0GZ,87,4821.0,0,0.0
2017-06-30,D_MODEL_FALLBACK_PRICE,Jonathan Berthelot,5,L58MN75X,82,4821.0,0,0.0
2017-06-30,D_MODEL_FALLBACK_PRICE,Kami Bicknell,1,QHJ3W8FW,98,4821.0,0,0.0
2017-06-30,D_MODEL_FALLBACK_PRICE,Kami Bicknell,2,EYNZMBI0,94,5482.0,0,0.0
2017-06-30,D_MODEL_FALLBACK_PRICE,Kami Bicknell,3,JQA8H6M5,93,5482.0,0,0.0
2017-06-30,D_MODEL_FALLBACK_PRICE,Kami Bicknell,4,D5VY17OP,91,4821.0,0,0.0
2017-06-30,D_MODEL_FALLBACK_PRICE,Kami Bicknell,5,Z7OH4GWO,91,4821.0,0,0.0
2017-06-30,D_MODEL_FALLBACK_PRICE,Kary Hendrixson,1,04YGLJ3N,99,5482.0,0,0.0
2017-06-30,D_MODEL_FALLBACK_PRICE,Kary Hendrixson,2,5G4I94TF,99,5482.0,0,0.0
2017-06-30,D_MODEL_FALLBACK_PRICE,Kary Hendrixson,3,CR6ZLEWC,99,5482.0,0,0.0
2017-06-30,D_MODEL_FALLBACK_PRICE,Kary Hendrixson,4,LIQZNH9U,99,5482.0,0,0.0
2017-06-30,D_MODEL_FALLBACK_PRICE,Kary Hendrixson,5,7PXJ92C5,98,4821.0,0,0.0
2017-06-30,D_MODEL_FALLBACK_PRICE,Lajuana Vencill,1,EQZGV36H,97,5482.0,0,0.0
2017-06-30,D_MODEL_FALLBACK_PRICE,Lajuana Vencill,2,81DXTTI5,88,5482.0,1,5536.0
2017-06-30,D_MODEL_FALLBACK_PRICE,Lajuana Vencill,3,1L2S3CMT,83,3393.0,0,0.0
2017-06-30,D_MODEL_FALLBACK_PRICE,Lajuana Vencill,4,I2V3EPW7,73,3393.0,0,0.0
2017-06-30,D_MODEL_FALLBACK_PRICE,Lajuana Vencill,5,L5T284M7,71,3393.0,0,0.0
2017-06-30,D_MODEL_FALLBACK_PRICE,Markita Hansen,1,CQZSFN7C,100,26768.0,0,0.0
2017-06-30,D_MODEL_FALLBACK_PRICE,Markita Hansen,2,GL1YE4PQ,100,26768.0,0,0.0
2017-06-30,D_MODEL_FALLBACK_PRICE,Markita Hansen,3,N3GVE0VP,100,26768.0,0,0.0
2017-06-30,D_MODEL_FALLBACK_PRICE,Markita Hansen,4,SCS5H8V1,100,26768.0,0,0.0
2017-06-30,D_MODEL_FALLBACK_PRICE,Markita Hansen,5,MN6E59H6,99,5482.0,0,0.0
2017-06-30,D_MODEL_FALLBACK_PRICE,Marty Freudenburg,1,LPY6VIZV,94,5482.0,0,0.0
2017-06-30,D_MODEL_FALLBACK_PRICE,Marty Freudenburg,2,ESH4HX52,87,5482.0,0,0.0
2017-06-30,D_MODEL_FALLBACK_PRICE,Marty Freudenburg,3,JGG9CO2Y,87,5482.0,0,0.0
2017-06-30,D_MODEL_FALLBACK_PRICE,Marty Freudenburg,4,G1XX0IB4,86,5482.0,1,4181.0
2017-06-30,D_MODEL_FALLBACK_PRICE,Marty Freudenburg,5,94TA0AWF,83,5482.0,0,0.0
2017-06-30,D_MODEL_FALLBACK_PRICE,Maureen Marcano,1,D62905BC,95,5482.0,0,0.0
2017-06-30,D_MODEL_FALLBACK_PRICE,Maureen Marcano,2,R1K16RZO,95,5482.0,0,0.0
2017-06-30,D_MODEL_FALLBACK_PRICE,Maureen Marcano,3,4NAHJMYM,94,5482.0,0,0.0
2017-06-30,D_MODEL_FALLBACK_PRICE,Maureen Marcano,4,1GIP77EP,93,5482.0,0,0.0
2017-06-30,D_MODEL_FALLBACK_PRICE,Maureen Marcano,5,XFB1VXQY,92,3393.0,0,0.0
2017-06-30,D_MODEL_FALLBACK_PRICE,Moses Frase,1,81LMZHD1,88,5482.0,0,0.0
2017-06-30,D_MODEL_FALLBACK_PRICE,Moses Frase,2,X2ZONP2D,86,5482.0,0,0.0
2017-06-30,D_MODEL_FALLBACK_PRICE,Moses Frase,3,CGEXH2QO,80,5482.0,0,0.0
2017-06-30,D_MODEL_FALLBACK_PRICE,Moses Frase,4,NYLCZ28K,79,3393.0,0,0.0
2017-06-30,D_MODEL_FALLBACK_PRICE,Moses Frase,5,P60EK5NN,73,3393.0,0,0.0
2017-06-30,D_MODEL_FALLBACK_PRICE,Niesha Huffines,1,2ZEFCKS3,94,4821.0,0,0.0
2017-06-30,D_MODEL_FALLBACK_PRICE,Niesha Huffines,2,9KYX5G9K,82,5482.0,1,4766.0
2017-06-30,D_MODEL_FALLBACK_PRICE,Niesha Huffines,3,ON9H54WD,80,4821.0,0,0.0
2017-06-30,D_MODEL_FALLBACK_PRICE,Niesha Huffines,4,JT1UUOXN,79,4821.0,0,0.0
2017-06-30,D_MODEL_FALLBACK_PRICE,Niesha Huffines,5,WGSS08LF,69,4821.0,0,0.0
2017-06-30,D_MODEL_FALLBACK_PRICE,Reed Clapper,1,96A1GDXO,97,5482.0,0,0.0
2017-06-30,D_MODEL_FALLBACK_PRICE,Reed Clapper,2,4T9CQH5J,96,5482.0,0,0.0
2017-06-30,D_MODEL_FALLBACK_PRICE,Reed Clapper,3,RNH95U0V,96,5482.0,0,0.0
2017-06-30,D_MODEL_FALLBACK_PRICE,Reed Clapper,4,8M3H9UME,83,5482.0,0,0.0
2017-06-30,D_MODEL_FALLBACK_PRICE,Reed Clapper,5,AZX4XC81,82,3393.0,0,0.0
2017-06-30,D_MODEL_FALLBACK_PRICE,Rosalina Dieter,1,IN9S33CD,100,5482.0,0,0.0
2017-06-30,D_MODEL_FALLBACK_PRICE,Rosalina Dieter,2,4X3H9YD5,99,26768.0,0,0.0
2017-06-30,D_MODEL_FALLBACK_PRICE,Rosalina Dieter,3,10IY4PV4,92,3393.0,0,0.0
2017-06-30,D_MODEL_FALLBACK_PRICE,Rosalina Dieter,4,7K0S2P6K,91,4821.0,0,0.0
2017-06-30,D_MODEL_FALLBACK_PRICE,Rosalina Dieter,5,83JP1K4E,90,26768.0,0,0.0
2017-06-30,D_MODEL_FALLBACK_PRICE,Rosie Papadopoulos,1,AF7XJNED,99,5482.0,0,0.0
2017-06-30,D_MODEL_FALLBACK_PRICE,Rosie Papadopoulos,2,NOO83M87,96,5482.0,0,0.0
2017-06-30,D_MODEL_FALLBACK_PRICE,Rosie Papadopoulos,3,XOVYPE58,96,4821.0,0,0.0
2017-06-30,D_MODEL_FALLBACK_PRICE,Rosie Papadopoulos,4,A1TDRYHZ,96,3393.0,0,0.0
2017-06-30,D_MODEL_FALLBACK_PRICE,Rosie Papadopoulos,5,Q8BZ3PC9,95,5482.0,0,0.0
2017-06-30,D_MODEL_FALLBACK_PRICE,Versie Hillebrand,1,QYTGB5LA,97,5482.0,0,0.0
2017-06-30,D_MODEL_FALLBACK_PRICE,Versie Hillebrand,2,N7KJ821I,96,5482.0,0,0.0
2017-06-30,D_MODEL_FALLBACK_PRICE,Versie Hillebrand,3,QRFKRSKS,88,3393.0,0,0.0
2017-06-30,D_MODEL_FALLBACK_PRICE,Versie Hillebrand,4,ACOJBA02,85,5482.0,1,4813.0
2017-06-30,D_MODEL_FALLBACK_PRICE,Versie Hillebrand,5,ER3G544S,77,3393.0,0,0.0
2017-06-30,D_MODEL_FALLBACK_PRICE,Vicki Laflamme,1,1GT10YJD,99,5482.0,0,0.0
2017-06-30,D_MODEL_FALLBACK_PRICE,Vicki Laflamme,2,DOGKQHQP,98,4821.0,0,0.0
2017-06-30,D_MODEL_FALLBACK_PRICE,Vicki Laflamme,3,20CVXRTX,97,4821.0,0,0.0
2017-06-30,D_MODEL_FALLBACK_PRICE,Vicki Laflamme,4,VMIAO42Z,96,5482.0,0,0.0
2017-06-30,D_MODEL_FALLBACK_PRICE,Vicki Laflamme,5,E8QHX9TE,95,5482.0,0,0.0
2017-06-30,D_MODEL_FALLBACK_PRICE,Violet Mclelland,1,8GE7FY98,98,4821.0,0,0.0
2017-06-30,D_MODEL_FALLBACK_PRICE,Violet Mclelland,2,YQ0Y0YQS,97,3393.0,0,0.0
2017-06-30,D_MODEL_FALLBACK_PRICE,Violet Mclelland,3,NOLCZMV6,96,4821.0,0,0.0
2017-06-30,D_MODEL_FALLBACK_PRICE,Violet Mclelland,4,G3SJ8X1K,92,3393.0,0,0.0
2017-06-30,D_MODEL_FALLBACK_PRICE,Violet Mclelland,5,DE5WRZ6B,90,4821.0,0,0.0
2017-06-30,D_MODEL_FALLBACK_PRICE,Wilburn Farren,1,TV300INP,99,5482.0,0,0.0
2017-06-30,D_MODEL_FALLBACK_PRICE,Wilburn Farren,2,DN6SG3US,93,5482.0,0,0.0
2017-06-30,D_MODEL_FALLBACK_PRICE,Wilburn Farren,3,5C8HCDXT,92,3393.0,0,0.0
2017-06-30,D_MODEL_FALLBACK_PRICE,Wilburn Farren,4,RFQP9VCW,92,3393.0,0,0.0
2017-06-30,D_MODEL_FALLBACK_PRICE,Wilburn Farren,5,89P5UVQ0,91,4821.0,0,0.0
2017-06-30,D_MODEL_FALLBACK_PRICE,Zane Levy,1,43LFUTVM,99,5482.0,0,0.0
2017-06-30,D_MODEL_FALLBACK_PRICE,Zane Levy,2,7TI1WTV9,99,4821.0,0,0.0
2017-06-30,D_MODEL_FALLBACK_PRICE,Zane Levy,3,01EH41WA,98,4821.0,0,0.0
2017-06-30,D_MODEL_FALLBACK_PRICE,Zane Levy,4,NGCM47PC,98,4821.0,0,0.0
2017-06-30,D_MODEL_FALLBACK_PRICE,Zane Levy,5,PD2198ZH,98,4821.0,0,0.0
2017-07-31,A_PRICE,Anna Snelling,1,1FEHFRKX,94,5482.0,0,0.0
2017-07-31,A_PRICE,Anna Snelling,2,1T5WFCEJ,94,5482.0,0,0.0
2017-07-31,A_PRICE,Anna Snelling,3,513PSPBN,94,5482.0,0,0.0
2017-07-31,A_PRICE,Anna Snelling,4,6YMJLH2F,94,5482.0,0,0.0
2017-07-31,A_PRICE,Anna Snelling,5,7FZ9CBZ3,94,5482.0,0,0.0
2017-07-31,A_PRICE,Boris Faz,1,0DLEXLEV,94,5482.0,0,0.0
2017-07-31,A_PRICE,Boris Faz,2,2PQORQGO,94,5482.0,0,0.0
2017-07-31,A_PRICE,Boris Faz,3,41RF80KQ,94,5482.0,0,0.0
2017-07-31,A_PRICE,Boris Faz,4,5TRALM9T,94,5482.0,0,0.0
2017-07-31,A_PRICE,Boris Faz,5,EBLSL27F,94,5482.0,0,0.0
2017-07-31,A_PRICE,Cassey Cress,1,0T9KUEQ2,94,5482.0,0,0.0
2017-07-31,A_PRICE,Cassey Cress,2,3W4AWYSK,94,5482.0,0,0.0
2017-07-31,A_PRICE,Cassey Cress,3,49T60OCI,94,5482.0,0,0.0
2017-07-31,A_PRICE,Cassey Cress,4,9Q7NSPTF,94,5482.0,0,0.0
2017-07-31,A_PRICE,Cassey Cress,5,K8VBNOW9,94,5482.0,0,0.0
2017-07-31,A_PRICE,Cecily Lampkin,1,N60TC14O,94,5482.0,0,0.0
2017-07-31,A_PRICE,Cecily Lampkin,2,OU9O62Y7,94,5482.0,1,4749.0
2017-07-31,A_PRICE,Cecily Lampkin,3,TWO2Q99P,94,5482.0,0,0.0
2017-07-31,A_PRICE,Cecily Lampkin,4,UKECBJV5,94,5482.0,1,4961.0
2017-07-31,A_PRICE,Cecily Lampkin,5,UZ0MRAFU,94,5482.0,0,0.0
2017-07-31,A_PRICE,Corliss Cosme,1,0STR2QEA,94,5482.0,0,0.0
2017-07-31,A_PRICE,Corliss Cosme,2,1KVGSF08,94,5482.0,0,0.0
2017-07-31,A_PRICE,Corliss Cosme,3,CN69EYQ1,94,5482.0,0,0.0
2017-07-31,A_PRICE,Corliss Cosme,4,CVFUMOK9,94,5482.0,0,0.0
2017-07-31,A_PRICE,Corliss Cosme,5,FOJG3OCO,94,5482.0,0,0.0
2017-07-31,A_PRICE,Daniell Hammack,1,0KEO3OP7,94,5482.0,0,0.0
2017-07-31,A_PRICE,Daniell Hammack,2,FM505XD5,94,5482.0,0,0.0
2017-07-31,A_PRICE,Daniell Hammack,3,HEWKNHTH,94,5482.0,0,0.0
2017-07-31,A_PRICE,Daniell Hammack,4,KJHM27ZM,94,5482.0,0,0.0
2017-07-31,A_PRICE,Daniell Hammack,5,Q2CLAKLM,94,5482.0,0,0.0
2017-07-31,A_PRICE,Darcel Schlecht,1,6K7LDRKR,94,5482.0,0,0.0
2017-07-31,A_PRICE,Darcel Schlecht,2,7TFHGN6O,94,5482.0,0,0.0
2017-07-31,A_PRICE,Darcel Schlecht,3,CPL37MZC,94,5482.0,1,6026.0
2017-07-31,A_PRICE,Darcel Schlecht,4,FROU0UKW,94,5482.0,1,5614.0
2017-07-31,A_PRICE,Darcel Schlecht,5,I3KQNE9V,94,5482.0,0,0.0
2017-07-31,A_PRICE,Donn Cantrell,1,5IOG6X00,94,5482.0,0,0.0
2017-07-31,A_PRICE,Donn Cantrell,2,8SNDBWPP,94,5482.0,0,0.0
2017-07-31,A_PRICE,Donn Cantrell,3,AMGC18DS,94,5482.0,0,0.0
2017-07-31,A_PRICE,Donn Cantrell,4,BCA3ICIO,94,5482.0,0,0.0
2017-07-31,A_PRICE,Donn Cantrell,5,BGY307FC,94,5482.0,1,5695.0
2017-07-31,A_PRICE,Elease Gluck,1,AKMV6WN5,100,26768.0,0,0.0
2017-07-31,A_PRICE,Elease Gluck,2,DJMPI9TO,100,26768.0,0,0.0
2017-07-31,A_PRICE,Elease Gluck,3,GG85QBTM,100,26768.0,0,0.0
2017-07-31,A_PRICE,Elease Gluck,4,04OAV3CV,94,5482.0,0,0.0
2017-07-31,A_PRICE,Elease Gluck,5,I8OUZNDS,94,5482.0,0,0.0
2017-07-31,A_PRICE,Garret Kinder,1,MUYUSTKF,94,5482.0,0,0.0
2017-07-31,A_PRICE,Garret Kinder,2,POXC3DA1,94,5482.0,0,0.0
2017-07-31,A_PRICE,Garret Kinder,3,5G9WEZTP,81,4821.0,1,5319.0
2017-07-31,A_PRICE,Garret Kinder,4,GV9G96Z1,81,4821.0,0,0.0
2017-07-31,A_PRICE,Garret Kinder,5,S8ALJKKH,81,4821.0,1,4671.0
2017-07-31,A_PRICE,Gladys Colclough,1,07WKR17A,94,5482.0,0,0.0
2017-07-31,A_PRICE,Gladys Colclough,2,4LXAW8CH,94,5482.0,0,0.0
2017-07-31,A_PRICE,Gladys Colclough,3,9J8O59QW,94,5482.0,0,0.0
2017-07-31,A_PRICE,Gladys Colclough,4,G7RZTAMV,94,5482.0,0,0.0
2017-07-31,A_PRICE,Gladys Colclough,5,P8P9MKJL,94,5482.0,0,0.0
2017-07-31,A_PRICE,Hayden Neloms,1,2BXYT4PD,94,5482.0,0,0.0
2017-07-31,A_PRICE,Hayden Neloms,2,6M89XBL0,94,5482.0,0,0.0
2017-07-31,A_PRICE,Hayden Neloms,3,8AK1G9IT,94,5482.0,0,0.0
2017-07-31,A_PRICE,Hayden Neloms,4,FWTNRN0L,94,5482.0,1,5408.0
2017-07-31,A_PRICE,Hayden Neloms,5,M2A8EY5Q,94,5482.0,0,0.0
2017-07-31,A_PRICE,James Ascencio,1,0D95JSVW,94,5482.0,0,0.0
2017-07-31,A_PRICE,James Ascencio,2,1CZU97OX,94,5482.0,1,5525.0
2017-07-31,A_PRICE,James Ascencio,3,1O72EKFY,94,5482.0,0,0.0
2017-07-31,A_PRICE,James Ascencio,4,AY3KTIXX,94,5482.0,0,0.0
2017-07-31,A_PRICE,James Ascencio,5,D85PDC6S,94,5482.0,0,0.0
2017-07-31,A_PRICE,Jonathan Berthelot,1,0IF5FH68,94,5482.0,1,5203.0
2017-07-31,A_PRICE,Jonathan Berthelot,2,0YCAS0B9,94,5482.0,1,6096.0
2017-07-31,A_PRICE,Jonathan Berthelot,3,BICJY3FZ,94,5482.0,0,0.0
2017-07-31,A_PRICE,Jonathan Berthelot,4,PLYYX5CD,94,5482.0,1,5769.0
2017-07-31,A_PRICE,Jonathan Berthelot,5,48INT6OA,81,4821.0,1,4924.0
2017-07-31,A_PRICE,Kami Bicknell,1,EYNZMBI0,94,5482.0,0,0.0
2017-07-31,A_PRICE,Kami Bicknell,2,MN34I4DD,94,5482.0,0,0.0
2017-07-31,A_PRICE,Kami Bicknell,3,XN63KZRZ,94,5482.0,0,0.0
2017-07-31,A_PRICE,Kami Bicknell,4,3ATYY665,81,4821.0,0,0.0
2017-07-31,A_PRICE,Kami Bicknell,5,4EGO7VCJ,81,4821.0,0,0.0
2017-07-31,A_PRICE,Kary Hendrixson,1,04YGLJ3N,94,5482.0,0,0.0
2017-07-31,A_PRICE,Kary Hendrixson,2,1WZ5N86Q,94,5482.0,1,6042.0
2017-07-31,A_PRICE,Kary Hendrixson,3,5G4I94TF,94,5482.0,0,0.0
2017-07-31,A_PRICE,Kary Hendrixson,4,7HSRDCCK,94,5482.0,0,0.0
2017-07-31,A_PRICE,Kary Hendrixson,5,9FH4OP4U,94,5482.0,1,5312.0
2017-07-31,A_PRICE,Lajuana Vencill,1,8KBVRQHD,94,5482.0,0,0.0
2017-07-31,A_PRICE,Lajuana Vencill,2,EQZGV36H,94,5482.0,1,5913.0
2017-07-31,A_PRICE,Lajuana Vencill,3,IMLG35AP,94,5482.0,0,0.0
2017-07-31,A_PRICE,Lajuana Vencill,4,OD895EQM,94,5482.0,0,0.0
2017-07-31,A_PRICE,Lajuana Vencill,5,0T2CY70E,64,3393.0,0,0.0
2017-07-31,A_PRICE,Markita Hansen,1,021Z2J9L,100,26768.0,0,0.0
2017-07-31,A_PRICE,Markita Hansen,2,5URQT67R,100,26768.0,0,0.0
2017-07-31,A_PRICE,Markita Hansen,3,CQZSFN7C,100,26768.0,0,0.0
2017-07-31,A_PRICE,Markita Hansen,4,GL1YE4PQ,100,26768.0,0,0.0
2017-07-31,A_PRICE,Markita Hansen,5,LSJ2A8ZX,100,26768.0,0,0.0
2017-07-31,A_PRICE,Marty Freudenburg,1,06AIY3IS,94,5482.0,1,5712.0
2017-07-31,A_PRICE,Marty Freudenburg,2,94TA0AWF,94,5482.0,1,5217.0
2017-07-31,A_PRICE,Marty Freudenburg,3,CBQRKYZP,94,5482.0,0,0.0
2017-07-31,A_PRICE,Marty Freudenburg,4,E3XLWCWX,94,5482.0,0,0.0
2017-07-31,A_PRICE,Marty Freudenburg,5,ESH4HX52,94,5482.0,1,5472.0
2017-07-31,A_PRICE,Maureen Marcano,1,4NAHJMYM,94,5482.0,0,0.0
2017-07-31,A_PRICE,Maureen Marcano,2,6V7OMXY5,94,5482.0,0,0.0
2017-07-31,A_PRICE,Maureen Marcano,3,D62905BC,94,5482.0,0,0.0
2017-07-31,A_PRICE,Maureen Marcano,4,MV227O65,94,5482.0,0,0.0
2017-07-31,A_PRICE,Maureen Marcano,5,R1K16RZO,94,5482.0,0,0.0
2017-07-31,A_PRICE,Moses Frase,1,81LMZHD1,94,5482.0,1,5018.0
2017-07-31,A_PRICE,Moses Frase,2,F3EOBN5A,94,5482.0,0,0.0
2017-07-31,A_PRICE,Moses Frase,3,Q8Q4R3SW,94,5482.0,0,0.0
2017-07-31,A_PRICE,Moses Frase,4,X2ZONP2D,94,5482.0,0,0.0
2017-07-31,A_PRICE,Moses Frase,5,XUU1PPTJ,94,5482.0,0,0.0
2017-07-31,A_PRICE,Niesha Huffines,1,66KFPHBT,94,5482.0,0,0.0
2017-07-31,A_PRICE,Niesha Huffines,2,BBOWBQA6,94,5482.0,0,0.0
2017-07-31,A_PRICE,Niesha Huffines,3,2ZEFCKS3,81,4821.0,0,0.0
2017-07-31,A_PRICE,Niesha Huffines,4,H2FCUPHJ,81,4821.0,0,0.0
2017-07-31,A_PRICE,Niesha Huffines,5,WGSS08LF,81,4821.0,0,0.0
2017-07-31,A_PRICE,Reed Clapper,1,4T9CQH5J,94,5482.0,0,0.0
2017-07-31,A_PRICE,Reed Clapper,2,5J1C46RJ,94,5482.0,0,0.0
2017-07-31,A_PRICE,Reed Clapper,3,96A1GDXO,94,5482.0,1,5601.0
2017-07-31,A_PRICE,Reed Clapper,4,KZMZH8L6,94,5482.0,0,0.0
2017-07-31,A_PRICE,Reed Clapper,5,RNH95U0V,94,5482.0,1,6346.0
2017-07-31,A_PRICE,Rosalina Dieter,1,4X3H9YD5,100,26768.0,1,25791.0
2017-07-31,A_PRICE,Rosalina Dieter,2,83JP1K4E,100,26768.0,1,24899.0
2017-07-31,A_PRICE,Rosalina Dieter,3,9SRD5NCR,100,26768.0,0,0.0
2017-07-31,A_PRICE,Rosalina Dieter,4,IN9S33CD,94,5482.0,0,0.0
2017-07-31,A_PRICE,Rosalina Dieter,5,6AO6E15O,81,4821.0,0,0.0
2017-07-31,A_PRICE,Rosie Papadopoulos,1,AF7XJNED,94,5482.0,0,0.0
2017-07-31,A_PRICE,Rosie Papadopoulos,2,DL3Q5HAD,94,5482.0,1,4930.0
2017-07-31,A_PRICE,Rosie Papadopoulos,3,NOO83M87,94,5482.0,0,0.0
2017-07-31,A_PRICE,Rosie Papadopoulos,4,Q8BZ3PC9,94,5482.0,0,0.0
2017-07-31,A_PRICE,Rosie Papadopoulos,5,YYTZSTL0,94,5482.0,0,0.0
2017-07-31,A_PRICE,Versie Hillebrand,1,18YA4UUP,94,5482.0,0,0.0
2017-07-31,A_PRICE,Versie Hillebrand,2,1RXGKOUE,94,5482.0,0,0.0
2017-07-31,A_PRICE,Versie Hillebrand,3,3YDXZ4FA,94,5482.0,0,0.0
2017-07-31,A_PRICE,Versie Hillebrand,4,N7KJ821I,94,5482.0,0,0.0
2017-07-31,A_PRICE,Versie Hillebrand,5,QYTGB5LA,94,5482.0,1,5145.0
2017-07-31,A_PRICE,Vicki Laflamme,1,1GT10YJD,94,5482.0,0,0.0
2017-07-31,A_PRICE,Vicki Laflamme,2,1R8VKE8O,94,5482.0,1,5631.0
2017-07-31,A_PRICE,Vicki Laflamme,3,2FNTCPOU,94,5482.0,0,0.0
2017-07-31,A_PRICE,Vicki Laflamme,4,34YT99YN,94,5482.0,1,6094.0
2017-07-31,A_PRICE,Vicki Laflamme,5,5BAGWGAG,94,5482.0,1,5987.0
2017-07-31,A_PRICE,Violet Mclelland,1,8GE7FY98,81,4821.0,0,0.0
2017-07-31,A_PRICE,Violet Mclelland,2,CUV49MUR,81,4821.0,0,0.0
2017-07-31,A_PRICE,Violet Mclelland,3,DE5WRZ6B,81,4821.0,0,0.0
2017-07-31,A_PRICE,Violet Mclelland,4,R443AUAG,81,4821.0,0,0.0
2017-07-31,A_PRICE,Violet Mclelland,5,7QE84GCH,64,3393.0,0,0.0
2017-07-31,A_PRICE,Wilburn Farren,1,IM5AGXLX,94,5482.0,0,0.0
2017-07-31,A_PRICE,Wilburn Farren,2,M10S36W3,94,5482.0,0,0.0
2017-07-31,A_PRICE,Wilburn Farren,3,W3C2KLXD,94,5482.0,1,5710.0
2017-07-31,A_PRICE,Wilburn Farren,4,YW14K7PE,94,5482.0,0,0.0
2017-07-31,A_PRICE,Wilburn Farren,5,89P5UVQ0,81,4821.0,0,0.0
2017-07-31,A_PRICE,Zane Levy,1,43LFUTVM,94,5482.0,0,0.0
2017-07-31,A_PRICE,Zane Levy,2,6UUTR15S,94,5482.0,0,0.0
2017-07-31,A_PRICE,Zane Levy,3,8WB5HXOB,94,5482.0,0,0.0
2017-07-31,A_PRICE,Zane Levy,4,9UYUV724,94,5482.0,0,0.0
2017-07-31,A_PRICE,Zane Levy,5,L9CJZZ59,94,5482.0,0,0.0
2017-07-31,B_AGE_PRICE,Anna Snelling,1,M16WB7N8,97,5482.0,0,0.0
2017-07-31,B_AGE_PRICE,Anna Snelling,2,9KN4MG14,94,5482.0,0,0.0
2017-07-31,B_AGE_PRICE,Anna Snelling,3,MELHF0ZP,88,5482.0,0,0.0
2017-07-31,B_AGE_PRICE,Anna Snelling,4,G54JJCMX,87,5482.0,0,0.0
2017-07-31,B_AGE_PRICE,Anna Snelling,5,066V2ZGP,87,3393.0,1,3334.0
2017-07-31,B_AGE_PRICE,Boris Faz,1,QCNOCX0P,98,4821.0,0,0.0
2017-07-31,B_AGE_PRICE,Boris Faz,2,OIO2H2MY,96,5482.0,0,0.0
2017-07-31,B_AGE_PRICE,Boris Faz,3,OJMME9V9,96,5482.0,1,5747.0
2017-07-31,B_AGE_PRICE,Boris Faz,4,VK9KN5PT,93,3393.0,0,0.0
2017-07-31,B_AGE_PRICE,Boris Faz,5,41RF80KQ,92,5482.0,0,0.0
2017-07-31,B_AGE_PRICE,Cassey Cress,1,M41NS5DN,99,5482.0,0,0.0
2017-07-31,B_AGE_PRICE,Cassey Cress,2,MB7G8DWS,99,5482.0,0,0.0
2017-07-31,B_AGE_PRICE,Cassey Cress,3,9FPDDSIJ,99,4821.0,0,0.0
2017-07-31,B_AGE_PRICE,Cassey Cress,4,GL95LARP,98,4821.0,0,0.0
2017-07-31,B_AGE_PRICE,Cassey Cress,5,WW1WV7IT,98,4821.0,0,0.0
2017-07-31,B_AGE_PRICE,Cecily Lampkin,1,N60TC14O,89,5482.0,0,0.0
2017-07-31,B_AGE_PRICE,Cecily Lampkin,2,9SBO74M5,86,3393.0,1,3139.0
2017-07-31,B_AGE_PRICE,Cecily Lampkin,3,OU9O62Y7,84,5482.0,1,4749.0
2017-07-31,B_AGE_PRICE,Cecily Lampkin,4,UKECBJV5,83,5482.0,1,4961.0
2017-07-31,B_AGE_PRICE,Cecily Lampkin,5,UZ0MRAFU,71,5482.0,0,0.0
2017-07-31,B_AGE_PRICE,Corliss Cosme,1,LXZD2PZD,99,5482.0,0,0.0
2017-07-31,B_AGE_PRICE,Corliss Cosme,2,CVFUMOK9,98,5482.0,0,0.0
2017-07-31,B_AGE_PRICE,Corliss Cosme,3,RXAQJKSL,97,5482.0,0,0.0
2017-07-31,B_AGE_PRICE,Corliss Cosme,4,HF74MC9F,96,5482.0,0,0.0
2017-07-31,B_AGE_PRICE,Corliss Cosme,5,S439SXI1,96,4821.0,1,4505.0
2017-07-31,B_AGE_PRICE,Daniell Hammack,1,RQULJHTU,99,5482.0,0,0.0
2017-07-31,B_AGE_PRICE,Daniell Hammack,2,FM505XD5,98,5482.0,0,0.0
2017-07-31,B_AGE_PRICE,Daniell Hammack,3,6R6S91WE,98,4821.0,0,0.0
2017-07-31,B_AGE_PRICE,Daniell Hammack,4,KKRJ6TBY,98,4821.0,0,0.0
2017-07-31,B_AGE_PRICE,Daniell Hammack,5,0KEO3OP7,97,5482.0,0,0.0
2017-07-31,B_AGE_PRICE,Darcel Schlecht,1,HBIQF55L,97,4821.0,1,4359.0
2017-07-31,B_AGE_PRICE,Darcel Schlecht,2,P0BMLVSL,97,4821.0,1,5820.0
2017-07-31,B_AGE_PRICE,Darcel Schlecht,3,D5TGHX3Y,96,4821.0,0,0.0
2017-07-31,B_AGE_PRICE,Darcel Schlecht,4,ZA6AJ0N1,96,4821.0,1,5191.0
2017-07-31,B_AGE_PRICE,Darcel Schlecht,5,2NPSMBLK,94,4821.0,0,0.0
2017-07-31,B_AGE_PRICE,Donn Cantrell,1,BCA3ICIO,94,5482.0,0,0.0
2017-07-31,B_AGE_PRICE,Donn Cantrell,2,R9TWUEAT,94,5482.0,0,0.0
2017-07-31,B_AGE_PRICE,Donn Cantrell,3,0G0S9TB8,93,4821.0,0,0.0
2017-07-31,B_AGE_PRICE,Donn Cantrell,4,BGY307FC,90,5482.0,1,5695.0
2017-07-31,B_AGE_PRICE,Donn Cantrell,5,GQFRHJF6,90,4821.0,1,4581.0
2017-07-31,B_AGE_PRICE,Elease Gluck,1,AKMV6WN5,100,26768.0,0,0.0
2017-07-31,B_AGE_PRICE,Elease Gluck,2,DJMPI9TO,100,26768.0,0,0.0
2017-07-31,B_AGE_PRICE,Elease Gluck,3,GG85QBTM,100,26768.0,0,0.0
2017-07-31,B_AGE_PRICE,Elease Gluck,4,2HS1C21I,98,4821.0,0,0.0
2017-07-31,B_AGE_PRICE,Elease Gluck,5,04OAV3CV,93,5482.0,0,0.0
2017-07-31,B_AGE_PRICE,Garret Kinder,1,MUYUSTKF,97,5482.0,0,0.0
2017-07-31,B_AGE_PRICE,Garret Kinder,2,XH01XH1F,93,4821.0,0,0.0
2017-07-31,B_AGE_PRICE,Garret Kinder,3,POXC3DA1,91,5482.0,0,0.0
2017-07-31,B_AGE_PRICE,Garret Kinder,4,S8ALJKKH,90,4821.0,1,4671.0
2017-07-31,B_AGE_PRICE,Garret Kinder,5,GV9G96Z1,86,4821.0,0,0.0
2017-07-31,B_AGE_PRICE,Gladys Colclough,1,KCTYAQOR,95,4821.0,0,0.0
2017-07-31,B_AGE_PRICE,Gladys Colclough,2,U48PDN1F,93,4821.0,1,5361.0
2017-07-31,B_AGE_PRICE,Gladys Colclough,3,ZT6D57ED,88,5482.0,0,0.0
2017-07-31,B_AGE_PRICE,Gladys Colclough,4,DLQTM07N,88,4821.0,1,4787.0
2017-07-31,B_AGE_PRICE,Gladys Colclough,5,KMGXUADZ,88,4821.0,1,5109.0
2017-07-31,B_AGE_PRICE,Hayden Neloms,1,FWTNRN0L,97,5482.0,1,5408.0
2017-07-31,B_AGE_PRICE,Hayden Neloms,2,J6OQS0AU,94,3393.0,0,0.0
2017-07-31,B_AGE_PRICE,Hayden Neloms,3,KMB8TJ0I,94,3393.0,0,0.0
2017-07-31,B_AGE_PRICE,Hayden Neloms,4,2BXYT4PD,93,5482.0,0,0.0
2017-07-31,B_AGE_PRICE,Hayden Neloms,5,MIY4MF3R,93,3393.0,0,0.0
2017-07-31,B_AGE_PRICE,James Ascencio,1,DQ7GS2BN,99,5482.0,0,0.0
2017-07-31,B_AGE_PRICE,James Ascencio,2,97PFKCPG,98,4821.0,0,0.0
2017-07-31,B_AGE_PRICE,James Ascencio,3,OLGT0VHP,96,5482.0,0,0.0
2017-07-31,B_AGE_PRICE,James Ascencio,4,1CZU97OX,94,5482.0,1,5525.0
2017-07-31,B_AGE_PRICE,James Ascencio,5,EF24VTVA,94,5482.0,0,0.0
2017-07-31,B_AGE_PRICE,Jonathan Berthelot,1,0IF5FH68,98,5482.0,1,5203.0
2017-07-31,B_AGE_PRICE,Jonathan Berthelot,2,GVCMT0GZ,94,4821.0,0,0.0
2017-07-31,B_AGE_PRICE,Jonathan Berthelot,3,Z64MQTF2,93,4821.0,1,5310.0
2017-07-31,B_AGE_PRICE,Jonathan Berthelot,4,D6XIVDQF,92,4821.0,0,0.0
2017-07-31,B_AGE_PRICE,Jonathan Berthelot,5,PLYYX5CD,90,5482.0,1,5769.0
2017-07-31,B_AGE_PRICE,Kami Bicknell,1,D5VY17OP,98,4821.0,0,0.0
2017-07-31,B_AGE_PRICE,Kami Bicknell,2,Z7OH4GWO,97,4821.0,0,0.0
2017-07-31,B_AGE_PRICE,Kami Bicknell,3,ZVAZKWF3,97,4821.0,0,0.0
2017-07-31,B_AGE_PRICE,Kami Bicknell,4,EYNZMBI0,95,5482.0,0,0.0
2017-07-31,B_AGE_PRICE,Kami Bicknell,5,FSEF5ZR9,93,4821.0,0,0.0
2017-07-31,B_AGE_PRICE,Kary Hendrixson,1,04YGLJ3N,99,5482.0,0,0.0
2017-07-31,B_AGE_PRICE,Kary Hendrixson,2,5G4I94TF,99,5482.0,0,0.0
2017-07-31,B_AGE_PRICE,Kary Hendrixson,3,CR6ZLEWC,99,5482.0,0,0.0
2017-07-31,B_AGE_PRICE,Kary Hendrixson,4,LIQZNH9U,99,5482.0,0,0.0
2017-07-31,B_AGE_PRICE,Kary Hendrixson,5,7PXJ92C5,99,4821.0,0,0.0
2017-07-31,B_AGE_PRICE,Lajuana Vencill,1,EQZGV36H,97,5482.0,1,5913.0
2017-07-31,B_AGE_PRICE,Lajuana Vencill,2,8KBVRQHD,88,5482.0,0,0.0
2017-07-31,B_AGE_PRICE,Lajuana Vencill,3,1L2S3CMT,86,3393.0,0,0.0
2017-07-31,B_AGE_PRICE,Lajuana Vencill,4,UQ67214Z,81,3393.0,1,3250.0
2017-07-31,B_AGE_PRICE,Lajuana Vencill,5,JRAAPD3L,80,3393.0,0,0.0
2017-07-31,B_AGE_PRICE,Markita Hansen,1,5URQT67R,100,26768.0,0,0.0
2017-07-31,B_AGE_PRICE,Markita Hansen,2,GL1YE4PQ,100,26768.0,0,0.0
2017-07-31,B_AGE_PRICE,Markita Hansen,3,LSJ2A8ZX,100,26768.0,0,0.0
2017-07-31,B_AGE_PRICE,Markita Hansen,4,N3GVE0VP,100,26768.0,0,0.0
2017-07-31,B_AGE_PRICE,Markita Hansen,5,TB27K4GC,100,26768.0,1,24745.0
2017-07-31,B_AGE_PRICE,Marty Freudenburg,1,LPY6VIZV,95,5482.0,0,0.0
2017-07-31,B_AGE_PRICE,Marty Freudenburg,2,06AIY3IS,88,5482.0,1,5712.0
2017-07-31,B_AGE_PRICE,Marty Freudenburg,3,AUEAKRQV,84,4821.0,0,0.0
2017-07-31,B_AGE_PRICE,Marty Freudenburg,4,KAPP0SBT,83,3393.0,0,0.0
2017-07-31,B_AGE_PRICE,Marty Freudenburg,5,ESH4HX52,81,5482.0,1,5472.0
2017-07-31,B_AGE_PRICE,Maureen Marcano,1,D62905BC,99,5482.0,0,0.0
2017-07-31,B_AGE_PRICE,Maureen Marcano,2,R1K16RZO,96,5482.0,0,0.0
2017-07-31,B_AGE_PRICE,Maureen Marcano,3,GQ2W1DXM,96,4821.0,0,0.0
2017-07-31,B_AGE_PRICE,Maureen Marcano,4,4NAHJMYM,95,5482.0,0,0.0
2017-07-31,B_AGE_PRICE,Maureen Marcano,5,MV227O65,95,5482.0,0,0.0
2017-07-31,B_AGE_PRICE,Moses Frase,1,NYLCZ28K,88,3393.0,1,3025.0
2017-07-31,B_AGE_PRICE,Moses Frase,2,81LMZHD1,81,5482.0,1,5018.0
2017-07-31,B_AGE_PRICE,Moses Frase,3,C2RL3DUQ,79,3393.0,0,0.0
2017-07-31,B_AGE_PRICE,Moses Frase,4,X2ZONP2D,75,5482.0,0,0.0
2017-07-31,B_AGE_PRICE,Moses Frase,5,P60EK5NN,71,3393.0,0,0.0
2017-07-31,B_AGE_PRICE,Niesha Huffines,1,2ZEFCKS3,96,4821.0,0,0.0
2017-07-31,B_AGE_PRICE,Niesha Huffines,2,WGSS08LF,88,4821.0,0,0.0
2017-07-31,B_AGE_PRICE,Niesha Huffines,3,IRODLEGG,76,3393.0,0,0.0
2017-07-31,B_AGE_PRICE,Niesha Huffines,4,66KFPHBT,70,5482.0,0,0.0
2017-07-31,B_AGE_PRICE,Niesha Huffines,5,CE852VBF,67,1096.0,0,0.0
2017-07-31,B_AGE_PRICE,Reed Clapper,1,4T9CQH5J,96,5482.0,0,0.0
2017-07-31,B_AGE_PRICE,Reed Clapper,2,96A1GDXO,95,5482.0,1,5601.0
2017-07-31,B_AGE_PRICE,Reed Clapper,3,RNH95U0V,94,5482.0,1,6346.0
2017-07-31,B_AGE_PRICE,Reed Clapper,4,98MASV7P,85,4821.0,1,4933.0
2017-07-31,B_AGE_PRICE,Reed Clapper,5,1WJT7CM8,85,3393.0,0,0.0
2017-07-31,B_AGE_PRICE,Rosalina Dieter,1,4X3H9YD5,100,26768.0,1,25791.0
2017-07-31,B_AGE_PRICE,Rosalina Dieter,2,83JP1K4E,100,26768.0,1,24899.0
2017-07-31,B_AGE_PRICE,Rosalina Dieter,3,IN9S33CD,99,5482.0,0,0.0
2017-07-31,B_AGE_PRICE,Rosalina Dieter,4,7K0S2P6K,97,4821.0,0,0.0
2017-07-31,B_AGE_PRICE,Rosalina Dieter,5,10IY4PV4,95,3393.0,0,0.0
2017-07-31,B_AGE_PRICE,Rosie Papadopoulos,1,AF7XJNED,99,5482.0,0,0.0
2017-07-31,B_AGE_PRICE,Rosie Papadopoulos,2,Q8BZ3PC9,98,5482.0,0,0.0
2017-07-31,B_AGE_PRICE,Rosie Papadopoulos,3,NOO83M87,96,5482.0,0,0.0
2017-07-31,B_AGE_PRICE,Rosie Papadopoulos,4,XOVYPE58,96,4821.0,0,0.0
2017-07-31,B_AGE_PRICE,Rosie Papadopoulos,5,I81SUA2R,95,4821.0,1,5182.0
2017-07-31,B_AGE_PRICE,Versie Hillebrand,1,QYTGB5LA,96,5482.0,1,5145.0
2017-07-31,B_AGE_PRICE,Versie Hillebrand,2,N7KJ821I,95,5482.0,0,0.0
2017-07-31,B_AGE_PRICE,Versie Hillebrand,3,QRFKRSKS,89,3393.0,0,0.0
2017-07-31,B_AGE_PRICE,Versie Hillebrand,4,ER3G544S,84,3393.0,0,0.0
2017-07-31,B_AGE_PRICE,Versie Hillebrand,5,7U225819,81,3393.0,1,3285.0
2017-07-31,B_AGE_PRICE,Vicki Laflamme,1,1GT10YJD,99,5482.0,0,0.0
2017-07-31,B_AGE_PRICE,Vicki Laflamme,2,20CVXRTX,98,4821.0,0,0.0
2017-07-31,B_AGE_PRICE,Vicki Laflamme,3,DOGKQHQP,98,4821.0,0,0.0
2017-07-31,B_AGE_PRICE,Vicki Laflamme,4,U4IJO6SL,98,4821.0,0,0.0
2017-07-31,B_AGE_PRICE,Vicki Laflamme,5,VMIAO42Z,97,5482.0,0,0.0
2017-07-31,B_AGE_PRICE,Violet Mclelland,1,8GE7FY98,99,4821.0,0,0.0
2017-07-31,B_AGE_PRICE,Violet Mclelland,2,DE5WRZ6B,94,4821.0,0,0.0
2017-07-31,B_AGE_PRICE,Violet Mclelland,3,TJ03NDNX,94,3393.0,0,0.0
2017-07-31,B_AGE_PRICE,Violet Mclelland,4,G3SJ8X1K,93,3393.0,0,0.0
2017-07-31,B_AGE_PRICE,Violet Mclelland,5,UOXKC4UG,88,3393.0,1,2981.0
2017-07-31,B_AGE_PRICE,Wilburn Farren,1,5C8HCDXT,95,3393.0,0,0.0
2017-07-31,B_AGE_PRICE,Wilburn Farren,2,YW14K7PE,91,5482.0,0,0.0
2017-07-31,B_AGE_PRICE,Wilburn Farren,3,89P5UVQ0,91,4821.0,0,0.0
2017-07-31,B_AGE_PRICE,Wilburn Farren,4,UJ7BYO6A,86,3393.0,0,0.0
2017-07-31,B_AGE_PRICE,Wilburn Farren,5,PRHL94PK,85,3393.0,1,3666.0
2017-07-31,B_AGE_PRICE,Zane Levy,1,43LFUTVM,99,5482.0,0,0.0
2017-07-31,B_AGE_PRICE,Zane Levy,2,PD2198ZH,99,4821.0,0,0.0
2017-07-31,B_AGE_PRICE,Zane Levy,3,8WB5HXOB,96,5482.0,0,0.0
2017-07-31,B_AGE_PRICE,Zane Levy,4,UU25XD9E,93,4821.0,0,0.0
2017-07-31,B_AGE_PRICE,Zane Levy,5,456BP2X7,92,3393.0,0,0.0
2017-07-31,C_AGE_PROPENSITY_PRICE,Anna Snelling,1,M16WB7N8,99,5482.0,0,0.0
2017-07-31,C_AGE_PROPENSITY_PRICE,Anna Snelling,2,9KN4MG14,95,5482.0,0,0.0
2017-07-31,C_AGE_PROPENSITY_PRICE,Anna Snelling,3,G54JJCMX,95,5482.0,0,0.0
2017-07-31,C_AGE_PROPENSITY_PRICE,Anna Snelling,4,MELHF0ZP,95,5482.0,0,0.0
2017-07-31,C_AGE_PROPENSITY_PRICE,Anna Snelling,5,066V2ZGP,92,3393.0,1,3334.0
2017-07-31,C_AGE_PROPENSITY_PRICE,Boris Faz,1,OIO2H2MY,99,5482.0,0,0.0
2017-07-31,C_AGE_PROPENSITY_PRICE,Boris Faz,2,QCNOCX0P,97,4821.0,0,0.0
2017-07-31,C_AGE_PROPENSITY_PRICE,Boris Faz,3,0DLEXLEV,95,5482.0,0,0.0
2017-07-31,C_AGE_PROPENSITY_PRICE,Boris Faz,4,2PQORQGO,95,5482.0,0,0.0
2017-07-31,C_AGE_PROPENSITY_PRICE,Boris Faz,5,41RF80KQ,95,5482.0,0,0.0
2017-07-31,C_AGE_PROPENSITY_PRICE,Cassey Cress,1,MB7G8DWS,99,5482.0,0,0.0
2017-07-31,C_AGE_PROPENSITY_PRICE,Cassey Cress,2,BTM58SCH,97,4821.0,0,0.0
2017-07-31,C_AGE_PROPENSITY_PRICE,Cassey Cress,3,GL95LARP,97,4821.0,0,0.0
2017-07-31,C_AGE_PROPENSITY_PRICE,Cassey Cress,4,HDALWEHF,97,4821.0,0,0.0
2017-07-31,C_AGE_PROPENSITY_PRICE,Cassey Cress,5,3W4AWYSK,95,5482.0,0,0.0
2017-07-31,C_AGE_PROPENSITY_PRICE,Cecily Lampkin,1,N60TC14O,95,5482.0,0,0.0
2017-07-31,C_AGE_PROPENSITY_PRICE,Cecily Lampkin,2,OU9O62Y7,95,5482.0,1,4749.0
2017-07-31,C_AGE_PROPENSITY_PRICE,Cecily Lampkin,3,UKECBJV5,95,5482.0,1,4961.0
2017-07-31,C_AGE_PROPENSITY_PRICE,Cecily Lampkin,4,9SBO74M5,92,3393.0,1,3139.0
2017-07-31,C_AGE_PROPENSITY_PRICE,Cecily Lampkin,5,TWO2Q99P,82,5482.0,0,0.0
2017-07-31,C_AGE_PROPENSITY_PRICE,Corliss Cosme,1,CVFUMOK9,99,5482.0,0,0.0
2017-07-31,C_AGE_PROPENSITY_PRICE,Corliss Cosme,2,LXZD2PZD,99,5482.0,0,0.0
2017-07-31,C_AGE_PROPENSITY_PRICE,Corliss Cosme,3,RXAQJKSL,99,5482.0,0,0.0
2017-07-31,C_AGE_PROPENSITY_PRICE,Corliss Cosme,4,S439SXI1,97,4821.0,1,4505.0
2017-07-31,C_AGE_PROPENSITY_PRICE,Corliss Cosme,5,0STR2QEA,95,5482.0,0,0.0
2017-07-31,C_AGE_PROPENSITY_PRICE,Daniell Hammack,1,0KEO3OP7,99,5482.0,0,0.0
2017-07-31,C_AGE_PROPENSITY_PRICE,Daniell Hammack,2,FM505XD5,99,5482.0,0,0.0
2017-07-31,C_AGE_PROPENSITY_PRICE,Daniell Hammack,3,Q2CLAKLM,99,5482.0,0,0.0
2017-07-31,C_AGE_PROPENSITY_PRICE,Daniell Hammack,4,KJHM27ZM,95,5482.0,0,0.0
2017-07-31,C_AGE_PROPENSITY_PRICE,Daniell Hammack,5,2GV66JA7,92,3393.0,0,0.0
2017-07-31,C_AGE_PROPENSITY_PRICE,Darcel Schlecht,1,D5TGHX3Y,97,4821.0,0,0.0
2017-07-31,C_AGE_PROPENSITY_PRICE,Darcel Schlecht,2,HBIQF55L,97,4821.0,1,4359.0
2017-07-31,C_AGE_PROPENSITY_PRICE,Darcel Schlecht,3,P0BMLVSL,97,4821.0,1,5820.0
2017-07-31,C_AGE_PROPENSITY_PRICE,Darcel Schlecht,4,ZA6AJ0N1,97,4821.0,1,5191.0
2017-07-31,C_AGE_PROPENSITY_PRICE,Darcel Schlecht,5,CPL37MZC,95,5482.0,1,6026.0
2017-07-31,C_AGE_PROPENSITY_PRICE,Donn Cantrell,1,BCA3ICIO,95,5482.0,0,0.0
2017-07-31,C_AGE_PROPENSITY_PRICE,Donn Cantrell,2,BGY307FC,95,5482.0,1,5695.0
2017-07-31,C_AGE_PROPENSITY_PRICE,Donn Cantrell,3,EMIAKHPF,95,5482.0,0,0.0
2017-07-31,C_AGE_PROPENSITY_PRICE,Donn Cantrell,4,R9TWUEAT,95,5482.0,0,0.0
2017-07-31,C_AGE_PROPENSITY_PRICE,Donn Cantrell,5,QK5BW61U,92,3393.0,1,3012.0
2017-07-31,C_AGE_PROPENSITY_PRICE,Elease Gluck,1,AKMV6WN5,100,26768.0,0,0.0
2017-07-31,C_AGE_PROPENSITY_PRICE,Elease Gluck,2,DJMPI9TO,100,26768.0,0,0.0
2017-07-31,C_AGE_PROPENSITY_PRICE,Elease Gluck,3,GG85QBTM,100,26768.0,0,0.0
2017-07-31,C_AGE_PROPENSITY_PRICE,Elease Gluck,4,2HS1C21I,97,4821.0,0,0.0
2017-07-31,C_AGE_PROPENSITY_PRICE,Elease Gluck,5,04OAV3CV,95,5482.0,0,0.0
2017-07-31,C_AGE_PROPENSITY_PRICE,Garret Kinder,1,MUYUSTKF,99,5482.0,0,0.0
2017-07-31,C_AGE_PROPENSITY_PRICE,Garret Kinder,2,POXC3DA1,95,5482.0,0,0.0
2017-07-31,C_AGE_PROPENSITY_PRICE,Garret Kinder,3,GV9G96Z1,88,4821.0,0,0.0
2017-07-31,C_AGE_PROPENSITY_PRICE,Garret Kinder,4,S8ALJKKH,88,4821.0,1,4671.0
2017-07-31,C_AGE_PROPENSITY_PRICE,Garret Kinder,5,XH01XH1F,88,4821.0,0,0.0
2017-07-31,C_AGE_PROPENSITY_PRICE,Gladys Colclough,1,KCTYAQOR,97,4821.0,0,0.0
2017-07-31,C_AGE_PROPENSITY_PRICE,Gladys Colclough,2,SHETLR3T,95,5482.0,1,4990.0
2017-07-31,C_AGE_PROPENSITY_PRICE,Gladys Colclough,3,ZT6D57ED,95,5482.0,0,0.0
2017-07-31,C_AGE_PROPENSITY_PRICE,Gladys Colclough,4,DLQTM07N,88,4821.0,1,4787.0
2017-07-31,C_AGE_PROPENSITY_PRICE,Gladys Colclough,5,KMGXUADZ,88,4821.0,1,5109.0
2017-07-31,C_AGE_PROPENSITY_PRICE,Hayden Neloms,1,FWTNRN0L,99,5482.0,1,5408.0
2017-07-31,C_AGE_PROPENSITY_PRICE,Hayden Neloms,2,2BXYT4PD,95,5482.0,0,0.0
2017-07-31,C_AGE_PROPENSITY_PRICE,Hayden Neloms,3,6M89XBL0,95,5482.0,0,0.0
2017-07-31,C_AGE_PROPENSITY_PRICE,Hayden Neloms,4,0EYXI1UN,92,3393.0,0,0.0
2017-07-31,C_AGE_PROPENSITY_PRICE,Hayden Neloms,5,NUQPJV8A,92,3393.0,0,0.0
2017-07-31,C_AGE_PROPENSITY_PRICE,James Ascencio,1,DQ7GS2BN,99,5482.0,0,0.0
2017-07-31,C_AGE_PROPENSITY_PRICE,James Ascencio,2,OLGT0VHP,99,5482.0,0,0.0
2017-07-31,C_AGE_PROPENSITY_PRICE,James Ascencio,3,1CZU97OX,95,5482.0,1,5525.0
2017-07-31,C_AGE_PROPENSITY_PRICE,James Ascencio,4,AY3KTIXX,95,5482.0,0,0.0
2017-07-31,C_AGE_PROPENSITY_PRICE,James Ascencio,5,D85PDC6S,95,5482.0,0,0.0
2017-07-31,C_AGE_PROPENSITY_PRICE,Jonathan Berthelot,1,0IF5FH68,99,5482.0,1,5203.0
2017-07-31,C_AGE_PROPENSITY_PRICE,Jonathan Berthelot,2,0YCAS0B9,95,5482.0,1,6096.0
2017-07-31,C_AGE_PROPENSITY_PRICE,Jonathan Berthelot,3,PLYYX5CD,95,5482.0,1,5769.0
2017-07-31,C_AGE_PROPENSITY_PRICE,Jonathan Berthelot,4,48INT6OA,88,4821.0,1,4924.0
2017-07-31,C_AGE_PROPENSITY_PRICE,Jonathan Berthelot,5,7SJD7M9K,88,4821.0,1,4180.0
2017-07-31,C_AGE_PROPENSITY_PRICE,Kami Bicknell,1,D5VY17OP,97,4821.0,0,0.0
2017-07-31,C_AGE_PROPENSITY_PRICE,Kami Bicknell,2,Z7OH4GWO,97,4821.0,0,0.0
2017-07-31,C_AGE_PROPENSITY_PRICE,Kami Bicknell,3,ZVAZKWF3,97,4821.0,0,0.0
2017-07-31,C_AGE_PROPENSITY_PRICE,Kami Bicknell,4,EYNZMBI0,95,5482.0,0,0.0
2017-07-31,C_AGE_PROPENSITY_PRICE,Kami Bicknell,5,3ATYY665,88,4821.0,0,0.0
2017-07-31,C_AGE_PROPENSITY_PRICE,Kary Hendrixson,1,BYF6ABTZ,99,5482.0,0,0.0
2017-07-31,C_AGE_PROPENSITY_PRICE,Kary Hendrixson,2,LSVGDJ1A,99,5482.0,0,0.0
2017-07-31,C_AGE_PROPENSITY_PRICE,Kary Hendrixson,3,10AEGW41,97,4821.0,0,0.0
2017-07-31,C_AGE_PROPENSITY_PRICE,Kary Hendrixson,4,2LSNRT4U,97,4821.0,0,0.0
2017-07-31,C_AGE_PROPENSITY_PRICE,Kary Hendrixson,5,5WHMLQDK,97,4821.0,0,0.0
2017-07-31,C_AGE_PROPENSITY_PRICE,Lajuana Vencill,1,EQZGV36H,99,5482.0,1,5913.0
2017-07-31,C_AGE_PROPENSITY_PRICE,Lajuana Vencill,2,8KBVRQHD,95,5482.0,0,0.0
2017-07-31,C_AGE_PROPENSITY_PRICE,Lajuana Vencill,3,IMLG35AP,82,5482.0,0,0.0
2017-07-31,C_AGE_PROPENSITY_PRICE,Lajuana Vencill,4,OD895EQM,82,5482.0,0,0.0
2017-07-31,C_AGE_PROPENSITY_PRICE,Lajuana Vencill,5,1L2S3CMT,74,3393.0,0,0.0
2017-07-31,C_AGE_PROPENSITY_PRICE,Markita Hansen,1,5URQT67R,100,26768.0,0,0.0
2017-07-31,C_AGE_PROPENSITY_PRICE,Markita Hansen,2,GL1YE4PQ,100,26768.0,0,0.0
2017-07-31,C_AGE_PROPENSITY_PRICE,Markita Hansen,3,LSJ2A8ZX,100,26768.0,0,0.0
2017-07-31,C_AGE_PROPENSITY_PRICE,Markita Hansen,4,N3GVE0VP,100,26768.0,0,0.0
2017-07-31,C_AGE_PROPENSITY_PRICE,Markita Hansen,5,TB27K4GC,100,26768.0,1,24745.0
2017-07-31,C_AGE_PROPENSITY_PRICE,Marty Freudenburg,1,06AIY3IS,95,5482.0,1,5712.0
2017-07-31,C_AGE_PROPENSITY_PRICE,Marty Freudenburg,2,LPY6VIZV,95,5482.0,0,0.0
2017-07-31,C_AGE_PROPENSITY_PRICE,Marty Freudenburg,3,AUEAKRQV,88,4821.0,0,0.0
2017-07-31,C_AGE_PROPENSITY_PRICE,Marty Freudenburg,4,CBQRKYZP,82,5482.0,0,0.0
2017-07-31,C_AGE_PROPENSITY_PRICE,Marty Freudenburg,5,E3XLWCWX,82,5482.0,0,0.0
2017-07-31,C_AGE_PROPENSITY_PRICE,Maureen Marcano,1,D62905BC,99,5482.0,0,0.0
2017-07-31,C_AGE_PROPENSITY_PRICE,Maureen Marcano,2,R1K16RZO,99,5482.0,0,0.0
2017-07-31,C_AGE_PROPENSITY_PRICE,Maureen Marcano,3,DYNHHN6P,97,4821.0,0,0.0
2017-07-31,C_AGE_PROPENSITY_PRICE,Maureen Marcano,4,GQ2W1DXM,97,4821.0,0,0.0
2017-07-31,C_AGE_PROPENSITY_PRICE,Maureen Marcano,5,4NAHJMYM,95,5482.0,0,0.0
2017-07-31,C_AGE_PROPENSITY_PRICE,Moses Frase,1,NYLCZ28K,92,3393.0,1,3025.0
2017-07-31,C_AGE_PROPENSITY_PRICE,Moses Frase,2,F3EOBN5A,82,5482.0,0,0.0
2017-07-31,C_AGE_PROPENSITY_PRICE,Moses Frase,3,Q8Q4R3SW,82,5482.0,0,0.0
2017-07-31,C_AGE_PROPENSITY_PRICE,Moses Frase,4,XUU1PPTJ,82,5482.0,0,0.0
2017-07-31,C_AGE_PROPENSITY_PRICE,Moses Frase,5,C2RL3DUQ,74,3393.0,0,0.0
2017-07-31,C_AGE_PROPENSITY_PRICE,Niesha Huffines,1,2ZEFCKS3,97,4821.0,0,0.0
2017-07-31,C_AGE_PROPENSITY_PRICE,Niesha Huffines,2,WGSS08LF,88,4821.0,0,0.0
2017-07-31,C_AGE_PROPENSITY_PRICE,Niesha Huffines,3,BBOWBQA6,82,5482.0,0,0.0
2017-07-31,C_AGE_PROPENSITY_PRICE,Niesha Huffines,4,H2FCUPHJ,79,4821.0,0,0.0
2017-07-31,C_AGE_PROPENSITY_PRICE,Niesha Huffines,5,IRODLEGG,74,3393.0,0,0.0
2017-07-31,C_AGE_PROPENSITY_PRICE,Reed Clapper,1,4T9CQH5J,95,5482.0,0,0.0
2017-07-31,C_AGE_PROPENSITY_PRICE,Reed Clapper,2,96A1GDXO,95,5482.0,1,5601.0
2017-07-31,C_AGE_PROPENSITY_PRICE,Reed Clapper,3,RNH95U0V,95,5482.0,1,6346.0
2017-07-31,C_AGE_PROPENSITY_PRICE,Reed Clapper,4,67CKCI5G,88,4821.0,0,0.0
2017-07-31,C_AGE_PROPENSITY_PRICE,Reed Clapper,5,98MASV7P,88,4821.0,1,4933.0
2017-07-31,C_AGE_PROPENSITY_PRICE,Rosalina Dieter,1,4X3H9YD5,100,26768.0,1,25791.0
2017-07-31,C_AGE_PROPENSITY_PRICE,Rosalina Dieter,2,83JP1K4E,100,26768.0,1,24899.0
2017-07-31,C_AGE_PROPENSITY_PRICE,Rosalina Dieter,3,9SRD5NCR,99,26768.0,0,0.0
2017-07-31,C_AGE_PROPENSITY_PRICE,Rosalina Dieter,4,7K0S2P6K,97,4821.0,0,0.0
2017-07-31,C_AGE_PROPENSITY_PRICE,Rosalina Dieter,5,LC2RIMSX,88,4821.0,0,0.0
2017-07-31,C_AGE_PROPENSITY_PRICE,Rosie Papadopoulos,1,Q8BZ3PC9,99,5482.0,0,0.0
2017-07-31,C_AGE_PROPENSITY_PRICE,Rosie Papadopoulos,2,I81SUA2R,97,4821.0,1,5182.0
2017-07-31,C_AGE_PROPENSITY_PRICE,Rosie Papadopoulos,3,XOVYPE58,97,4821.0,0,0.0
2017-07-31,C_AGE_PROPENSITY_PRICE,Rosie Papadopoulos,4,NOO83M87,95,5482.0,0,0.0
2017-07-31,C_AGE_PROPENSITY_PRICE,Rosie Papadopoulos,5,FVGRGJU8,92,3393.0,0,0.0
2017-07-31,C_AGE_PROPENSITY_PRICE,Versie Hillebrand,1,N7KJ821I,95,5482.0,0,0.0
2017-07-31,C_AGE_PROPENSITY_PRICE,Versie Hillebrand,2,QYTGB5LA,95,5482.0,1,5145.0
2017-07-31,C_AGE_PROPENSITY_PRICE,Versie Hillebrand,3,QRFKRSKS,92,3393.0,0,0.0
2017-07-31,C_AGE_PROPENSITY_PRICE,Versie Hillebrand,4,18YA4UUP,82,5482.0,0,0.0
2017-07-31,C_AGE_PROPENSITY_PRICE,Versie Hillebrand,5,1RXGKOUE,82,5482.0,0,0.0
2017-07-31,C_AGE_PROPENSITY_PRICE,Vicki Laflamme,1,UYQJ2A1O,99,5482.0,0,0.0
2017-07-31,C_AGE_PROPENSITY_PRICE,Vicki Laflamme,2,VMIAO42Z,99,5482.0,0,0.0
2017-07-31,C_AGE_PROPENSITY_PRICE,Vicki Laflamme,3,6G6ZCKSB,97,4821.0,0,0.0
2017-07-31,C_AGE_PROPENSITY_PRICE,Vicki Laflamme,4,EBUJQ571,97,4821.0,1,5040.0
2017-07-31,C_AGE_PROPENSITY_PRICE,Vicki Laflamme,5,J82TWNI7,97,4821.0,0,0.0
2017-07-31,C_AGE_PROPENSITY_PRICE,Violet Mclelland,1,UOXKC4UG,92,3393.0,1,2981.0
2017-07-31,C_AGE_PROPENSITY_PRICE,Violet Mclelland,2,CUV49MUR,88,4821.0,0,0.0
2017-07-31,C_AGE_PROPENSITY_PRICE,Violet Mclelland,3,DE5WRZ6B,88,4821.0,0,0.0
2017-07-31,C_AGE_PROPENSITY_PRICE,Violet Mclelland,4,8GE7FY98,84,4821.0,0,0.0
2017-07-31,C_AGE_PROPENSITY_PRICE,Violet Mclelland,5,8Z4ZMS9U,74,3393.0,0,0.0
2017-07-31,C_AGE_PROPENSITY_PRICE,Wilburn Farren,1,YW14K7PE,95,5482.0,0,0.0
2017-07-31,C_AGE_PROPENSITY_PRICE,Wilburn Farren,2,89P5UVQ0,88,4821.0,0,0.0
2017-07-31,C_AGE_PROPENSITY_PRICE,Wilburn Farren,3,I967JINR,88,4821.0,0,0.0
2017-07-31,C_AGE_PROPENSITY_PRICE,Wilburn Farren,4,M10S36W3,82,5482.0,0,0.0
2017-07-31,C_AGE_PROPENSITY_PRICE,Wilburn Farren,5,6CPBVF9F,74,3393.0,0,0.0
2017-07-31,C_AGE_PROPENSITY_PRICE,Zane Levy,1,8WB5HXOB,95,5482.0,0,0.0
2017-07-31,C_AGE_PROPENSITY_PRICE,Zane Levy,2,9UYUV724,95,5482.0,0,0.0
2017-07-31,C_AGE_PROPENSITY_PRICE,Zane Levy,3,LNX7ULEG,95,5482.0,1,5572.0
2017-07-31,C_AGE_PROPENSITY_PRICE,Zane Levy,4,456BP2X7,92,3393.0,0,0.0
2017-07-31,C_AGE_PROPENSITY_PRICE,Zane Levy,5,U5K2MZB6,92,3393.0,0,0.0
2017-07-31,D_MODEL_FALLBACK_PRICE,Anna Snelling,1,M16WB7N8,99,5482.0,0,0.0
2017-07-31,D_MODEL_FALLBACK_PRICE,Anna Snelling,2,MELHF0ZP,94,5482.0,0,0.0
2017-07-31,D_MODEL_FALLBACK_PRICE,Anna Snelling,3,9KN4MG14,93,5482.0,0,0.0
2017-07-31,D_MODEL_FALLBACK_PRICE,Anna Snelling,4,1FEHFRKX,92,5482.0,0,0.0
2017-07-31,D_MODEL_FALLBACK_PRICE,Anna Snelling,5,G54JJCMX,91,5482.0,0,0.0
2017-07-31,D_MODEL_FALLBACK_PRICE,Boris Faz,1,OJMME9V9,99,5482.0,1,5747.0
2017-07-31,D_MODEL_FALLBACK_PRICE,Boris Faz,2,OIO2H2MY,98,5482.0,0,0.0
2017-07-31,D_MODEL_FALLBACK_PRICE,Boris Faz,3,QCNOCX0P,96,4821.0,0,0.0
2017-07-31,D_MODEL_FALLBACK_PRICE,Boris Faz,4,F5ITRBMX,94,3393.0,1,3138.0
2017-07-31,D_MODEL_FALLBACK_PRICE,Boris Faz,5,0DLEXLEV,93,5482.0,0,0.0
2017-07-31,D_MODEL_FALLBACK_PRICE,Cassey Cress,1,MB7G8DWS,98,5482.0,0,0.0
2017-07-31,D_MODEL_FALLBACK_PRICE,Cassey Cress,2,4ZX1WPS7,97,4821.0,0,0.0
2017-07-31,D_MODEL_FALLBACK_PRICE,Cassey Cress,3,BTM58SCH,97,4821.0,0,0.0
2017-07-31,D_MODEL_FALLBACK_PRICE,Cassey Cress,4,GL95LARP,96,4821.0,0,0.0
2017-07-31,D_MODEL_FALLBACK_PRICE,Cassey Cress,5,HDALWEHF,96,4821.0,0,0.0
2017-07-31,D_MODEL_FALLBACK_PRICE,Cecily Lampkin,1,N60TC14O,95,5482.0,0,0.0
2017-07-31,D_MODEL_FALLBACK_PRICE,Cecily Lampkin,2,TWO2Q99P,90,5482.0,0,0.0
2017-07-31,D_MODEL_FALLBACK_PRICE,Cecily Lampkin,3,UKECBJV5,90,5482.0,1,4961.0
2017-07-31,D_MODEL_FALLBACK_PRICE,Cecily Lampkin,4,OU9O62Y7,88,5482.0,1,4749.0
2017-07-31,D_MODEL_FALLBACK_PRICE,Cecily Lampkin,5,9SBO74M5,85,3393.0,1,3139.0
2017-07-31,D_MODEL_FALLBACK_PRICE,Corliss Cosme,1,CVFUMOK9,99,5482.0,0,0.0
2017-07-31,D_MODEL_FALLBACK_PRICE,Corliss Cosme,2,HF74MC9F,99,5482.0,0,0.0
2017-07-31,D_MODEL_FALLBACK_PRICE,Corliss Cosme,3,LXZD2PZD,98,5482.0,0,0.0
2017-07-31,D_MODEL_FALLBACK_PRICE,Corliss Cosme,4,RXAQJKSL,98,5482.0,0,0.0
2017-07-31,D_MODEL_FALLBACK_PRICE,Corliss Cosme,5,S439SXI1,97,4821.0,1,4505.0
2017-07-31,D_MODEL_FALLBACK_PRICE,Daniell Hammack,1,FM505XD5,99,5482.0,0,0.0
2017-07-31,D_MODEL_FALLBACK_PRICE,Daniell Hammack,2,0KEO3OP7,98,5482.0,0,0.0
2017-07-31,D_MODEL_FALLBACK_PRICE,Daniell Hammack,3,KJHM27ZM,98,5482.0,0,0.0
2017-07-31,D_MODEL_FALLBACK_PRICE,Daniell Hammack,4,Q2CLAKLM,98,5482.0,0,0.0
2017-07-31,D_MODEL_FALLBACK_PRICE,Daniell Hammack,5,C2W2VHJY,93,4821.0,0,0.0
2017-07-31,D_MODEL_FALLBACK_PRICE,Darcel Schlecht,1,P0BMLVSL,99,4821.0,1,5820.0
2017-07-31,D_MODEL_FALLBACK_PRICE,Darcel Schlecht,2,HBIQF55L,98,4821.0,1,4359.0
2017-07-31,D_MODEL_FALLBACK_PRICE,Darcel Schlecht,3,0WO582AV,97,4821.0,0,0.0
2017-07-31,D_MODEL_FALLBACK_PRICE,Darcel Schlecht,4,2NPSMBLK,97,4821.0,0,0.0
2017-07-31,D_MODEL_FALLBACK_PRICE,Darcel Schlecht,5,P9VFKNR0,97,4821.0,0,0.0
2017-07-31,D_MODEL_FALLBACK_PRICE,Donn Cantrell,1,R9TWUEAT,98,5482.0,0,0.0
2017-07-31,D_MODEL_FALLBACK_PRICE,Donn Cantrell,2,BCA3ICIO,95,5482.0,0,0.0
2017-07-31,D_MODEL_FALLBACK_PRICE,Donn Cantrell,3,CYKC7RXH,95,4821.0,0,0.0
2017-07-31,D_MODEL_FALLBACK_PRICE,Donn Cantrell,4,BGY307FC,94,5482.0,1,5695.0
2017-07-31,D_MODEL_FALLBACK_PRICE,Donn Cantrell,5,0G0S9TB8,93,4821.0,0,0.0
2017-07-31,D_MODEL_FALLBACK_PRICE,Elease Gluck,1,AKMV6WN5,100,26768.0,0,0.0
2017-07-31,D_MODEL_FALLBACK_PRICE,Elease Gluck,2,DJMPI9TO,100,26768.0,0,0.0
2017-07-31,D_MODEL_FALLBACK_PRICE,Elease Gluck,3,GG85QBTM,100,26768.0,0,0.0
2017-07-31,D_MODEL_FALLBACK_PRICE,Elease Gluck,4,2HS1C21I,96,4821.0,0,0.0
2017-07-31,D_MODEL_FALLBACK_PRICE,Elease Gluck,5,04OAV3CV,91,5482.0,0,0.0
2017-07-31,D_MODEL_FALLBACK_PRICE,Garret Kinder,1,MUYUSTKF,99,5482.0,0,0.0
2017-07-31,D_MODEL_FALLBACK_PRICE,Garret Kinder,2,XH01XH1F,97,4821.0,0,0.0
2017-07-31,D_MODEL_FALLBACK_PRICE,Garret Kinder,3,POXC3DA1,94,5482.0,0,0.0
2017-07-31,D_MODEL_FALLBACK_PRICE,Garret Kinder,4,S8ALJKKH,93,4821.0,1,4671.0
2017-07-31,D_MODEL_FALLBACK_PRICE,Garret Kinder,5,GV9G96Z1,86,4821.0,0,0.0
2017-07-31,D_MODEL_FALLBACK_PRICE,Gladys Colclough,1,KCTYAQOR,95,4821.0,0,0.0
2017-07-31,D_MODEL_FALLBACK_PRICE,Gladys Colclough,2,U48PDN1F,94,4821.0,1,5361.0
2017-07-31,D_MODEL_FALLBACK_PRICE,Gladys Colclough,3,SHETLR3T,93,5482.0,1,4990.0
2017-07-31,D_MODEL_FALLBACK_PRICE,Gladys Colclough,4,4LXAW8CH,92,5482.0,0,0.0
2017-07-31,D_MODEL_FALLBACK_PRICE,Gladys Colclough,5,ZT6D57ED,92,5482.0,0,0.0
2017-07-31,D_MODEL_FALLBACK_PRICE,Hayden Neloms,1,FWTNRN0L,99,5482.0,1,5408.0
2017-07-31,D_MODEL_FALLBACK_PRICE,Hayden Neloms,2,2BXYT4PD,94,5482.0,0,0.0
2017-07-31,D_MODEL_FALLBACK_PRICE,Hayden Neloms,3,8AK1G9IT,94,5482.0,0,0.0
2017-07-31,D_MODEL_FALLBACK_PRICE,Hayden Neloms,4,6M89XBL0,90,5482.0,0,0.0
2017-07-31,D_MODEL_FALLBACK_PRICE,Hayden Neloms,5,0EYXI1UN,89,3393.0,0,0.0
2017-07-31,D_MODEL_FALLBACK_PRICE,James Ascencio,1,DQ7GS2BN,98,5482.0,0,0.0
2017-07-31,D_MODEL_FALLBACK_PRICE,James Ascencio,2,1CZU97OX,97,5482.0,1,5525.0
2017-07-31,D_MODEL_FALLBACK_PRICE,James Ascencio,3,EF24VTVA,97,5482.0,0,0.0
2017-07-31,D_MODEL_FALLBACK_PRICE,James Ascencio,4,OLGT0VHP,97,5482.0,0,0.0
2017-07-31,D_MODEL_FALLBACK_PRICE,James Ascencio,5,HU970PDK,96,5482.0,0,0.0
2017-07-31,D_MODEL_FALLBACK_PRICE,Jonathan Berthelot,1,0IF5FH68,99,5482.0,1,5203.0
2017-07-31,D_MODEL_FALLBACK_PRICE,Jonathan Berthelot,2,PLYYX5CD,95,5482.0,1,5769.0
2017-07-31,D_MODEL_FALLBACK_PRICE,Jonathan Berthelot,3,Z64MQTF2,95,4821.0,1,5310.0
2017-07-31,D_MODEL_FALLBACK_PRICE,Jonathan Berthelot,4,D6XIVDQF,94,4821.0,0,0.0
2017-07-31,D_MODEL_FALLBACK_PRICE,Jonathan Berthelot,5,GVCMT0GZ,94,4821.0,0,0.0
2017-07-31,D_MODEL_FALLBACK_PRICE,Kami Bicknell,1,EYNZMBI0,97,5482.0,0,0.0
2017-07-31,D_MODEL_FALLBACK_PRICE,Kami Bicknell,2,D5VY17OP,96,4821.0,0,0.0
2017-07-31,D_MODEL_FALLBACK_PRICE,Kami Bicknell,3,Z7OH4GWO,96,4821.0,0,0.0
2017-07-31,D_MODEL_FALLBACK_PRICE,Kami Bicknell,4,ZVAZKWF3,96,4821.0,0,0.0
2017-07-31,D_MODEL_FALLBACK_PRICE,Kami Bicknell,5,NX2K0HQ9,95,4821.0,1,4352.0
2017-07-31,D_MODEL_FALLBACK_PRICE,Kary Hendrixson,1,BYF6ABTZ,99,5482.0,0,0.0
2017-07-31,D_MODEL_FALLBACK_PRICE,Kary Hendrixson,2,LSVGDJ1A,98,5482.0,0,0.0
2017-07-31,D_MODEL_FALLBACK_PRICE,Kary Hendrixson,3,C9O4E52T,98,4821.0,1,4554.0
2017-07-31,D_MODEL_FALLBACK_PRICE,Kary Hendrixson,4,ZBAMKTFX,97,4821.0,1,4901.0
2017-07-31,D_MODEL_FALLBACK_PRICE,Kary Hendrixson,5,10AEGW41,96,4821.0,0,0.0
2017-07-31,D_MODEL_FALLBACK_PRICE,Lajuana Vencill,1,EQZGV36H,99,5482.0,1,5913.0
2017-07-31,D_MODEL_FALLBACK_PRICE,Lajuana Vencill,2,8KBVRQHD,90,5482.0,0,0.0
2017-07-31,D_MODEL_FALLBACK_PRICE,Lajuana Vencill,3,1L2S3CMT,90,3393.0,0,0.0
2017-07-31,D_MODEL_FALLBACK_PRICE,Lajuana Vencill,4,UQ67214Z,84,3393.0,1,3250.0
2017-07-31,D_MODEL_FALLBACK_PRICE,Lajuana Vencill,5,KIMUGBN5,82,3393.0,0,0.0
2017-07-31,D_MODEL_FALLBACK_PRICE,Markita Hansen,1,GL1YE4PQ,100,26768.0,0,0.0
2017-07-31,D_MODEL_FALLBACK_PRICE,Markita Hansen,2,LSJ2A8ZX,100,26768.0,0,0.0
2017-07-31,D_MODEL_FALLBACK_PRICE,Markita Hansen,3,N3GVE0VP,100,26768.0,0,0.0
2017-07-31,D_MODEL_FALLBACK_PRICE,Markita Hansen,4,TB27K4GC,100,26768.0,1,24745.0
2017-07-31,D_MODEL_FALLBACK_PRICE,Markita Hansen,5,021Z2J9L,99,26768.0,0,0.0
2017-07-31,D_MODEL_FALLBACK_PRICE,Marty Freudenburg,1,LPY6VIZV,98,5482.0,0,0.0
2017-07-31,D_MODEL_FALLBACK_PRICE,Marty Freudenburg,2,06AIY3IS,92,5482.0,1,5712.0
2017-07-31,D_MODEL_FALLBACK_PRICE,Marty Freudenburg,3,CBQRKYZP,91,5482.0,0,0.0
2017-07-31,D_MODEL_FALLBACK_PRICE,Marty Freudenburg,4,E3XLWCWX,84,5482.0,0,0.0
2017-07-31,D_MODEL_FALLBACK_PRICE,Marty Freudenburg,5,AUEAKRQV,83,4821.0,0,0.0
2017-07-31,D_MODEL_FALLBACK_PRICE,Maureen Marcano,1,4NAHJMYM,98,5482.0,0,0.0
2017-07-31,D_MODEL_FALLBACK_PRICE,Maureen Marcano,2,D62905BC,98,5482.0,0,0.0
2017-07-31,D_MODEL_FALLBACK_PRICE,Maureen Marcano,3,R1K16RZO,98,5482.0,0,0.0
2017-07-31,D_MODEL_FALLBACK_PRICE,Maureen Marcano,4,DYNHHN6P,96,4821.0,0,0.0
2017-07-31,D_MODEL_FALLBACK_PRICE,Maureen Marcano,5,GQ2W1DXM,96,4821.0,0,0.0
2017-07-31,D_MODEL_FALLBACK_PRICE,Moses Frase,1,F3EOBN5A,85,5482.0,0,0.0
2017-07-31,D_MODEL_FALLBACK_PRICE,Moses Frase,2,Q8Q4R3SW,85,5482.0,0,0.0
2017-07-31,D_MODEL_FALLBACK_PRICE,Moses Frase,3,NYLCZ28K,85,3393.0,1,3025.0
2017-07-31,D_MODEL_FALLBACK_PRICE,Moses Frase,4,XUU1PPTJ,83,5482.0,0,0.0
2017-07-31,D_MODEL_FALLBACK_PRICE,Moses Frase,5,C2RL3DUQ,78,3393.0,0,0.0
2017-07-31,D_MODEL_FALLBACK_PRICE,Niesha Huffines,1,2ZEFCKS3,97,4821.0,0,0.0
2017-07-31,D_MODEL_FALLBACK_PRICE,Niesha Huffines,2,WGSS08LF,92,4821.0,0,0.0
2017-07-31,D_MODEL_FALLBACK_PRICE,Niesha Huffines,3,BBOWBQA6,85,5482.0,0,0.0
2017-07-31,D_MODEL_FALLBACK_PRICE,Niesha Huffines,4,H2FCUPHJ,76,4821.0,0,0.0
2017-07-31,D_MODEL_FALLBACK_PRICE,Niesha Huffines,5,IRODLEGG,72,3393.0,0,0.0
2017-07-31,D_MODEL_FALLBACK_PRICE,Reed Clapper,1,4T9CQH5J,99,5482.0,0,0.0
2017-07-31,D_MODEL_FALLBACK_PRICE,Reed Clapper,2,96A1GDXO,99,5482.0,1,5601.0
2017-07-31,D_MODEL_FALLBACK_PRICE,Reed Clapper,3,RNH95U0V,99,5482.0,1,6346.0
2017-07-31,D_MODEL_FALLBACK_PRICE,Reed Clapper,4,AZX4XC81,88,3393.0,0,0.0
2017-07-31,D_MODEL_FALLBACK_PRICE,Reed Clapper,5,KZMZH8L6,87,5482.0,0,0.0
2017-07-31,D_MODEL_FALLBACK_PRICE,Rosalina Dieter,1,4X3H9YD5,100,26768.0,1,25791.0
2017-07-31,D_MODEL_FALLBACK_PRICE,Rosalina Dieter,2,83JP1K4E,100,26768.0,1,24899.0
2017-07-31,D_MODEL_FALLBACK_PRICE,Rosalina Dieter,3,9SRD5NCR,100,26768.0,0,0.0
2017-07-31,D_MODEL_FALLBACK_PRICE,Rosalina Dieter,4,7K0S2P6K,96,4821.0,0,0.0
2017-07-31,D_MODEL_FALLBACK_PRICE,Rosalina Dieter,5,IN9S33CD,92,5482.0,0,0.0
2017-07-31,D_MODEL_FALLBACK_PRICE,Rosie Papadopoulos,1,NOO83M87,99,5482.0,0,0.0
2017-07-31,D_MODEL_FALLBACK_PRICE,Rosie Papadopoulos,2,Q8BZ3PC9,98,5482.0,0,0.0
2017-07-31,D_MODEL_FALLBACK_PRICE,Rosie Papadopoulos,3,XOVYPE58,98,4821.0,0,0.0
2017-07-31,D_MODEL_FALLBACK_PRICE,Rosie Papadopoulos,4,I81SUA2R,95,4821.0,1,5182.0
2017-07-31,D_MODEL_FALLBACK_PRICE,Rosie Papadopoulos,5,FVGRGJU8,93,3393.0,0,0.0
2017-07-31,D_MODEL_FALLBACK_PRICE,Versie Hillebrand,1,N7KJ821I,99,5482.0,0,0.0
2017-07-31,D_MODEL_FALLBACK_PRICE,Versie Hillebrand,2,QYTGB5LA,99,5482.0,1,5145.0
2017-07-31,D_MODEL_FALLBACK_PRICE,Versie Hillebrand,3,QRFKRSKS,93,3393.0,0,0.0
2017-07-31,D_MODEL_FALLBACK_PRICE,Versie Hillebrand,4,18YA4UUP,86,5482.0,0,0.0
2017-07-31,D_MODEL_FALLBACK_PRICE,Versie Hillebrand,5,ER3G544S,82,3393.0,0,0.0
2017-07-31,D_MODEL_FALLBACK_PRICE,Vicki Laflamme,1,VMIAO42Z,99,5482.0,0,0.0
2017-07-31,D_MODEL_FALLBACK_PRICE,Vicki Laflamme,2,UYQJ2A1O,98,5482.0,0,0.0
2017-07-31,D_MODEL_FALLBACK_PRICE,Vicki Laflamme,3,5BAGWGAG,97,5482.0,1,5987.0
2017-07-31,D_MODEL_FALLBACK_PRICE,Vicki Laflamme,4,EBUJQ571,97,4821.0,1,5040.0
2017-07-31,D_MODEL_FALLBACK_PRICE,Vicki Laflamme,5,J82TWNI7,97,4821.0,0,0.0
2017-07-31,D_MODEL_FALLBACK_PRICE,Violet Mclelland,1,DE5WRZ6B,95,4821.0,0,0.0
2017-07-31,D_MODEL_FALLBACK_PRICE,Violet Mclelland,2,UOXKC4UG,92,3393.0,1,2981.0
2017-07-31,D_MODEL_FALLBACK_PRICE,Violet Mclelland,3,NHA6MNJF,86,3393.0,0,0.0
2017-07-31,D_MODEL_FALLBACK_PRICE,Violet Mclelland,4,N2KXGJO3,84,3393.0,1,3033.0
2017-07-31,D_MODEL_FALLBACK_PRICE,Violet Mclelland,5,CUV49MUR,83,4821.0,0,0.0
2017-07-31,D_MODEL_FALLBACK_PRICE,Wilburn Farren,1,M10S36W3,93,5482.0,0,0.0
2017-07-31,D_MODEL_FALLBACK_PRICE,Wilburn Farren,2,YW14K7PE,92,5482.0,0,0.0
2017-07-31,D_MODEL_FALLBACK_PRICE,Wilburn Farren,3,89P5UVQ0,87,4821.0,0,0.0
2017-07-31,D_MODEL_FALLBACK_PRICE,Wilburn Farren,4,PRHL94PK,87,3393.0,1,3666.0
2017-07-31,D_MODEL_FALLBACK_PRICE,Wilburn Farren,5,6CPBVF9F,86,3393.0,0,0.0
2017-07-31,D_MODEL_FALLBACK_PRICE,Zane Levy,1,UU25XD9E,95,4821.0,0,0.0
2017-07-31,D_MODEL_FALLBACK_PRICE,Zane Levy,2,LFPY1Z14,93,4821.0,0,0.0
2017-07-31,D_MODEL_FALLBACK_PRICE,Zane Levy,3,8WB5HXOB,91,5482.0,0,0.0
2017-07-31,D_MODEL_FALLBACK_PRICE,Zane Levy,4,9UYUV724,90,5482.0,0,0.0
2017-07-31,D_MODEL_FALLBACK_PRICE,Zane Levy,5,LNX7ULEG,89,5482.0,1,5572.0
2017-08-31,A_PRICE,Anna Snelling,1,1FEHFRKX,94,5482.0,0,0.0
2017-08-31,A_PRICE,Anna Snelling,2,1T5WFCEJ,94,5482.0,0,0.0
2017-08-31,A_PRICE,Anna Snelling,3,513PSPBN,94,5482.0,0,0.0
2017-08-31,A_PRICE,Anna Snelling,4,64CTQ6C5,94,5482.0,0,0.0
2017-08-31,A_PRICE,Anna Snelling,5,7FZ9CBZ3,94,5482.0,0,0.0
2017-08-31,A_PRICE,Boris Faz,1,0DLEXLEV,94,5482.0,1,6117.0
2017-08-31,A_PRICE,Boris Faz,2,2PQORQGO,94,5482.0,1,5714.0
2017-08-31,A_PRICE,Boris Faz,3,41RF80KQ,94,5482.0,0,0.0
2017-08-31,A_PRICE,Boris Faz,4,5HKITTHD,94,5482.0,0,0.0
2017-08-31,A_PRICE,Boris Faz,5,5TRALM9T,94,5482.0,0,0.0
2017-08-31,A_PRICE,Cassey Cress,1,0T9KUEQ2,94,5482.0,0,0.0
2017-08-31,A_PRICE,Cassey Cress,2,49T60OCI,94,5482.0,0,0.0
2017-08-31,A_PRICE,Cassey Cress,3,6TGCOE5O,94,5482.0,0,0.0
2017-08-31,A_PRICE,Cassey Cress,4,9Q7NSPTF,94,5482.0,0,0.0
2017-08-31,A_PRICE,Cassey Cress,5,K8VBNOW9,94,5482.0,1,4791.0
2017-08-31,A_PRICE,Cecily Lampkin,1,73EBDWP4,94,5482.0,1,4994.0
2017-08-31,A_PRICE,Cecily Lampkin,2,99NDUEKO,94,5482.0,0,0.0
2017-08-31,A_PRICE,Cecily Lampkin,3,AHXFADIU,94,5482.0,0,0.0
2017-08-31,A_PRICE,Cecily Lampkin,4,TWO2Q99P,94,5482.0,1,5753.0
2017-08-31,A_PRICE,Cecily Lampkin,5,U68B4UQU,94,5482.0,1,5096.0
2017-08-31,A_PRICE,Corliss Cosme,1,0STR2QEA,94,5482.0,0,0.0
2017-08-31,A_PRICE,Corliss Cosme,2,1KVGSF08,94,5482.0,1,4989.0
2017-08-31,A_PRICE,Corliss Cosme,3,4335LVQT,94,5482.0,0,0.0
2017-08-31,A_PRICE,Corliss Cosme,4,58CABL04,94,5482.0,0,0.0
2017-08-31,A_PRICE,Corliss Cosme,5,94JT388Y,94,5482.0,1,4520.0
2017-08-31,A_PRICE,Daniell Hammack,1,0KEO3OP7,94,5482.0,0,0.0
2017-08-31,A_PRICE,Daniell Hammack,2,HEWKNHTH,94,5482.0,0,0.0
2017-08-31,A_PRICE,Daniell Hammack,3,HF1GSBT4,94,5482.0,0,0.0
2017-08-31,A_PRICE,Daniell Hammack,4,KJHM27ZM,94,5482.0,0,0.0
2017-08-31,A_PRICE,Daniell Hammack,5,Q2CLAKLM,94,5482.0,0,0.0
2017-08-31,A_PRICE,Darcel Schlecht,1,4XLLUO6J,94,5482.0,1,6360.0
2017-08-31,A_PRICE,Darcel Schlecht,2,5NGPM4C3,94,5482.0,0,0.0
2017-08-31,A_PRICE,Darcel Schlecht,3,6K7LDRKR,94,5482.0,0,0.0
2017-08-31,A_PRICE,Darcel Schlecht,4,7TFHGN6O,94,5482.0,0,0.0
2017-08-31,A_PRICE,Darcel Schlecht,5,CDAMI76Z,94,5482.0,1,5293.0
2017-08-31,A_PRICE,Donn Cantrell,1,3XUKEIQF,94,5482.0,0,0.0
2017-08-31,A_PRICE,Donn Cantrell,2,5IOG6X00,94,5482.0,1,6205.0
2017-08-31,A_PRICE,Donn Cantrell,3,8SNDBWPP,94,5482.0,0,0.0
2017-08-31,A_PRICE,Donn Cantrell,4,AMGC18DS,94,5482.0,0,0.0
2017-08-31,A_PRICE,Donn Cantrell,5,EMIAKHPF,94,5482.0,1,5051.0
2017-08-31,A_PRICE,Elease Gluck,1,A04V2WB3,100,26768.0,0,0.0
2017-08-31,A_PRICE,Elease Gluck,2,DJMPI9TO,100,26768.0,0,0.0
2017-08-31,A_PRICE,Elease Gluck,3,GG85QBTM,100,26768.0,0,0.0
2017-08-31,A_PRICE,Elease Gluck,4,04OAV3CV,94,5482.0,0,0.0
2017-08-31,A_PRICE,Elease Gluck,5,I8OUZNDS,94,5482.0,0,0.0
2017-08-31,A_PRICE,Garret Kinder,1,5GEBBVQQ,94,5482.0,0,0.0
2017-08-31,A_PRICE,Garret Kinder,2,POXC3DA1,94,5482.0,0,0.0
2017-08-31,A_PRICE,Garret Kinder,3,UZTMM5MG,81,4821.0,0,0.0
2017-08-31,A_PRICE,Garret Kinder,4,WB44DF28,81,4821.0,1,5206.0
2017-08-31,A_PRICE,Garret Kinder,5,1397M445,65,3393.0,0,0.0
2017-08-31,A_PRICE,Gladys Colclough,1,07WKR17A,94,5482.0,1,6193.0
2017-08-31,A_PRICE,Gladys Colclough,2,5MAXF8FK,94,5482.0,0,0.0
2017-08-31,A_PRICE,Gladys Colclough,3,G7RZTAMV,94,5482.0,0,0.0
2017-08-31,A_PRICE,Gladys Colclough,4,GBQ8OLNP,94,5482.0,0,0.0
2017-08-31,A_PRICE,Gladys Colclough,5,P8P9MKJL,94,5482.0,1,5548.0
2017-08-31,A_PRICE,Hayden Neloms,1,2BXYT4PD,94,5482.0,0,0.0
2017-08-31,A_PRICE,Hayden Neloms,2,6M89XBL0,94,5482.0,1,5053.0
2017-08-31,A_PRICE,Hayden Neloms,3,8AK1G9IT,94,5482.0,0,0.0
2017-08-31,A_PRICE,Hayden Neloms,4,M2A8EY5Q,94,5482.0,0,0.0
2017-08-31,A_PRICE,Hayden Neloms,5,QQPAK72N,94,5482.0,0,0.0
2017-08-31,A_PRICE,James Ascencio,1,0D95JSVW,94,5482.0,1,6192.0
2017-08-31,A_PRICE,James Ascencio,2,1O72EKFY,94,5482.0,0,0.0
2017-08-31,A_PRICE,James Ascencio,3,3UOIHNKR,94,5482.0,1,5533.0
2017-08-31,A_PRICE,James Ascencio,4,AY3KTIXX,94,5482.0,0,0.0
2017-08-31,A_PRICE,James Ascencio,5,D85PDC6S,94,5482.0,0,0.0
2017-08-31,A_PRICE,Jonathan Berthelot,1,BICJY3FZ,94,5482.0,0,0.0
2017-08-31,A_PRICE,Jonathan Berthelot,2,7K31BXX3,81,4821.0,0,0.0
2017-08-31,A_PRICE,Jonathan Berthelot,3,8CQ2I2P2,81,4821.0,0,0.0
2017-08-31,A_PRICE,Jonathan Berthelot,4,B7VEJNPV,81,4821.0,0,0.0
2017-08-31,A_PRICE,Jonathan Berthelot,5,D6XIVDQF,81,4821.0,1,5625.0
2017-08-31,A_PRICE,Kami Bicknell,1,059K86LU,94,5482.0,0,0.0
2017-08-31,A_PRICE,Kami Bicknell,2,EYNZMBI0,94,5482.0,1,4755.0
2017-08-31,A_PRICE,Kami Bicknell,3,MN34I4DD,94,5482.0,1,5848.0
2017-08-31,A_PRICE,Kami Bicknell,4,N0XWYRBU,94,5482.0,0,0.0
2017-08-31,A_PRICE,Kami Bicknell,5,RLTHGLLJ,94,5482.0,0,0.0
2017-08-31,A_PRICE,Kary Hendrixson,1,1IY7Y42E,94,5482.0,0,0.0
2017-08-31,A_PRICE,Kary Hendrixson,2,5CAP1055,94,5482.0,0,0.0
2017-08-31,A_PRICE,Kary Hendrixson,3,7HSRDCCK,94,5482.0,0,0.0
2017-08-31,A_PRICE,Kary Hendrixson,4,BYF6ABTZ,94,5482.0,0,0.0
2017-08-31,A_PRICE,Kary Hendrixson,5,EFA9E6WV,94,5482.0,1,5056.0
2017-08-31,A_PRICE,Lajuana Vencill,1,IMLG35AP,94,5482.0,0,0.0
2017-08-31,A_PRICE,Lajuana Vencill,2,OD895EQM,94,5482.0,0,0.0
2017-08-31,A_PRICE,Lajuana Vencill,3,0T2CY70E,65,3393.0,0,0.0
2017-08-31,A_PRICE,Lajuana Vencill,4,5JIXFMFY,65,3393.0,1,3438.0
2017-08-31,A_PRICE,Lajuana Vencill,5,D7JDQB12,65,3393.0,1,2857.0
2017-08-31,A_PRICE,Markita Hansen,1,021Z2J9L,100,26768.0,0,0.0
2017-08-31,A_PRICE,Markita Hansen,2,5URQT67R,100,26768.0,0,0.0
2017-08-31,A_PRICE,Markita Hansen,3,GL1YE4PQ,100,26768.0,0,0.0
2017-08-31,A_PRICE,Markita Hansen,4,LSJ2A8ZX,100,26768.0,1,29166.0
2017-08-31,A_PRICE,Markita Hansen,5,N3GVE0VP,100,26768.0,0,0.0
2017-08-31,A_PRICE,Marty Freudenburg,1,DO6VKC2G,100,26768.0,0,0.0
2017-08-31,A_PRICE,Marty Freudenburg,2,78OETKRD,94,5482.0,0,0.0
2017-08-31,A_PRICE,Marty Freudenburg,3,AD2YEH7W,94,5482.0,0,0.0
2017-08-31,A_PRICE,Marty Freudenburg,4,CBQRKYZP,94,5482.0,0,0.0
2017-08-31,A_PRICE,Marty Freudenburg,5,E3XLWCWX,94,5482.0,0,0.0
2017-08-31,A_PRICE,Maureen Marcano,1,18KMXL8N,94,5482.0,0,0.0
2017-08-31,A_PRICE,Maureen Marcano,2,4NAHJMYM,94,5482.0,1,4786.0
2017-08-31,A_PRICE,Maureen Marcano,3,6V7OMXY5,94,5482.0,1,5966.0
2017-08-31,A_PRICE,Maureen Marcano,4,MV227O65,94,5482.0,0,0.0
2017-08-31,A_PRICE,Maureen Marcano,5,R1K16RZO,94,5482.0,0,0.0
2017-08-31,A_PRICE,Moses Frase,1,F3EOBN5A,94,5482.0,0,0.0
2017-08-31,A_PRICE,Moses Frase,2,FKOA9EF9,94,5482.0,0,0.0
2017-08-31,A_PRICE,Moses Frase,3,XUU1PPTJ,94,5482.0,0,0.0
2017-08-31,A_PRICE,Moses Frase,4,0R5KAHNB,65,3393.0,0,0.0
2017-08-31,A_PRICE,Moses Frase,5,40VSPND6,65,3393.0,1,3679.0
2017-08-31,A_PRICE,Niesha Huffines,1,66KFPHBT,94,5482.0,1,5944.0
2017-08-31,A_PRICE,Niesha Huffines,2,BBOWBQA6,94,5482.0,0,0.0
2017-08-31,A_PRICE,Niesha Huffines,3,ID7F5VGK,94,5482.0,0,0.0
2017-08-31,A_PRICE,Niesha Huffines,4,2E2FDZHG,81,4821.0,0,0.0
2017-08-31,A_PRICE,Niesha Huffines,5,2ZEFCKS3,81,4821.0,1,4835.0
2017-08-31,A_PRICE,Reed Clapper,1,4T9CQH5J,94,5482.0,0,0.0
2017-08-31,A_PRICE,Reed Clapper,2,5J1C46RJ,94,5482.0,1,5927.0
2017-08-31,A_PRICE,Reed Clapper,3,J3K9EXW0,94,5482.0,0,0.0
2017-08-31,A_PRICE,Reed Clapper,4,KZMZH8L6,94,5482.0,1,6180.0
2017-08-31,A_PRICE,Reed Clapper,5,TGI9B9AD,94,5482.0,0,0.0
2017-08-31,A_PRICE,Rosalina Dieter,1,9SRD5NCR,100,26768.0,0,0.0
2017-08-31,A_PRICE,Rosalina Dieter,2,0VG9PGMI,94,5482.0,1,6391.0
2017-08-31,A_PRICE,Rosalina Dieter,3,6AO6E15O,81,4821.0,0,0.0
2017-08-31,A_PRICE,Rosalina Dieter,4,7K0S2P6K,81,4821.0,0,0.0
2017-08-31,A_PRICE,Rosalina Dieter,5,H1Y2W48V,81,4821.0,1,5561.0
2017-08-31,A_PRICE,Rosie Papadopoulos,1,98K99UW9,94,5482.0,0,0.0
2017-08-31,A_PRICE,Rosie Papadopoulos,2,PG5S1KYF,94,5482.0,0,0.0
2017-08-31,A_PRICE,Rosie Papadopoulos,3,Q8BZ3PC9,94,5482.0,0,0.0
2017-08-31,A_PRICE,Rosie Papadopoulos,4,YYTZSTL0,94,5482.0,0,0.0
2017-08-31,A_PRICE,Rosie Papadopoulos,5,01FNZW2T,81,4821.0,0,0.0
2017-08-31,A_PRICE,Versie Hillebrand,1,18YA4UUP,94,5482.0,0,0.0
2017-08-31,A_PRICE,Versie Hillebrand,2,1RXGKOUE,94,5482.0,0,0.0
2017-08-31,A_PRICE,Versie Hillebrand,3,3YDXZ4FA,94,5482.0,0,0.0
2017-08-31,A_PRICE,Versie Hillebrand,4,WRKPDK7O,94,5482.0,0,0.0
2017-08-31,A_PRICE,Versie Hillebrand,5,2DOZJ7GT,65,3393.0,0,0.0
2017-08-31,A_PRICE,Vicki Laflamme,1,1SKGHPHL,94,5482.0,0,0.0
2017-08-31,A_PRICE,Vicki Laflamme,2,2FNTCPOU,94,5482.0,0,0.0
2017-08-31,A_PRICE,Vicki Laflamme,3,3C6E0D28,94,5482.0,0,0.0
2017-08-31,A_PRICE,Vicki Laflamme,4,7A3R2M9T,94,5482.0,0,0.0
2017-08-31,A_PRICE,Vicki Laflamme,5,AB39AL3A,94,5482.0,0,0.0
2017-08-31,A_PRICE,Violet Mclelland,1,CUV49MUR,81,4821.0,0,0.0
2017-08-31,A_PRICE,Violet Mclelland,2,GVOKY9KD,81,4821.0,0,0.0
2017-08-31,A_PRICE,Violet Mclelland,3,QKW7MDJK,81,4821.0,0,0.0
2017-08-31,A_PRICE,Violet Mclelland,4,R443AUAG,81,4821.0,0,0.0
2017-08-31,A_PRICE,Violet Mclelland,5,0SPX7FIJ,65,3393.0,0,0.0
2017-08-31,A_PRICE,Wilburn Farren,1,M10S36W3,94,5482.0,0,0.0
2017-08-31,A_PRICE,Wilburn Farren,2,YW14K7PE,94,5482.0,1,5198.0
2017-08-31,A_PRICE,Wilburn Farren,3,89P5UVQ0,81,4821.0,0,0.0
2017-08-31,A_PRICE,Wilburn Farren,4,I967JINR,81,4821.0,1,3961.0
2017-08-31,A_PRICE,Wilburn Farren,5,3AX6QBR3,65,3393.0,1,3101.0
2017-08-31,A_PRICE,Zane Levy,1,6UUTR15S,94,5482.0,1,4059.0
2017-08-31,A_PRICE,Zane Levy,2,8WB5HXOB,94,5482.0,0,0.0
2017-08-31,A_PRICE,Zane Levy,3,9UYUV724,94,5482.0,0,0.0
2017-08-31,A_PRICE,Zane Levy,4,L9CJZZ59,94,5482.0,0,0.0
2017-08-31,A_PRICE,Zane Levy,5,041Q1IZL,81,4821.0,0,0.0
2017-08-31,B_AGE_PRICE,Anna Snelling,1,MELHF0ZP,96,5482.0,1,5373.0
2017-08-31,B_AGE_PRICE,Anna Snelling,2,ASC1OWNE,92,5482.0,1,6250.0
2017-08-31,B_AGE_PRICE,Anna Snelling,3,BPQ0358T,87,3393.0,0,0.0
2017-08-31,B_AGE_PRICE,Anna Snelling,4,NYI5VMXK,84,3393.0,1,3571.0
2017-08-31,B_AGE_PRICE,Anna Snelling,5,1FEHFRKX,83,5482.0,0,0.0
2017-08-31,B_AGE_PRICE,Boris Faz,1,OIO2H2MY,99,5482.0,0,0.0
2017-08-31,B_AGE_PRICE,Boris Faz,2,41RF80KQ,97,5482.0,0,0.0
2017-08-31,B_AGE_PRICE,Boris Faz,3,JL9ERNVY,97,5482.0,0,0.0
2017-08-31,B_AGE_PRICE,Boris Faz,4,0DLEXLEV,96,5482.0,1,6117.0
2017-08-31,B_AGE_PRICE,Boris Faz,5,2PQORQGO,96,5482.0,1,5714.0
2017-08-31,B_AGE_PRICE,Cassey Cress,1,4ZX1WPS7,98,4821.0,0,0.0
2017-08-31,B_AGE_PRICE,Cassey Cress,2,HDALWEHF,98,4821.0,0,0.0
2017-08-31,B_AGE_PRICE,Cassey Cress,3,TR3TXXHF,97,5482.0,1,5778.0
2017-08-31,B_AGE_PRICE,Cassey Cress,4,WEKW3XIN,93,5482.0,0,0.0
2017-08-31,B_AGE_PRICE,Cassey Cress,5,YY39ZQNV,92,4821.0,1,5857.0
2017-08-31,B_AGE_PRICE,Cecily Lampkin,1,UZ0MRAFU,87,5482.0,1,5455.0
2017-08-31,B_AGE_PRICE,Cecily Lampkin,2,TWO2Q99P,85,5482.0,1,5753.0
2017-08-31,B_AGE_PRICE,Cecily Lampkin,3,WCEPUBH5,84,3393.0,1,3510.0
2017-08-31,B_AGE_PRICE,Cecily Lampkin,4,8U5GBXK1,82,3393.0,1,3427.0
2017-08-31,B_AGE_PRICE,Cecily Lampkin,5,OT5G3M9A,73,3393.0,0,0.0
2017-08-31,B_AGE_PRICE,Corliss Cosme,1,RXAQJKSL,99,5482.0,0,0.0
2017-08-31,B_AGE_PRICE,Corliss Cosme,2,HF74MC9F,98,5482.0,0,0.0
2017-08-31,B_AGE_PRICE,Corliss Cosme,3,0STR2QEA,97,5482.0,0,0.0
2017-08-31,B_AGE_PRICE,Corliss Cosme,4,YVXKNYSM,97,4821.0,0,0.0
2017-08-31,B_AGE_PRICE,Corliss Cosme,5,JM5GDLEF,96,4821.0,0,0.0
2017-08-31,B_AGE_PRICE,Daniell Hammack,1,0KEO3OP7,99,5482.0,0,0.0
2017-08-31,B_AGE_PRICE,Daniell Hammack,2,Q2CLAKLM,99,5482.0,0,0.0
2017-08-31,B_AGE_PRICE,Daniell Hammack,3,KJHM27ZM,98,5482.0,0,0.0
2017-08-31,B_AGE_PRICE,Daniell Hammack,4,PGYBGBU3,96,4821.0,1,4491.0
2017-08-31,B_AGE_PRICE,Daniell Hammack,5,DC2JL47C,95,4821.0,0,0.0
2017-08-31,B_AGE_PRICE,Darcel Schlecht,1,2G82J8WD,96,4821.0,1,4914.0
2017-08-31,B_AGE_PRICE,Darcel Schlecht,2,NJC209SC,96,4821.0,1,5961.0
2017-08-31,B_AGE_PRICE,Darcel Schlecht,3,6JWA8DFJ,93,4821.0,1,4903.0
2017-08-31,B_AGE_PRICE,Darcel Schlecht,4,AIAX4W1O,92,4821.0,1,5322.0
2017-08-31,B_AGE_PRICE,Darcel Schlecht,5,L2QMWU4H,91,5482.0,1,4430.0
2017-08-31,B_AGE_PRICE,Donn Cantrell,1,EMIAKHPF,95,5482.0,1,5051.0
2017-08-31,B_AGE_PRICE,Donn Cantrell,2,AMGC18DS,91,5482.0,0,0.0
2017-08-31,B_AGE_PRICE,Donn Cantrell,3,SURL8H49,90,3393.0,1,3521.0
2017-08-31,B_AGE_PRICE,Donn Cantrell,4,IKNMU8HM,89,5482.0,0,0.0
2017-08-31,B_AGE_PRICE,Donn Cantrell,5,P60PIE95,87,5482.0,1,5861.0
2017-08-31,B_AGE_PRICE,Elease Gluck,1,A04V2WB3,100,26768.0,0,0.0
2017-08-31,B_AGE_PRICE,Elease Gluck,2,DJMPI9TO,100,26768.0,0,0.0
2017-08-31,B_AGE_PRICE,Elease Gluck,3,GG85QBTM,100,26768.0,0,0.0
2017-08-31,B_AGE_PRICE,Elease Gluck,4,04OAV3CV,98,5482.0,0,0.0
2017-08-31,B_AGE_PRICE,Elease Gluck,5,3IWUUUCN,95,4821.0,0,0.0
2017-08-31,B_AGE_PRICE,Garret Kinder,1,POXC3DA1,97,5482.0,0,0.0
2017-08-31,B_AGE_PRICE,Garret Kinder,2,WB44DF28,91,4821.0,1,5206.0
2017-08-31,B_AGE_PRICE,Garret Kinder,3,QF1I965E,77,3393.0,1,3340.0
2017-08-31,B_AGE_PRICE,Garret Kinder,4,5GEBBVQQ,69,5482.0,0,0.0
2017-08-31,B_AGE_PRICE,Garret Kinder,5,UZTMM5MG,67,4821.0,0,0.0
2017-08-31,B_AGE_PRICE,Gladys Colclough,1,ZT6D57ED,96,5482.0,1,6274.0
2017-08-31,B_AGE_PRICE,Gladys Colclough,2,LKMZWCKQ,94,4821.0,0,0.0
2017-08-31,B_AGE_PRICE,Gladys Colclough,3,07WKR17A,91,5482.0,1,6193.0
2017-08-31,B_AGE_PRICE,Gladys Colclough,4,BNYWSG6W,87,3393.0,1,3598.0
2017-08-31,B_AGE_PRICE,Gladys Colclough,5,DJ60T39C,85,3393.0,1,3621.0
2017-08-31,B_AGE_PRICE,Hayden Neloms,1,2BXYT4PD,97,5482.0,0,0.0
2017-08-31,B_AGE_PRICE,Hayden Neloms,2,0EYXI1UN,95,3393.0,0,0.0
2017-08-31,B_AGE_PRICE,Hayden Neloms,3,6M89XBL0,94,5482.0,1,5053.0
2017-08-31,B_AGE_PRICE,Hayden Neloms,4,NUQPJV8A,94,3393.0,0,0.0
2017-08-31,B_AGE_PRICE,Hayden Neloms,5,3N46WQVI,92,3393.0,0,0.0
2017-08-31,B_AGE_PRICE,James Ascencio,1,OLGT0VHP,99,5482.0,0,0.0
2017-08-31,B_AGE_PRICE,James Ascencio,2,EF24VTVA,98,5482.0,0,0.0
2017-08-31,B_AGE_PRICE,James Ascencio,3,D85PDC6S,97,5482.0,0,0.0
2017-08-31,B_AGE_PRICE,James Ascencio,4,HU970PDK,97,5482.0,0,0.0
2017-08-31,B_AGE_PRICE,James Ascencio,5,K7TV5UBZ,97,5482.0,0,0.0
2017-08-31,B_AGE_PRICE,Jonathan Berthelot,1,D6XIVDQF,96,4821.0,1,5625.0
2017-08-31,B_AGE_PRICE,Jonathan Berthelot,2,VA2JJZXD,96,4821.0,0,0.0
2017-08-31,B_AGE_PRICE,Jonathan Berthelot,3,JP2EY6QU,95,4821.0,1,4929.0
2017-08-31,B_AGE_PRICE,Jonathan Berthelot,4,SFBHZLHK,94,4821.0,1,4138.0
2017-08-31,B_AGE_PRICE,Jonathan Berthelot,5,L58MN75X,91,4821.0,1,5220.0
2017-08-31,B_AGE_PRICE,Kami Bicknell,1,EYNZMBI0,98,5482.0,1,4755.0
2017-08-31,B_AGE_PRICE,Kami Bicknell,2,FSEF5ZR9,97,4821.0,1,4426.0
2017-08-31,B_AGE_PRICE,Kami Bicknell,3,3ATYY665,95,4821.0,0,0.0
2017-08-31,B_AGE_PRICE,Kami Bicknell,4,GZU4ZSFE,95,4821.0,1,4924.0
2017-08-31,B_AGE_PRICE,Kami Bicknell,5,7VMOJBPN,94,4821.0,0,0.0
2017-08-31,B_AGE_PRICE,Kary Hendrixson,1,BYF6ABTZ,99,5482.0,0,0.0
2017-08-31,B_AGE_PRICE,Kary Hendrixson,2,LSVGDJ1A,99,5482.0,0,0.0
2017-08-31,B_AGE_PRICE,Kary Hendrixson,3,10AEGW41,99,4821.0,0,0.0
2017-08-31,B_AGE_PRICE,Kary Hendrixson,4,2LSNRT4U,99,4821.0,0,0.0
2017-08-31,B_AGE_PRICE,Kary Hendrixson,5,5WHMLQDK,98,4821.0,0,0.0
2017-08-31,B_AGE_PRICE,Lajuana Vencill,1,JRAAPD3L,89,3393.0,1,3727.0
2017-08-31,B_AGE_PRICE,Lajuana Vencill,2,5JIXFMFY,87,3393.0,1,3438.0
2017-08-31,B_AGE_PRICE,Lajuana Vencill,3,IMLG35AP,83,5482.0,0,0.0
2017-08-31,B_AGE_PRICE,Lajuana Vencill,4,D7JDQB12,81,3393.0,1,2857.0
2017-08-31,B_AGE_PRICE,Lajuana Vencill,5,GWI45VGH,81,3393.0,1,3118.0
2017-08-31,B_AGE_PRICE,Markita Hansen,1,021Z2J9L,100,26768.0,0,0.0
2017-08-31,B_AGE_PRICE,Markita Hansen,2,5URQT67R,100,26768.0,0,0.0
2017-08-31,B_AGE_PRICE,Markita Hansen,3,GL1YE4PQ,100,26768.0,0,0.0
2017-08-31,B_AGE_PRICE,Markita Hansen,4,LSJ2A8ZX,100,26768.0,1,29166.0
2017-08-31,B_AGE_PRICE,Markita Hansen,5,N3GVE0VP,100,26768.0,0,0.0
2017-08-31,B_AGE_PRICE,Marty Freudenburg,1,DO6VKC2G,100,26768.0,0,0.0
2017-08-31,B_AGE_PRICE,Marty Freudenburg,2,AUEAKRQV,93,4821.0,1,5055.0
2017-08-31,B_AGE_PRICE,Marty Freudenburg,3,HDITQL1S,90,3393.0,1,2785.0
2017-08-31,B_AGE_PRICE,Marty Freudenburg,4,TLT4JJ0U,90,3393.0,0,0.0
2017-08-31,B_AGE_PRICE,Marty Freudenburg,5,EWRVDN3U,86,3393.0,0,0.0
2017-08-31,B_AGE_PRICE,Maureen Marcano,1,R1K16RZO,99,5482.0,0,0.0
2017-08-31,B_AGE_PRICE,Maureen Marcano,2,4NAHJMYM,98,5482.0,1,4786.0
2017-08-31,B_AGE_PRICE,Maureen Marcano,3,MV227O65,98,5482.0,0,0.0
2017-08-31,B_AGE_PRICE,Maureen Marcano,4,DYNHHN6P,98,4821.0,0,0.0
2017-08-31,B_AGE_PRICE,Maureen Marcano,5,GQ2W1DXM,98,4821.0,0,0.0
2017-08-31,B_AGE_PRICE,Moses Frase,1,P60EK5NN,84,3393.0,1,2739.0
2017-08-31,B_AGE_PRICE,Moses Frase,2,F3EOBN5A,83,5482.0,0,0.0
2017-08-31,B_AGE_PRICE,Moses Frase,3,40VSPND6,83,3393.0,1,3679.0
2017-08-31,B_AGE_PRICE,Moses Frase,4,XUU1PPTJ,78,5482.0,0,0.0
2017-08-31,B_AGE_PRICE,Moses Frase,5,JOLNKYNH,73,3393.0,0,0.0
2017-08-31,B_AGE_PRICE,Niesha Huffines,1,2ZEFCKS3,98,4821.0,1,4835.0
2017-08-31,B_AGE_PRICE,Niesha Huffines,2,66KFPHBT,87,5482.0,1,5944.0
2017-08-31,B_AGE_PRICE,Niesha Huffines,3,IRODLEGG,87,3393.0,1,3449.0
2017-08-31,B_AGE_PRICE,Niesha Huffines,4,BBOWBQA6,83,5482.0,0,0.0
2017-08-31,B_AGE_PRICE,Niesha Huffines,5,H2FCUPHJ,79,4821.0,0,0.0
2017-08-31,B_AGE_PRICE,Reed Clapper,1,4T9CQH5J,99,5482.0,0,0.0
2017-08-31,B_AGE_PRICE,Reed Clapper,2,V9FD3EYK,93,4821.0,1,4370.0
2017-08-31,B_AGE_PRICE,Reed Clapper,3,5J1C46RJ,90,5482.0,1,5927.0
2017-08-31,B_AGE_PRICE,Reed Clapper,4,LXWQDEU3,89,4821.0,1,4801.0
2017-08-31,B_AGE_PRICE,Reed Clapper,5,CRWE8FRT,88,3393.0,1,3404.0
2017-08-31,B_AGE_PRICE,Rosalina Dieter,1,9SRD5NCR,100,26768.0,0,0.0
2017-08-31,B_AGE_PRICE,Rosalina Dieter,2,7K0S2P6K,99,4821.0,0,0.0
2017-08-31,B_AGE_PRICE,Rosalina Dieter,3,LC2RIMSX,93,4821.0,0,0.0
2017-08-31,B_AGE_PRICE,Rosalina Dieter,4,WWCMITY9,93,4821.0,0,0.0
2017-08-31,B_AGE_PRICE,Rosalina Dieter,5,OIFERO7S,93,3393.0,0,0.0
2017-08-31,B_AGE_PRICE,Rosie Papadopoulos,1,Q8BZ3PC9,99,5482.0,0,0.0
2017-08-31,B_AGE_PRICE,Rosie Papadopoulos,2,XOVYPE58,98,4821.0,0,0.0
2017-08-31,B_AGE_PRICE,Rosie Papadopoulos,3,FHWXZ6HL,97,4821.0,0,0.0
2017-08-31,B_AGE_PRICE,Rosie Papadopoulos,4,SWEQFKRF,96,4821.0,0,0.0
2017-08-31,B_AGE_PRICE,Rosie Papadopoulos,5,FVGRGJU8,94,3393.0,0,0.0
2017-08-31,B_AGE_PRICE,Versie Hillebrand,1,3YDXZ4FA,83,5482.0,0,0.0
2017-08-31,B_AGE_PRICE,Versie Hillebrand,2,PI8RROK0,83,3393.0,1,2949.0
2017-08-31,B_AGE_PRICE,Versie Hillebrand,3,T7TDUK3T,83,3393.0,1,3046.0
2017-08-31,B_AGE_PRICE,Versie Hillebrand,4,18YA4UUP,80,5482.0,0,0.0
2017-08-31,B_AGE_PRICE,Versie Hillebrand,5,1RXGKOUE,79,5482.0,0,0.0
2017-08-31,B_AGE_PRICE,Vicki Laflamme,1,UYQJ2A1O,99,5482.0,0,0.0
2017-08-31,B_AGE_PRICE,Vicki Laflamme,2,VMIAO42Z,99,5482.0,0,0.0
2017-08-31,B_AGE_PRICE,Vicki Laflamme,3,6G6ZCKSB,99,4821.0,0,0.0
2017-08-31,B_AGE_PRICE,Vicki Laflamme,4,E8QHX9TE,98,5482.0,0,0.0
2017-08-31,B_AGE_PRICE,Vicki Laflamme,5,IGHYUSN8,98,5482.0,0,0.0
2017-08-31,B_AGE_PRICE,Violet Mclelland,1,CUV49MUR,94,4821.0,0,0.0
2017-08-31,B_AGE_PRICE,Violet Mclelland,2,Z2E1UVVB,93,3393.0,0,0.0
2017-08-31,B_AGE_PRICE,Violet Mclelland,3,NHA6MNJF,92,3393.0,1,3061.0
2017-08-31,B_AGE_PRICE,Violet Mclelland,4,8Z4ZMS9U,91,3393.0,0,0.0
2017-08-31,B_AGE_PRICE,Violet Mclelland,5,PQ3CLZ2N,90,3393.0,1,3158.0
2017-08-31,B_AGE_PRICE,Wilburn Farren,1,YW14K7PE,97,5482.0,1,5198.0
2017-08-31,B_AGE_PRICE,Wilburn Farren,2,89P5UVQ0,96,4821.0,0,0.0
2017-08-31,B_AGE_PRICE,Wilburn Farren,3,I967JINR,93,4821.0,1,3961.0
2017-08-31,B_AGE_PRICE,Wilburn Farren,4,UJ7BYO6A,93,3393.0,0,0.0
2017-08-31,B_AGE_PRICE,Wilburn Farren,5,GYC77KNM,91,3393.0,1,3483.0
2017-08-31,B_AGE_PRICE,Zane Levy,1,8WB5HXOB,99,5482.0,0,0.0
2017-08-31,B_AGE_PRICE,Zane Levy,2,9UYUV724,97,5482.0,0,0.0
2017-08-31,B_AGE_PRICE,Zane Levy,3,UU25XD9E,97,4821.0,0,0.0
2017-08-31,B_AGE_PRICE,Zane Levy,4,LFPY1Z14,96,4821.0,0,0.0
2017-08-31,B_AGE_PRICE,Zane Levy,5,MWSPTOQK,95,4821.0,0,0.0
2017-08-31,C_AGE_PROPENSITY_PRICE,Anna Snelling,1,ASC1OWNE,95,5482.0,1,6250.0
2017-08-31,C_AGE_PROPENSITY_PRICE,Anna Snelling,2,MELHF0ZP,95,5482.0,1,5373.0
2017-08-31,C_AGE_PROPENSITY_PRICE,Anna Snelling,3,64CTQ6C5,87,5482.0,0,0.0
2017-08-31,C_AGE_PROPENSITY_PRICE,Anna Snelling,4,X2GXIKND,87,5482.0,0,0.0
2017-08-31,C_AGE_PROPENSITY_PRICE,Anna Snelling,5,BPQ0358T,84,3393.0,0,0.0
2017-08-31,C_AGE_PROPENSITY_PRICE,Boris Faz,1,0DLEXLEV,99,5482.0,1,6117.0
2017-08-31,C_AGE_PROPENSITY_PRICE,Boris Faz,2,2PQORQGO,99,5482.0,1,5714.0
2017-08-31,C_AGE_PROPENSITY_PRICE,Boris Faz,3,41RF80KQ,99,5482.0,0,0.0
2017-08-31,C_AGE_PROPENSITY_PRICE,Boris Faz,4,JL9ERNVY,99,5482.0,0,0.0
2017-08-31,C_AGE_PROPENSITY_PRICE,Boris Faz,5,VXTVHC1Z,99,5482.0,0,0.0
2017-08-31,C_AGE_PROPENSITY_PRICE,Cassey Cress,1,TR3TXXHF,99,5482.0,1,5778.0
2017-08-31,C_AGE_PROPENSITY_PRICE,Cassey Cress,2,4ZX1WPS7,97,4821.0,0,0.0
2017-08-31,C_AGE_PROPENSITY_PRICE,Cassey Cress,3,0T9KUEQ2,95,5482.0,0,0.0
2017-08-31,C_AGE_PROPENSITY_PRICE,Cassey Cress,4,49T60OCI,95,5482.0,0,0.0
2017-08-31,C_AGE_PROPENSITY_PRICE,Cassey Cress,5,K8VBNOW9,95,5482.0,1,4791.0
2017-08-31,C_AGE_PROPENSITY_PRICE,Cecily Lampkin,1,TWO2Q99P,95,5482.0,1,5753.0
2017-08-31,C_AGE_PROPENSITY_PRICE,Cecily Lampkin,2,UZ0MRAFU,95,5482.0,1,5455.0
2017-08-31,C_AGE_PROPENSITY_PRICE,Cecily Lampkin,3,73EBDWP4,87,5482.0,1,4994.0
2017-08-31,C_AGE_PROPENSITY_PRICE,Cecily Lampkin,4,U68B4UQU,87,5482.0,1,5096.0
2017-08-31,C_AGE_PROPENSITY_PRICE,Cecily Lampkin,5,8U5GBXK1,84,3393.0,1,3427.0
2017-08-31,C_AGE_PROPENSITY_PRICE,Corliss Cosme,1,0STR2QEA,99,5482.0,0,0.0
2017-08-31,C_AGE_PROPENSITY_PRICE,Corliss Cosme,2,HF74MC9F,99,5482.0,0,0.0
2017-08-31,C_AGE_PROPENSITY_PRICE,Corliss Cosme,3,JM5GDLEF,97,4821.0,0,0.0
2017-08-31,C_AGE_PROPENSITY_PRICE,Corliss Cosme,4,RY6T3GLC,97,4821.0,0,0.0
2017-08-31,C_AGE_PROPENSITY_PRICE,Corliss Cosme,5,YVXKNYSM,97,4821.0,0,0.0
2017-08-31,C_AGE_PROPENSITY_PRICE,Daniell Hammack,1,KJHM27ZM,99,5482.0,0,0.0
2017-08-31,C_AGE_PROPENSITY_PRICE,Daniell Hammack,2,DC2JL47C,97,4821.0,0,0.0
2017-08-31,C_AGE_PROPENSITY_PRICE,Daniell Hammack,3,GMN9KQN2,97,4821.0,0,0.0
2017-08-31,C_AGE_PROPENSITY_PRICE,Daniell Hammack,4,PGYBGBU3,97,4821.0,1,4491.0
2017-08-31,C_AGE_PROPENSITY_PRICE,Daniell Hammack,5,UGTXH980,97,4821.0,0,0.0
2017-08-31,C_AGE_PROPENSITY_PRICE,Darcel Schlecht,1,2G82J8WD,97,4821.0,1,4914.0
2017-08-31,C_AGE_PROPENSITY_PRICE,Darcel Schlecht,2,NJC209SC,97,4821.0,1,5961.0
2017-08-31,C_AGE_PROPENSITY_PRICE,Darcel Schlecht,3,6K7LDRKR,95,5482.0,0,0.0
2017-08-31,C_AGE_PROPENSITY_PRICE,Darcel Schlecht,4,L2QMWU4H,95,5482.0,1,4430.0
2017-08-31,C_AGE_PROPENSITY_PRICE,Darcel Schlecht,5,HUCB9WIQ,92,3393.0,0,0.0
2017-08-31,C_AGE_PROPENSITY_PRICE,Donn Cantrell,1,8SNDBWPP,95,5482.0,0,0.0
2017-08-31,C_AGE_PROPENSITY_PRICE,Donn Cantrell,2,AMGC18DS,95,5482.0,0,0.0
2017-08-31,C_AGE_PROPENSITY_PRICE,Donn Cantrell,3,EMIAKHPF,95,5482.0,1,5051.0
2017-08-31,C_AGE_PROPENSITY_PRICE,Donn Cantrell,4,IKNMU8HM,95,5482.0,0,0.0
2017-08-31,C_AGE_PROPENSITY_PRICE,Donn Cantrell,5,P60PIE95,95,5482.0,1,5861.0
2017-08-31,C_AGE_PROPENSITY_PRICE,Elease Gluck,1,A04V2WB3,100,26768.0,0,0.0
2017-08-31,C_AGE_PROPENSITY_PRICE,Elease Gluck,2,DJMPI9TO,100,26768.0,0,0.0
2017-08-31,C_AGE_PROPENSITY_PRICE,Elease Gluck,3,GG85QBTM,100,26768.0,0,0.0
2017-08-31,C_AGE_PROPENSITY_PRICE,Elease Gluck,4,04OAV3CV,99,5482.0,0,0.0
2017-08-31,C_AGE_PROPENSITY_PRICE,Elease Gluck,5,3IWUUUCN,97,4821.0,0,0.0
2017-08-31,C_AGE_PROPENSITY_PRICE,Garret Kinder,1,POXC3DA1,99,5482.0,0,0.0
2017-08-31,C_AGE_PROPENSITY_PRICE,Garret Kinder,2,WB44DF28,89,4821.0,1,5206.0
2017-08-31,C_AGE_PROPENSITY_PRICE,Garret Kinder,3,QF1I965E,84,3393.0,1,3340.0
2017-08-31,C_AGE_PROPENSITY_PRICE,Garret Kinder,4,1397M445,77,3393.0,0,0.0
2017-08-31,C_AGE_PROPENSITY_PRICE,Garret Kinder,5,5GEBBVQQ,73,5482.0,0,0.0
2017-08-31,C_AGE_PROPENSITY_PRICE,Gladys Colclough,1,ZT6D57ED,99,5482.0,1,6274.0
2017-08-31,C_AGE_PROPENSITY_PRICE,Gladys Colclough,2,LKMZWCKQ,97,4821.0,0,0.0
2017-08-31,C_AGE_PROPENSITY_PRICE,Gladys Colclough,3,07WKR17A,95,5482.0,1,6193.0
2017-08-31,C_AGE_PROPENSITY_PRICE,Gladys Colclough,4,BNYWSG6W,84,3393.0,1,3598.0
2017-08-31,C_AGE_PROPENSITY_PRICE,Gladys Colclough,5,DJ60T39C,84,3393.0,1,3621.0
2017-08-31,C_AGE_PROPENSITY_PRICE,Hayden Neloms,1,2BXYT4PD,99,5482.0,0,0.0
2017-08-31,C_AGE_PROPENSITY_PRICE,Hayden Neloms,2,6M89XBL0,95,5482.0,1,5053.0
2017-08-31,C_AGE_PROPENSITY_PRICE,Hayden Neloms,3,M2A8EY5Q,95,5482.0,0,0.0
2017-08-31,C_AGE_PROPENSITY_PRICE,Hayden Neloms,4,2FMT1053,92,3393.0,0,0.0
2017-08-31,C_AGE_PROPENSITY_PRICE,Hayden Neloms,5,2YLXKON1,92,3393.0,0,0.0
2017-08-31,C_AGE_PROPENSITY_PRICE,James Ascencio,1,D85PDC6S,99,5482.0,0,0.0
2017-08-31,C_AGE_PROPENSITY_PRICE,James Ascencio,2,EF24VTVA,99,5482.0,0,0.0
2017-08-31,C_AGE_PROPENSITY_PRICE,James Ascencio,3,HU970PDK,99,5482.0,0,0.0
2017-08-31,C_AGE_PROPENSITY_PRICE,James Ascencio,4,K7TV5UBZ,99,5482.0,0,0.0
2017-08-31,C_AGE_PROPENSITY_PRICE,James Ascencio,5,X58FLJ8K,99,5482.0,1,5190.0
2017-08-31,C_AGE_PROPENSITY_PRICE,Jonathan Berthelot,1,D6XIVDQF,97,4821.0,1,5625.0
2017-08-31,C_AGE_PROPENSITY_PRICE,Jonathan Berthelot,2,JP2EY6QU,97,4821.0,1,4929.0
2017-08-31,C_AGE_PROPENSITY_PRICE,Jonathan Berthelot,3,VA2JJZXD,97,4821.0,0,0.0
2017-08-31,C_AGE_PROPENSITY_PRICE,Jonathan Berthelot,4,L58MN75X,89,4821.0,1,5220.0
2017-08-31,C_AGE_PROPENSITY_PRICE,Jonathan Berthelot,5,SFBHZLHK,89,4821.0,1,4138.0
2017-08-31,C_AGE_PROPENSITY_PRICE,Kami Bicknell,1,EYNZMBI0,99,5482.0,1,4755.0
2017-08-31,C_AGE_PROPENSITY_PRICE,Kami Bicknell,2,3ATYY665,97,4821.0,0,0.0
2017-08-31,C_AGE_PROPENSITY_PRICE,Kami Bicknell,3,FSEF5ZR9,97,4821.0,1,4426.0
2017-08-31,C_AGE_PROPENSITY_PRICE,Kami Bicknell,4,GZU4ZSFE,97,4821.0,1,4924.0
2017-08-31,C_AGE_PROPENSITY_PRICE,Kami Bicknell,5,MN34I4DD,95,5482.0,1,5848.0
2017-08-31,C_AGE_PROPENSITY_PRICE,Kary Hendrixson,1,PPUSV3RG,99,5482.0,0,0.0
2017-08-31,C_AGE_PROPENSITY_PRICE,Kary Hendrixson,2,2PI827MA,97,4821.0,0,0.0
2017-08-31,C_AGE_PROPENSITY_PRICE,Kary Hendrixson,3,EUYJDW9C,97,4821.0,0,0.0
2017-08-31,C_AGE_PROPENSITY_PRICE,Kary Hendrixson,4,KYABDCKE,97,4821.0,1,4356.0
2017-08-31,C_AGE_PROPENSITY_PRICE,Kary Hendrixson,5,7HSRDCCK,95,5482.0,0,0.0
2017-08-31,C_AGE_PROPENSITY_PRICE,Lajuana Vencill,1,JRAAPD3L,92,3393.0,1,3727.0
2017-08-31,C_AGE_PROPENSITY_PRICE,Lajuana Vencill,2,5JIXFMFY,84,3393.0,1,3438.0
2017-08-31,C_AGE_PROPENSITY_PRICE,Lajuana Vencill,3,D7JDQB12,84,3393.0,1,2857.0
2017-08-31,C_AGE_PROPENSITY_PRICE,Lajuana Vencill,4,GWI45VGH,84,3393.0,1,3118.0
2017-08-31,C_AGE_PROPENSITY_PRICE,Lajuana Vencill,5,TKENIGRA,77,3393.0,0,0.0
2017-08-31,C_AGE_PROPENSITY_PRICE,Markita Hansen,1,021Z2J9L,100,26768.0,0,0.0
2017-08-31,C_AGE_PROPENSITY_PRICE,Markita Hansen,2,5URQT67R,100,26768.0,0,0.0
2017-08-31,C_AGE_PROPENSITY_PRICE,Markita Hansen,3,GL1YE4PQ,100,26768.0,0,0.0
2017-08-31,C_AGE_PROPENSITY_PRICE,Markita Hansen,4,LSJ2A8ZX,100,26768.0,1,29166.0
2017-08-31,C_AGE_PROPENSITY_PRICE,Markita Hansen,5,N3GVE0VP,100,26768.0,0,0.0
2017-08-31,C_AGE_PROPENSITY_PRICE,Marty Freudenburg,1,DO6VKC2G,100,26768.0,0,0.0
2017-08-31,C_AGE_PROPENSITY_PRICE,Marty Freudenburg,2,HDITQL1S,92,3393.0,1,2785.0
2017-08-31,C_AGE_PROPENSITY_PRICE,Marty Freudenburg,3,TLT4JJ0U,92,3393.0,0,0.0
2017-08-31,C_AGE_PROPENSITY_PRICE,Marty Freudenburg,4,AUEAKRQV,89,4821.0,1,5055.0
2017-08-31,C_AGE_PROPENSITY_PRICE,Marty Freudenburg,5,78OETKRD,87,5482.0,0,0.0
2017-08-31,C_AGE_PROPENSITY_PRICE,Maureen Marcano,1,4NAHJMYM,99,5482.0,1,4786.0
2017-08-31,C_AGE_PROPENSITY_PRICE,Maureen Marcano,2,MV227O65,99,5482.0,0,0.0
2017-08-31,C_AGE_PROPENSITY_PRICE,Maureen Marcano,3,6V7OMXY5,95,5482.0,1,5966.0
2017-08-31,C_AGE_PROPENSITY_PRICE,Maureen Marcano,4,UYJDOT4Q,95,5482.0,1,5816.0
2017-08-31,C_AGE_PROPENSITY_PRICE,Maureen Marcano,5,54OH0061,89,4821.0,0,0.0
2017-08-31,C_AGE_PROPENSITY_PRICE,Moses Frase,1,FKOA9EF9,87,5482.0,0,0.0
2017-08-31,C_AGE_PROPENSITY_PRICE,Moses Frase,2,40VSPND6,84,3393.0,1,3679.0
2017-08-31,C_AGE_PROPENSITY_PRICE,Moses Frase,3,P60EK5NN,84,3393.0,1,2739.0
2017-08-31,C_AGE_PROPENSITY_PRICE,Moses Frase,4,9ZY0QQ8Q,77,3393.0,0,0.0
2017-08-31,C_AGE_PROPENSITY_PRICE,Moses Frase,5,H7P5O25G,77,3393.0,0,0.0
2017-08-31,C_AGE_PROPENSITY_PRICE,Niesha Huffines,1,66KFPHBT,95,5482.0,1,5944.0
2017-08-31,C_AGE_PROPENSITY_PRICE,Niesha Huffines,2,IRODLEGG,84,3393.0,1,3449.0
2017-08-31,C_AGE_PROPENSITY_PRICE,Niesha Huffines,3,TQLO6QP6,84,3393.0,1,3501.0
2017-08-31,C_AGE_PROPENSITY_PRICE,Niesha Huffines,4,YDJV1DFE,84,3393.0,0,0.0
2017-08-31,C_AGE_PROPENSITY_PRICE,Niesha Huffines,5,HR3DH6DX,80,4821.0,0,0.0
2017-08-31,C_AGE_PROPENSITY_PRICE,Reed Clapper,1,4T9CQH5J,99,5482.0,0,0.0
2017-08-31,C_AGE_PROPENSITY_PRICE,Reed Clapper,2,5J1C46RJ,95,5482.0,1,5927.0
2017-08-31,C_AGE_PROPENSITY_PRICE,Reed Clapper,3,CRWE8FRT,92,3393.0,1,3404.0
2017-08-31,C_AGE_PROPENSITY_PRICE,Reed Clapper,4,LXWQDEU3,89,4821.0,1,4801.0
2017-08-31,C_AGE_PROPENSITY_PRICE,Reed Clapper,5,V9FD3EYK,89,4821.0,1,4370.0
2017-08-31,C_AGE_PROPENSITY_PRICE,Rosalina Dieter,1,9SRD5NCR,100,26768.0,0,0.0
2017-08-31,C_AGE_PROPENSITY_PRICE,Rosalina Dieter,2,ME3H0RUJ,92,3393.0,1,3418.0
2017-08-31,C_AGE_PROPENSITY_PRICE,Rosalina Dieter,3,OIFERO7S,92,3393.0,0,0.0
2017-08-31,C_AGE_PROPENSITY_PRICE,Rosalina Dieter,4,XAC1J3TF,92,3393.0,0,0.0
2017-08-31,C_AGE_PROPENSITY_PRICE,Rosalina Dieter,5,6AO6E15O,89,4821.0,0,0.0
2017-08-31,C_AGE_PROPENSITY_PRICE,Rosie Papadopoulos,1,FHWXZ6HL,97,4821.0,0,0.0
2017-08-31,C_AGE_PROPENSITY_PRICE,Rosie Papadopoulos,2,SWEQFKRF,97,4821.0,0,0.0
2017-08-31,C_AGE_PROPENSITY_PRICE,Rosie Papadopoulos,3,YYTZSTL0,95,5482.0,0,0.0
2017-08-31,C_AGE_PROPENSITY_PRICE,Rosie Papadopoulos,4,96798U7Y,89,4821.0,0,0.0
2017-08-31,C_AGE_PROPENSITY_PRICE,Rosie Papadopoulos,5,PFKDTEYU,89,4821.0,0,0.0
2017-08-31,C_AGE_PROPENSITY_PRICE,Versie Hillebrand,1,PI8RROK0,84,3393.0,1,2949.0
2017-08-31,C_AGE_PROPENSITY_PRICE,Versie Hillebrand,2,T7TDUK3T,84,3393.0,1,3046.0
2017-08-31,C_AGE_PROPENSITY_PRICE,Versie Hillebrand,3,S2WRH3QA,77,3393.0,1,4011.0
2017-08-31,C_AGE_PROPENSITY_PRICE,Versie Hillebrand,4,18YA4UUP,73,5482.0,0,0.0
2017-08-31,C_AGE_PROPENSITY_PRICE,Versie Hillebrand,5,1RXGKOUE,73,5482.0,0,0.0
2017-08-31,C_AGE_PROPENSITY_PRICE,Vicki Laflamme,1,E8QHX9TE,99,5482.0,0,0.0
2017-08-31,C_AGE_PROPENSITY_PRICE,Vicki Laflamme,2,IGHYUSN8,99,5482.0,0,0.0
2017-08-31,C_AGE_PROPENSITY_PRICE,Vicki Laflamme,3,ZK4S74FD,99,5482.0,0,0.0
2017-08-31,C_AGE_PROPENSITY_PRICE,Vicki Laflamme,4,09RN3MHV,97,4821.0,1,5074.0
2017-08-31,C_AGE_PROPENSITY_PRICE,Vicki Laflamme,5,3F34LWKM,97,4821.0,0,0.0
2017-08-31,C_AGE_PROPENSITY_PRICE,Violet Mclelland,1,8Z4ZMS9U,92,3393.0,0,0.0
2017-08-31,C_AGE_PROPENSITY_PRICE,Violet Mclelland,2,NHA6MNJF,92,3393.0,1,3061.0
2017-08-31,C_AGE_PROPENSITY_PRICE,Violet Mclelland,3,PQ3CLZ2N,92,3393.0,1,3158.0
2017-08-31,C_AGE_PROPENSITY_PRICE,Violet Mclelland,4,Z2E1UVVB,92,3393.0,0,0.0
2017-08-31,C_AGE_PROPENSITY_PRICE,Violet Mclelland,5,CUV49MUR,89,4821.0,0,0.0
2017-08-31,C_AGE_PROPENSITY_PRICE,Wilburn Farren,1,YW14K7PE,99,5482.0,1,5198.0
2017-08-31,C_AGE_PROPENSITY_PRICE,Wilburn Farren,2,89P5UVQ0,97,4821.0,0,0.0
2017-08-31,C_AGE_PROPENSITY_PRICE,Wilburn Farren,3,GYC77KNM,92,3393.0,1,3483.0
2017-08-31,C_AGE_PROPENSITY_PRICE,Wilburn Farren,4,QNVW1NSS,92,3393.0,0,0.0
2017-08-31,C_AGE_PROPENSITY_PRICE,Wilburn Farren,5,UJ7BYO6A,92,3393.0,0,0.0
2017-08-31,C_AGE_PROPENSITY_PRICE,Zane Levy,1,9UYUV724,99,5482.0,0,0.0
2017-08-31,C_AGE_PROPENSITY_PRICE,Zane Levy,2,LFPY1Z14,97,4821.0,0,0.0
2017-08-31,C_AGE_PROPENSITY_PRICE,Zane Levy,3,MWSPTOQK,97,4821.0,0,0.0
2017-08-31,C_AGE_PROPENSITY_PRICE,Zane Levy,4,UMXZFLO8,97,4821.0,0,0.0
2017-08-31,C_AGE_PROPENSITY_PRICE,Zane Levy,5,UU25XD9E,97,4821.0,0,0.0
2017-08-31,D_MODEL_FALLBACK_PRICE,Anna Snelling,1,MELHF0ZP,98,5482.0,1,5373.0
2017-08-31,D_MODEL_FALLBACK_PRICE,Anna Snelling,2,ASC1OWNE,95,5482.0,1,6250.0
2017-08-31,D_MODEL_FALLBACK_PRICE,Anna Snelling,3,X2GXIKND,92,5482.0,0,0.0
2017-08-31,D_MODEL_FALLBACK_PRICE,Anna Snelling,4,BPQ0358T,87,3393.0,0,0.0
2017-08-31,D_MODEL_FALLBACK_PRICE,Anna Snelling,5,64CTQ6C5,86,5482.0,0,0.0
2017-08-31,D_MODEL_FALLBACK_PRICE,Boris Faz,1,0DLEXLEV,98,5482.0,1,6117.0
2017-08-31,D_MODEL_FALLBACK_PRICE,Boris Faz,2,2PQORQGO,98,5482.0,1,5714.0
2017-08-31,D_MODEL_FALLBACK_PRICE,Boris Faz,3,41RF80KQ,98,5482.0,0,0.0
2017-08-31,D_MODEL_FALLBACK_PRICE,Boris Faz,4,JL9ERNVY,98,5482.0,0,0.0
2017-08-31,D_MODEL_FALLBACK_PRICE,Boris Faz,5,VXTVHC1Z,98,5482.0,0,0.0
2017-08-31,D_MODEL_FALLBACK_PRICE,Cassey Cress,1,TR3TXXHF,99,5482.0,1,5778.0
2017-08-31,D_MODEL_FALLBACK_PRICE,Cassey Cress,2,4ZX1WPS7,99,4821.0,0,0.0
2017-08-31,D_MODEL_FALLBACK_PRICE,Cassey Cress,3,WEKW3XIN,97,5482.0,0,0.0
2017-08-31,D_MODEL_FALLBACK_PRICE,Cassey Cress,4,YY39ZQNV,94,4821.0,1,5857.0
2017-08-31,D_MODEL_FALLBACK_PRICE,Cassey Cress,5,0T9KUEQ2,93,5482.0,0,0.0
2017-08-31,D_MODEL_FALLBACK_PRICE,Cecily Lampkin,1,UZ0MRAFU,94,5482.0,1,5455.0
2017-08-31,D_MODEL_FALLBACK_PRICE,Cecily Lampkin,2,TWO2Q99P,88,5482.0,1,5753.0
2017-08-31,D_MODEL_FALLBACK_PRICE,Cecily Lampkin,3,WCEPUBH5,86,3393.0,1,3510.0
2017-08-31,D_MODEL_FALLBACK_PRICE,Cecily Lampkin,4,73EBDWP4,85,5482.0,1,4994.0
2017-08-31,D_MODEL_FALLBACK_PRICE,Cecily Lampkin,5,U68B4UQU,85,5482.0,1,5096.0
2017-08-31,D_MODEL_FALLBACK_PRICE,Corliss Cosme,1,HF74MC9F,100,5482.0,0,0.0
2017-08-31,D_MODEL_FALLBACK_PRICE,Corliss Cosme,2,0STR2QEA,99,5482.0,0,0.0
2017-08-31,D_MODEL_FALLBACK_PRICE,Corliss Cosme,3,GE5SORJX,96,5482.0,1,5666.0
2017-08-31,D_MODEL_FALLBACK_PRICE,Corliss Cosme,4,JM5GDLEF,96,4821.0,0,0.0
2017-08-31,D_MODEL_FALLBACK_PRICE,Corliss Cosme,5,YVXKNYSM,96,4821.0,0,0.0
2017-08-31,D_MODEL_FALLBACK_PRICE,Daniell Hammack,1,KJHM27ZM,100,5482.0,0,0.0
2017-08-31,D_MODEL_FALLBACK_PRICE,Daniell Hammack,2,DC2JL47C,97,4821.0,0,0.0
2017-08-31,D_MODEL_FALLBACK_PRICE,Daniell Hammack,3,PGYBGBU3,97,4821.0,1,4491.0
2017-08-31,D_MODEL_FALLBACK_PRICE,Daniell Hammack,4,GMN9KQN2,96,4821.0,0,0.0
2017-08-31,D_MODEL_FALLBACK_PRICE,Daniell Hammack,5,UGTXH980,96,4821.0,0,0.0
2017-08-31,D_MODEL_FALLBACK_PRICE,Darcel Schlecht,1,2G82J8WD,97,4821.0,1,4914.0
2017-08-31,D_MODEL_FALLBACK_PRICE,Darcel Schlecht,2,NJC209SC,97,4821.0,1,5961.0
2017-08-31,D_MODEL_FALLBACK_PRICE,Darcel Schlecht,3,L2QMWU4H,96,5482.0,1,4430.0
2017-08-31,D_MODEL_FALLBACK_PRICE,Darcel Schlecht,4,6JWA8DFJ,95,4821.0,1,4903.0
2017-08-31,D_MODEL_FALLBACK_PRICE,Darcel Schlecht,5,AIAX4W1O,94,4821.0,1,5322.0
2017-08-31,D_MODEL_FALLBACK_PRICE,Donn Cantrell,1,EMIAKHPF,97,5482.0,1,5051.0
2017-08-31,D_MODEL_FALLBACK_PRICE,Donn Cantrell,2,AMGC18DS,96,5482.0,0,0.0
2017-08-31,D_MODEL_FALLBACK_PRICE,Donn Cantrell,3,IKNMU8HM,93,5482.0,0,0.0
2017-08-31,D_MODEL_FALLBACK_PRICE,Donn Cantrell,4,8SNDBWPP,92,5482.0,0,0.0
2017-08-31,D_MODEL_FALLBACK_PRICE,Donn Cantrell,5,P60PIE95,92,5482.0,1,5861.0
2017-08-31,D_MODEL_FALLBACK_PRICE,Elease Gluck,1,DJMPI9TO,100,26768.0,0,0.0
2017-08-31,D_MODEL_FALLBACK_PRICE,Elease Gluck,2,GG85QBTM,100,26768.0,0,0.0
2017-08-31,D_MODEL_FALLBACK_PRICE,Elease Gluck,3,A04V2WB3,99,26768.0,0,0.0
2017-08-31,D_MODEL_FALLBACK_PRICE,Elease Gluck,4,04OAV3CV,98,5482.0,0,0.0
2017-08-31,D_MODEL_FALLBACK_PRICE,Elease Gluck,5,3IWUUUCN,96,4821.0,0,0.0
2017-08-31,D_MODEL_FALLBACK_PRICE,Garret Kinder,1,POXC3DA1,98,5482.0,0,0.0
2017-08-31,D_MODEL_FALLBACK_PRICE,Garret Kinder,2,WB44DF28,91,4821.0,1,5206.0
2017-08-31,D_MODEL_FALLBACK_PRICE,Garret Kinder,3,QF1I965E,79,3393.0,1,3340.0
2017-08-31,D_MODEL_FALLBACK_PRICE,Garret Kinder,4,1397M445,74,3393.0,0,0.0
2017-08-31,D_MODEL_FALLBACK_PRICE,Garret Kinder,5,5GEBBVQQ,72,5482.0,0,0.0
2017-08-31,D_MODEL_FALLBACK_PRICE,Gladys Colclough,1,ZT6D57ED,98,5482.0,1,6274.0
2017-08-31,D_MODEL_FALLBACK_PRICE,Gladys Colclough,2,07WKR17A,95,5482.0,1,6193.0
2017-08-31,D_MODEL_FALLBACK_PRICE,Gladys Colclough,3,LKMZWCKQ,94,4821.0,0,0.0
2017-08-31,D_MODEL_FALLBACK_PRICE,Gladys Colclough,4,BNYWSG6W,91,3393.0,1,3598.0
2017-08-31,D_MODEL_FALLBACK_PRICE,Gladys Colclough,5,DJ60T39C,84,3393.0,1,3621.0
2017-08-31,D_MODEL_FALLBACK_PRICE,Hayden Neloms,1,2BXYT4PD,99,5482.0,0,0.0
2017-08-31,D_MODEL_FALLBACK_PRICE,Hayden Neloms,2,6M89XBL0,98,5482.0,1,5053.0
2017-08-31,D_MODEL_FALLBACK_PRICE,Hayden Neloms,3,M2A8EY5Q,93,5482.0,0,0.0
2017-08-31,D_MODEL_FALLBACK_PRICE,Hayden Neloms,4,3N46WQVI,91,3393.0,0,0.0
2017-08-31,D_MODEL_FALLBACK_PRICE,Hayden Neloms,5,2FMT1053,90,3393.0,0,0.0
2017-08-31,D_MODEL_FALLBACK_PRICE,James Ascencio,1,AY3KTIXX,99,5482.0,0,0.0
2017-08-31,D_MODEL_FALLBACK_PRICE,James Ascencio,2,EF24VTVA,99,5482.0,0,0.0
2017-08-31,D_MODEL_FALLBACK_PRICE,James Ascencio,3,GM68OLDH,99,5482.0,1,5569.0
2017-08-31,D_MODEL_FALLBACK_PRICE,James Ascencio,4,HU970PDK,99,5482.0,0,0.0
2017-08-31,D_MODEL_FALLBACK_PRICE,James Ascencio,5,X58FLJ8K,99,5482.0,1,5190.0
2017-08-31,D_MODEL_FALLBACK_PRICE,Jonathan Berthelot,1,D6XIVDQF,99,4821.0,1,5625.0
2017-08-31,D_MODEL_FALLBACK_PRICE,Jonathan Berthelot,2,VA2JJZXD,97,4821.0,0,0.0
2017-08-31,D_MODEL_FALLBACK_PRICE,Jonathan Berthelot,3,JP2EY6QU,96,4821.0,1,4929.0
2017-08-31,D_MODEL_FALLBACK_PRICE,Jonathan Berthelot,4,L58MN75X,94,4821.0,1,5220.0
2017-08-31,D_MODEL_FALLBACK_PRICE,Jonathan Berthelot,5,SFBHZLHK,94,4821.0,1,4138.0
2017-08-31,D_MODEL_FALLBACK_PRICE,Kami Bicknell,1,EYNZMBI0,99,5482.0,1,4755.0
2017-08-31,D_MODEL_FALLBACK_PRICE,Kami Bicknell,2,FSEF5ZR9,98,4821.0,1,4426.0
2017-08-31,D_MODEL_FALLBACK_PRICE,Kami Bicknell,3,3ATYY665,97,4821.0,0,0.0
2017-08-31,D_MODEL_FALLBACK_PRICE,Kami Bicknell,4,XN63KZRZ,95,5482.0,1,5033.0
2017-08-31,D_MODEL_FALLBACK_PRICE,Kami Bicknell,5,GZU4ZSFE,95,4821.0,1,4924.0
2017-08-31,D_MODEL_FALLBACK_PRICE,Kary Hendrixson,1,PPUSV3RG,98,5482.0,0,0.0
2017-08-31,D_MODEL_FALLBACK_PRICE,Kary Hendrixson,2,EFA9E6WV,96,5482.0,1,5056.0
2017-08-31,D_MODEL_FALLBACK_PRICE,Kary Hendrixson,3,2PI827MA,96,4821.0,0,0.0
2017-08-31,D_MODEL_FALLBACK_PRICE,Kary Hendrixson,4,EUYJDW9C,96,4821.0,0,0.0
2017-08-31,D_MODEL_FALLBACK_PRICE,Kary Hendrixson,5,MASS6JEE,95,4821.0,1,5039.0
2017-08-31,D_MODEL_FALLBACK_PRICE,Lajuana Vencill,1,JRAAPD3L,91,3393.0,1,3727.0
2017-08-31,D_MODEL_FALLBACK_PRICE,Lajuana Vencill,2,5JIXFMFY,88,3393.0,1,3438.0
2017-08-31,D_MODEL_FALLBACK_PRICE,Lajuana Vencill,3,GWI45VGH,84,3393.0,1,3118.0
2017-08-31,D_MODEL_FALLBACK_PRICE,Lajuana Vencill,4,D7JDQB12,82,3393.0,1,2857.0
2017-08-31,D_MODEL_FALLBACK_PRICE,Lajuana Vencill,5,Z6AO7S3R,78,3393.0,0,0.0
2017-08-31,D_MODEL_FALLBACK_PRICE,Markita Hansen,1,5URQT67R,100,26768.0,0,0.0
2017-08-31,D_MODEL_FALLBACK_PRICE,Markita Hansen,2,GL1YE4PQ,100,26768.0,0,0.0
2017-08-31,D_MODEL_FALLBACK_PRICE,Markita Hansen,3,LSJ2A8ZX,100,26768.0,1,29166.0
2017-08-31,D_MODEL_FALLBACK_PRICE,Markita Hansen,4,N3GVE0VP,100,26768.0,0,0.0
2017-08-31,D_MODEL_FALLBACK_PRICE,Markita Hansen,5,73086D08,98,5482.0,0,0.0
2017-08-31,D_MODEL_FALLBACK_PRICE,Marty Freudenburg,1,DO6VKC2G,99,26768.0,0,0.0
2017-08-31,D_MODEL_FALLBACK_PRICE,Marty Freudenburg,2,AUEAKRQV,95,4821.0,1,5055.0
2017-08-31,D_MODEL_FALLBACK_PRICE,Marty Freudenburg,3,HDITQL1S,91,3393.0,1,2785.0
2017-08-31,D_MODEL_FALLBACK_PRICE,Marty Freudenburg,4,TLT4JJ0U,91,3393.0,0,0.0
2017-08-31,D_MODEL_FALLBACK_PRICE,Marty Freudenburg,5,QYKTG5QA,88,3393.0,0,0.0
2017-08-31,D_MODEL_FALLBACK_PRICE,Maureen Marcano,1,4NAHJMYM,100,5482.0,1,4786.0
2017-08-31,D_MODEL_FALLBACK_PRICE,Maureen Marcano,2,MV227O65,99,5482.0,0,0.0
2017-08-31,D_MODEL_FALLBACK_PRICE,Maureen Marcano,3,6V7OMXY5,95,5482.0,1,5966.0
2017-08-31,D_MODEL_FALLBACK_PRICE,Maureen Marcano,4,UYJDOT4Q,95,5482.0,1,5816.0
2017-08-31,D_MODEL_FALLBACK_PRICE,Maureen Marcano,5,54OH0061,89,4821.0,0,0.0
2017-08-31,D_MODEL_FALLBACK_PRICE,Moses Frase,1,FKOA9EF9,87,5482.0,0,0.0
2017-08-31,D_MODEL_FALLBACK_PRICE,Moses Frase,2,P60EK5NN,85,3393.0,1,2739.0
2017-08-31,D_MODEL_FALLBACK_PRICE,Moses Frase,3,40VSPND6,84,3393.0,1,3679.0
2017-08-31,D_MODEL_FALLBACK_PRICE,Moses Frase,4,F3EOBN5A,76,5482.0,0,0.0
2017-08-31,D_MODEL_FALLBACK_PRICE,Moses Frase,5,XUU1PPTJ,74,5482.0,0,0.0
2017-08-31,D_MODEL_FALLBACK_PRICE,Niesha Huffines,1,66KFPHBT,94,5482.0,1,5944.0
2017-08-31,D_MODEL_FALLBACK_PRICE,Niesha Huffines,2,IRODLEGG,86,3393.0,1,3449.0
2017-08-31,D_MODEL_FALLBACK_PRICE,Niesha Huffines,3,YDJV1DFE,81,3393.0,0,0.0
2017-08-31,D_MODEL_FALLBACK_PRICE,Niesha Huffines,4,2ZEFCKS3,80,4821.0,1,4835.0
2017-08-31,D_MODEL_FALLBACK_PRICE,Niesha Huffines,5,HR3DH6DX,78,4821.0,0,0.0
2017-08-31,D_MODEL_FALLBACK_PRICE,Reed Clapper,1,4T9CQH5J,100,5482.0,0,0.0
2017-08-31,D_MODEL_FALLBACK_PRICE,Reed Clapper,2,5J1C46RJ,95,5482.0,1,5927.0
2017-08-31,D_MODEL_FALLBACK_PRICE,Reed Clapper,3,V9FD3EYK,95,4821.0,1,4370.0
2017-08-31,D_MODEL_FALLBACK_PRICE,Reed Clapper,4,LXWQDEU3,92,4821.0,1,4801.0
2017-08-31,D_MODEL_FALLBACK_PRICE,Reed Clapper,5,Y1FWLR93,91,5482.0,1,5415.0
2017-08-31,D_MODEL_FALLBACK_PRICE,Rosalina Dieter,1,9SRD5NCR,99,26768.0,0,0.0
2017-08-31,D_MODEL_FALLBACK_PRICE,Rosalina Dieter,2,LC2RIMSX,92,4821.0,0,0.0
2017-08-31,D_MODEL_FALLBACK_PRICE,Rosalina Dieter,3,WWCMITY9,92,4821.0,0,0.0
2017-08-31,D_MODEL_FALLBACK_PRICE,Rosalina Dieter,4,OIFERO7S,90,3393.0,0,0.0
2017-08-31,D_MODEL_FALLBACK_PRICE,Rosalina Dieter,5,XAC1J3TF,90,3393.0,0,0.0
2017-08-31,D_MODEL_FALLBACK_PRICE,Rosie Papadopoulos,1,FHWXZ6HL,96,4821.0,0,0.0
2017-08-31,D_MODEL_FALLBACK_PRICE,Rosie Papadopoulos,2,SWEQFKRF,96,4821.0,0,0.0
2017-08-31,D_MODEL_FALLBACK_PRICE,Rosie Papadopoulos,3,PFKDTEYU,95,4821.0,0,0.0
2017-08-31,D_MODEL_FALLBACK_PRICE,Rosie Papadopoulos,4,TJEEFJG8,94,4821.0,1,4759.0
2017-08-31,D_MODEL_FALLBACK_PRICE,Rosie Papadopoulos,5,YYTZSTL0,93,5482.0,0,0.0
2017-08-31,D_MODEL_FALLBACK_PRICE,Versie Hillebrand,1,PI8RROK0,82,3393.0,1,2949.0
2017-08-31,D_MODEL_FALLBACK_PRICE,Versie Hillebrand,2,T7TDUK3T,82,3393.0,1,3046.0
2017-08-31,D_MODEL_FALLBACK_PRICE,Versie Hillebrand,3,18YA4UUP,78,5482.0,0,0.0
2017-08-31,D_MODEL_FALLBACK_PRICE,Versie Hillebrand,4,WRKPDK7O,75,5482.0,0,0.0
2017-08-31,D_MODEL_FALLBACK_PRICE,Versie Hillebrand,5,S2WRH3QA,74,3393.0,1,4011.0
2017-08-31,D_MODEL_FALLBACK_PRICE,Vicki Laflamme,1,IGHYUSN8,99,5482.0,0,0.0
2017-08-31,D_MODEL_FALLBACK_PRICE,Vicki Laflamme,2,ZK4S74FD,99,5482.0,0,0.0
2017-08-31,D_MODEL_FALLBACK_PRICE,Vicki Laflamme,3,E8QHX9TE,98,5482.0,0,0.0
2017-08-31,D_MODEL_FALLBACK_PRICE,Vicki Laflamme,4,09RN3MHV,98,4821.0,1,5074.0
2017-08-31,D_MODEL_FALLBACK_PRICE,Vicki Laflamme,5,4AS1VXQM,97,4821.0,1,5154.0
2017-08-31,D_MODEL_FALLBACK_PRICE,Violet Mclelland,1,CUV49MUR,95,4821.0,0,0.0
2017-08-31,D_MODEL_FALLBACK_PRICE,Violet Mclelland,2,NHA6MNJF,94,3393.0,1,3061.0
2017-08-31,D_MODEL_FALLBACK_PRICE,Violet Mclelland,3,PQ3CLZ2N,91,3393.0,1,3158.0
2017-08-31,D_MODEL_FALLBACK_PRICE,Violet Mclelland,4,8Z4ZMS9U,90,3393.0,0,0.0
2017-08-31,D_MODEL_FALLBACK_PRICE,Violet Mclelland,5,Z2E1UVVB,90,3393.0,0,0.0
2017-08-31,D_MODEL_FALLBACK_PRICE,Wilburn Farren,1,YW14K7PE,97,5482.0,1,5198.0
2017-08-31,D_MODEL_FALLBACK_PRICE,Wilburn Farren,2,89P5UVQ0,96,4821.0,0,0.0
2017-08-31,D_MODEL_FALLBACK_PRICE,Wilburn Farren,3,I967JINR,95,4821.0,1,3961.0
2017-08-31,D_MODEL_FALLBACK_PRICE,Wilburn Farren,4,GYC77KNM,92,3393.0,1,3483.0
2017-08-31,D_MODEL_FALLBACK_PRICE,Wilburn Farren,5,QNVW1NSS,90,3393.0,0,0.0
2017-08-31,D_MODEL_FALLBACK_PRICE,Zane Levy,1,UU25XD9E,99,4821.0,0,0.0
2017-08-31,D_MODEL_FALLBACK_PRICE,Zane Levy,2,LFPY1Z14,98,4821.0,0,0.0
2017-08-31,D_MODEL_FALLBACK_PRICE,Zane Levy,3,9UYUV724,97,5482.0,0,0.0
2017-08-31,D_MODEL_FALLBACK_PRICE,Zane Levy,4,MWSPTOQK,96,4821.0,0,0.0
2017-08-31,D_MODEL_FALLBACK_PRICE,Zane Levy,5,UMXZFLO8,96,4821.0,0,0.0
2017-09-30,A_PRICE,Anna Snelling,1,1FEHFRKX,94,5482.0,0,0.0
2017-09-30,A_PRICE,Anna Snelling,2,1T5WFCEJ,94,5482.0,0,0.0
2017-09-30,A_PRICE,Anna Snelling,3,4Z7LYTKN,94,5482.0,0,0.0
2017-09-30,A_PRICE,Anna Snelling,4,513PSPBN,94,5482.0,0,0.0
2017-09-30,A_PRICE,Anna Snelling,5,64CTQ6C5,94,5482.0,0,0.0
2017-09-30,A_PRICE,Boris Faz,1,3UI5JBOA,94,5482.0,0,0.0
2017-09-30,A_PRICE,Boris Faz,2,41RF80KQ,94,5482.0,0,0.0
2017-09-30,A_PRICE,Boris Faz,3,5HKITTHD,94,5482.0,0,0.0
2017-09-30,A_PRICE,Boris Faz,4,EBLSL27F,94,5482.0,0,0.0
2017-09-30,A_PRICE,Boris Faz,5,JL9ERNVY,94,5482.0,0,0.0
2017-09-30,A_PRICE,Cassey Cress,1,0T9KUEQ2,94,5482.0,0,0.0
2017-09-30,A_PRICE,Cassey Cress,2,49T60OCI,94,5482.0,0,0.0
2017-09-30,A_PRICE,Cassey Cress,3,6TGCOE5O,94,5482.0,0,0.0
2017-09-30,A_PRICE,Cassey Cress,4,9Q7NSPTF,94,5482.0,0,0.0
2017-09-30,A_PRICE,Cassey Cress,5,LFMMI05H,94,5482.0,0,0.0
2017-09-30,A_PRICE,Cecily Lampkin,1,99NDUEKO,94,5482.0,0,0.0
2017-09-30,A_PRICE,Cecily Lampkin,2,AHXFADIU,94,5482.0,0,0.0
2017-09-30,A_PRICE,Cecily Lampkin,3,B2Z4BB5U,94,5482.0,0,0.0
2017-09-30,A_PRICE,Cecily Lampkin,4,OVPNOM6O,94,5482.0,0,0.0
2017-09-30,A_PRICE,Cecily Lampkin,5,0PT4RY4P,65,3393.0,0,0.0
2017-09-30,A_PRICE,Corliss Cosme,1,0STR2QEA,94,5482.0,0,0.0
2017-09-30,A_PRICE,Corliss Cosme,2,4335LVQT,94,5482.0,0,0.0
2017-09-30,A_PRICE,Corliss Cosme,3,58CABL04,94,5482.0,0,0.0
2017-09-30,A_PRICE,Corliss Cosme,4,A5SCVK7E,94,5482.0,0,0.0
2017-09-30,A_PRICE,Corliss Cosme,5,A7OVC1WK,94,5482.0,0,0.0
2017-09-30,A_PRICE,Daniell Hammack,1,CNLE5EJ2,94,5482.0,1,5378.0
2017-09-30,A_PRICE,Daniell Hammack,2,HEWKNHTH,94,5482.0,0,0.0
2017-09-30,A_PRICE,Daniell Hammack,3,HF1GSBT4,94,5482.0,0,0.0
2017-09-30,A_PRICE,Daniell Hammack,4,KJHM27ZM,94,5482.0,0,0.0
2017-09-30,A_PRICE,Daniell Hammack,5,LFI3BGEE,94,5482.0,0,0.0
2017-09-30,A_PRICE,Darcel Schlecht,1,1ZCAL93A,94,5482.0,0,0.0
2017-09-30,A_PRICE,Darcel Schlecht,2,5NGPM4C3,94,5482.0,0,0.0
2017-09-30,A_PRICE,Darcel Schlecht,3,6K7LDRKR,94,5482.0,0,0.0
2017-09-30,A_PRICE,Darcel Schlecht,4,6KM4E0V1,94,5482.0,0,0.0
2017-09-30,A_PRICE,Darcel Schlecht,5,7TFHGN6O,94,5482.0,0,0.0
2017-09-30,A_PRICE,Donn Cantrell,1,3XUKEIQF,94,5482.0,0,0.0
2017-09-30,A_PRICE,Donn Cantrell,2,524QUXI2,94,5482.0,0,0.0
2017-09-30,A_PRICE,Donn Cantrell,3,UX0H8B3W,94,5482.0,0,0.0
2017-09-30,A_PRICE,Donn Cantrell,4,369V78M2,81,4821.0,1,5553.0
2017-09-30,A_PRICE,Donn Cantrell,5,4CFMS9QT,81,4821.0,0,0.0
2017-09-30,A_PRICE,Elease Gluck,1,A04V2WB3,100,26768.0,0,0.0
2017-09-30,A_PRICE,Elease Gluck,2,GG85QBTM,100,26768.0,0,0.0
2017-09-30,A_PRICE,Elease Gluck,3,04OAV3CV,94,5482.0,0,0.0
2017-09-30,A_PRICE,Elease Gluck,4,6OD1J7MW,94,5482.0,0,0.0
2017-09-30,A_PRICE,Elease Gluck,5,I8OUZNDS,94,5482.0,0,0.0
2017-09-30,A_PRICE,Garret Kinder,1,5GEBBVQQ,94,5482.0,0,0.0
2017-09-30,A_PRICE,Garret Kinder,2,9LILLW96,94,5482.0,0,0.0
2017-09-30,A_PRICE,Garret Kinder,3,12HOWQMI,81,4821.0,1,5203.0
2017-09-30,A_PRICE,Garret Kinder,4,UZTMM5MG,81,4821.0,0,0.0
2017-09-30,A_PRICE,Garret Kinder,5,1397M445,65,3393.0,0,0.0
2017-09-30,A_PRICE,Gladys Colclough,1,5MAXF8FK,94,5482.0,0,0.0
2017-09-30,A_PRICE,Gladys Colclough,2,DHJ8KOUV,94,5482.0,0,0.0
2017-09-30,A_PRICE,Gladys Colclough,3,G7RZTAMV,94,5482.0,0,0.0
2017-09-30,A_PRICE,Gladys Colclough,4,LEPH90QI,94,5482.0,1,5689.0
2017-09-30,A_PRICE,Gladys Colclough,5,RTWAUR7C,94,5482.0,0,0.0
2017-09-30,A_PRICE,Hayden Neloms,1,2BXYT4PD,94,5482.0,0,0.0
2017-09-30,A_PRICE,Hayden Neloms,2,7GDSUY9K,94,5482.0,0,0.0
2017-09-30,A_PRICE,Hayden Neloms,3,8AK1G9IT,94,5482.0,0,0.0
2017-09-30,A_PRICE,Hayden Neloms,4,M2A8EY5Q,94,5482.0,0,0.0
2017-09-30,A_PRICE,Hayden Neloms,5,QQPAK72N,94,5482.0,0,0.0
2017-09-30,A_PRICE,James Ascencio,1,1O72EKFY,94,5482.0,0,0.0
2017-09-30,A_PRICE,James Ascencio,2,2GRNCODO,94,5482.0,0,0.0
2017-09-30,A_PRICE,James Ascencio,3,2UNAJCGN,94,5482.0,0,0.0
2017-09-30,A_PRICE,James Ascencio,4,77IBMLTB,94,5482.0,0,0.0
2017-09-30,A_PRICE,James Ascencio,5,87G25M68,94,5482.0,0,0.0
2017-09-30,A_PRICE,Jonathan Berthelot,1,7XNX75LI,94,5482.0,0,0.0
2017-09-30,A_PRICE,Jonathan Berthelot,2,BICJY3FZ,94,5482.0,0,0.0
2017-09-30,A_PRICE,Jonathan Berthelot,3,7K31BXX3,81,4821.0,0,0.0
2017-09-30,A_PRICE,Jonathan Berthelot,4,8CQ2I2P2,81,4821.0,0,0.0
2017-09-30,A_PRICE,Jonathan Berthelot,5,8F3RA844,81,4821.0,0,0.0
2017-09-30,A_PRICE,Kami Bicknell,1,059K86LU,94,5482.0,0,0.0
2017-09-30,A_PRICE,Kami Bicknell,2,N0XWYRBU,94,5482.0,0,0.0
2017-09-30,A_PRICE,Kami Bicknell,3,RAUWH0GP,94,5482.0,0,0.0
2017-09-30,A_PRICE,Kami Bicknell,4,RDMKSDT0,94,5482.0,0,0.0
2017-09-30,A_PRICE,Kami Bicknell,5,RLTHGLLJ,94,5482.0,0,0.0
2017-09-30,A_PRICE,Kary Hendrixson,1,1IY7Y42E,94,5482.0,0,0.0
2017-09-30,A_PRICE,Kary Hendrixson,2,5CAP1055,94,5482.0,0,0.0
2017-09-30,A_PRICE,Kary Hendrixson,3,7HSRDCCK,94,5482.0,0,0.0
2017-09-30,A_PRICE,Kary Hendrixson,4,FPLXC8Z3,94,5482.0,0,0.0
2017-09-30,A_PRICE,Kary Hendrixson,5,H8XH5MFQ,94,5482.0,0,0.0
2017-09-30,A_PRICE,Lajuana Vencill,1,C563WHG1,94,5482.0,1,6156.0
2017-09-30,A_PRICE,Lajuana Vencill,2,IMLG35AP,94,5482.0,0,0.0
2017-09-30,A_PRICE,Lajuana Vencill,3,MLV2QDU6,94,5482.0,0,0.0
2017-09-30,A_PRICE,Lajuana Vencill,4,OD895EQM,94,5482.0,0,0.0
2017-09-30,A_PRICE,Lajuana Vencill,5,THPCTGNI,94,5482.0,0,0.0
2017-09-30,A_PRICE,Markita Hansen,1,021Z2J9L,100,26768.0,0,0.0
2017-09-30,A_PRICE,Markita Hansen,2,5URQT67R,100,26768.0,0,0.0
2017-09-30,A_PRICE,Markita Hansen,3,N3GVE0VP,100,26768.0,0,0.0
2017-09-30,A_PRICE,Markita Hansen,4,5378T3K3,94,5482.0,0,0.0
2017-09-30,A_PRICE,Markita Hansen,5,714B6OB2,94,5482.0,0,0.0
2017-09-30,A_PRICE,Marty Freudenburg,1,DO6VKC2G,100,26768.0,0,0.0
2017-09-30,A_PRICE,Marty Freudenburg,2,78OETKRD,94,5482.0,0,0.0
2017-09-30,A_PRICE,Marty Freudenburg,3,AD2YEH7W,94,5482.0,0,0.0
2017-09-30,A_PRICE,Marty Freudenburg,4,CBQRKYZP,94,5482.0,0,0.0
2017-09-30,A_PRICE,Marty Freudenburg,5,E3XLWCWX,94,5482.0,0,0.0
2017-09-30,A_PRICE,Maureen Marcano,1,18KMXL8N,94,5482.0,0,0.0
2017-09-30,A_PRICE,Maureen Marcano,2,GIIHTQGY,94,5482.0,0,0.0
2017-09-30,A_PRICE,Maureen Marcano,3,NMLTE4CS,94,5482.0,0,0.0
2017-09-30,A_PRICE,Maureen Marcano,4,U5JFEXOI,94,5482.0,0,0.0
2017-09-30,A_PRICE,Maureen Marcano,5,UDXG59P0,94,5482.0,0,0.0
2017-09-30,A_PRICE,Moses Frase,1,10984DDU,94,5482.0,0,0.0
2017-09-30,A_PRICE,Moses Frase,2,F3EOBN5A,94,5482.0,0,0.0
2017-09-30,A_PRICE,Moses Frase,3,FKOA9EF9,94,5482.0,0,0.0
2017-09-30,A_PRICE,Moses Frase,4,XUU1PPTJ,94,5482.0,0,0.0
2017-09-30,A_PRICE,Moses Frase,5,0R5KAHNB,65,3393.0,0,0.0
2017-09-30,A_PRICE,Niesha Huffines,1,BBOWBQA6,94,5482.0,0,0.0
2017-09-30,A_PRICE,Niesha Huffines,2,ID7F5VGK,94,5482.0,0,0.0
2017-09-30,A_PRICE,Niesha Huffines,3,MA1LQG9S,94,5482.0,0,0.0
2017-09-30,A_PRICE,Niesha Huffines,4,2E2FDZHG,81,4821.0,0,0.0
2017-09-30,A_PRICE,Niesha Huffines,5,DPXZ0ONG,81,4821.0,0,0.0
2017-09-30,A_PRICE,Reed Clapper,1,J3K9EXW0,94,5482.0,0,0.0
2017-09-30,A_PRICE,Reed Clapper,2,KODTODAA,94,5482.0,0,0.0
2017-09-30,A_PRICE,Reed Clapper,3,R4X2MOO1,94,5482.0,0,0.0
2017-09-30,A_PRICE,Reed Clapper,4,TGI9B9AD,94,5482.0,0,0.0
2017-09-30,A_PRICE,Reed Clapper,5,Y7TVYRAX,94,5482.0,0,0.0
2017-09-30,A_PRICE,Rosalina Dieter,1,1H2PVLZ3,100,26768.0,0,0.0
2017-09-30,A_PRICE,Rosalina Dieter,2,1LY8CAXD,100,26768.0,0,0.0
2017-09-30,A_PRICE,Rosalina Dieter,3,9SRD5NCR,100,26768.0,0,0.0
2017-09-30,A_PRICE,Rosalina Dieter,4,6AO6E15O,81,4821.0,0,0.0
2017-09-30,A_PRICE,Rosalina Dieter,5,LC2RIMSX,81,4821.0,0,0.0
2017-09-30,A_PRICE,Rosie Papadopoulos,1,8XXD2LMP,94,5482.0,0,0.0
2017-09-30,A_PRICE,Rosie Papadopoulos,2,98K99UW9,94,5482.0,0,0.0
2017-09-30,A_PRICE,Rosie Papadopoulos,3,PG5S1KYF,94,5482.0,0,0.0
2017-09-30,A_PRICE,Rosie Papadopoulos,4,YYTZSTL0,94,5482.0,0,0.0
2017-09-30,A_PRICE,Rosie Papadopoulos,5,01FNZW2T,81,4821.0,0,0.0
2017-09-30,A_PRICE,Versie Hillebrand,1,18YA4UUP,94,5482.0,0,0.0
2017-09-30,A_PRICE,Versie Hillebrand,2,1RXGKOUE,94,5482.0,0,0.0
2017-09-30,A_PRICE,Versie Hillebrand,3,389D515R,94,5482.0,1,5775.0
2017-09-30,A_PRICE,Versie Hillebrand,4,3YDXZ4FA,94,5482.0,0,0.0
2017-09-30,A_PRICE,Versie Hillebrand,5,RW6QS352,94,5482.0,0,0.0
2017-09-30,A_PRICE,Vicki Laflamme,1,1SKGHPHL,94,5482.0,0,0.0
2017-09-30,A_PRICE,Vicki Laflamme,2,2FNTCPOU,94,5482.0,0,0.0
2017-09-30,A_PRICE,Vicki Laflamme,3,3C6E0D28,94,5482.0,0,0.0
2017-09-30,A_PRICE,Vicki Laflamme,4,4SOUOUKH,94,5482.0,0,0.0
2017-09-30,A_PRICE,Vicki Laflamme,5,7A3R2M9T,94,5482.0,0,0.0
2017-09-30,A_PRICE,Violet Mclelland,1,CUV49MUR,81,4821.0,0,0.0
2017-09-30,A_PRICE,Violet Mclelland,2,ESZPH44N,81,4821.0,0,0.0
2017-09-30,A_PRICE,Violet Mclelland,3,GVOKY9KD,81,4821.0,0,0.0
2017-09-30,A_PRICE,Violet Mclelland,4,QKW7MDJK,81,4821.0,0,0.0
2017-09-30,A_PRICE,Violet Mclelland,5,R443AUAG,81,4821.0,0,0.0
2017-09-30,A_PRICE,Wilburn Farren,1,9JTFD4FZ,94,5482.0,0,0.0
2017-09-30,A_PRICE,Wilburn Farren,2,LUXAXNBV,94,5482.0,0,0.0
2017-09-30,A_PRICE,Wilburn Farren,3,M10S36W3,94,5482.0,0,0.0
2017-09-30,A_PRICE,Wilburn Farren,4,T8LSQO2S,94,5482.0,0,0.0
2017-09-30,A_PRICE,Wilburn Farren,5,ZN8LHN9B,94,5482.0,0,0.0
2017-09-30,A_PRICE,Zane Levy,1,01XZ9CRY,94,5482.0,0,0.0
2017-09-30,A_PRICE,Zane Levy,2,2EFTTOAV,94,5482.0,1,5865.0
2017-09-30,A_PRICE,Zane Levy,3,J0G6ZLYZ,94,5482.0,0,0.0
2017-09-30,A_PRICE,Zane Levy,4,041Q1IZL,81,4821.0,0,0.0
2017-09-30,A_PRICE,Zane Levy,5,23NAJF9W,81,4821.0,0,0.0
2017-09-30,B_AGE_PRICE,Anna Snelling,1,1FEHFRKX,94,5482.0,0,0.0
2017-09-30,B_AGE_PRICE,Anna Snelling,2,LD4F6QTP,94,5482.0,0,0.0
2017-09-30,B_AGE_PRICE,Anna Snelling,3,T4AW06MM,94,5482.0,0,0.0
2017-09-30,B_AGE_PRICE,Anna Snelling,4,1T5WFCEJ,93,5482.0,0,0.0
2017-09-30,B_AGE_PRICE,Anna Snelling,5,513PSPBN,93,5482.0,0,0.0
2017-09-30,B_AGE_PRICE,Boris Faz,1,41RF80KQ,99,5482.0,0,0.0
2017-09-30,B_AGE_PRICE,Boris Faz,2,JL9ERNVY,99,5482.0,0,0.0
2017-09-30,B_AGE_PRICE,Boris Faz,3,VXTVHC1Z,99,5482.0,0,0.0
2017-09-30,B_AGE_PRICE,Boris Faz,4,EBLSL27F,98,5482.0,0,0.0
2017-09-30,B_AGE_PRICE,Boris Faz,5,CFI2GXN1,95,4821.0,0,0.0
2017-09-30,B_AGE_PRICE,Cassey Cress,1,WEKW3XIN,98,5482.0,0,0.0
2017-09-30,B_AGE_PRICE,Cassey Cress,2,49T60OCI,97,5482.0,0,0.0
2017-09-30,B_AGE_PRICE,Cassey Cress,3,3372JYYQ,97,3393.0,0,0.0
2017-09-30,B_AGE_PRICE,Cassey Cress,4,0T9KUEQ2,96,5482.0,0,0.0
2017-09-30,B_AGE_PRICE,Cassey Cress,5,NK1B8YME,96,5482.0,0,0.0
2017-09-30,B_AGE_PRICE,Cecily Lampkin,1,AHXFADIU,88,5482.0,0,0.0
2017-09-30,B_AGE_PRICE,Cecily Lampkin,2,99NDUEKO,86,5482.0,0,0.0
2017-09-30,B_AGE_PRICE,Cecily Lampkin,3,OT5G3M9A,84,3393.0,0,0.0
2017-09-30,B_AGE_PRICE,Cecily Lampkin,4,SXFE42KG,83,3393.0,0,0.0
2017-09-30,B_AGE_PRICE,Cecily Lampkin,5,0PT4RY4P,80,3393.0,0,0.0
2017-09-30,B_AGE_PRICE,Corliss Cosme,1,0STR2QEA,99,5482.0,0,0.0
2017-09-30,B_AGE_PRICE,Corliss Cosme,2,JM5GDLEF,99,4821.0,0,0.0
2017-09-30,B_AGE_PRICE,Corliss Cosme,3,RY6T3GLC,98,4821.0,0,0.0
2017-09-30,B_AGE_PRICE,Corliss Cosme,4,YT34YUZN,98,4821.0,0,0.0
2017-09-30,B_AGE_PRICE,Corliss Cosme,5,FOJG3OCO,97,5482.0,0,0.0
2017-09-30,B_AGE_PRICE,Daniell Hammack,1,KJHM27ZM,100,5482.0,0,0.0
2017-09-30,B_AGE_PRICE,Daniell Hammack,2,HEWKNHTH,98,5482.0,0,0.0
2017-09-30,B_AGE_PRICE,Daniell Hammack,3,DC2JL47C,98,4821.0,0,0.0
2017-09-30,B_AGE_PRICE,Daniell Hammack,4,GMN9KQN2,98,4821.0,0,0.0
2017-09-30,B_AGE_PRICE,Daniell Hammack,5,UGTXH980,98,4821.0,0,0.0
2017-09-30,B_AGE_PRICE,Darcel Schlecht,1,6K7LDRKR,95,5482.0,0,0.0
2017-09-30,B_AGE_PRICE,Darcel Schlecht,2,I3KQNE9V,95,5482.0,0,0.0
2017-09-30,B_AGE_PRICE,Darcel Schlecht,3,7TFHGN6O,93,5482.0,0,0.0
2017-09-30,B_AGE_PRICE,Darcel Schlecht,4,6V7FT2YU,92,4821.0,0,0.0
2017-09-30,B_AGE_PRICE,Darcel Schlecht,5,NU4ACGMY,92,4821.0,0,0.0
2017-09-30,B_AGE_PRICE,Donn Cantrell,1,3XUKEIQF,86,5482.0,0,0.0
2017-09-30,B_AGE_PRICE,Donn Cantrell,2,J5DVK5F3,83,3393.0,0,0.0
2017-09-30,B_AGE_PRICE,Donn Cantrell,3,ONN55X1O,79,4821.0,0,0.0
2017-09-30,B_AGE_PRICE,Donn Cantrell,4,4CFMS9QT,78,4821.0,0,0.0
2017-09-30,B_AGE_PRICE,Donn Cantrell,5,ZVXINY4O,77,4821.0,0,0.0
2017-09-30,B_AGE_PRICE,Elease Gluck,1,A04V2WB3,100,26768.0,0,0.0
2017-09-30,B_AGE_PRICE,Elease Gluck,2,GG85QBTM,100,26768.0,0,0.0
2017-09-30,B_AGE_PRICE,Elease Gluck,3,04OAV3CV,100,5482.0,0,0.0
2017-09-30,B_AGE_PRICE,Elease Gluck,4,3IWUUUCN,99,4821.0,0,0.0
2017-09-30,B_AGE_PRICE,Elease Gluck,5,I8OUZNDS,97,5482.0,0,0.0
2017-09-30,B_AGE_PRICE,Garret Kinder,1,5GEBBVQQ,87,5482.0,0,0.0
2017-09-30,B_AGE_PRICE,Garret Kinder,2,UZTMM5MG,85,4821.0,0,0.0
2017-09-30,B_AGE_PRICE,Garret Kinder,3,XMVJ5X59,76,3393.0,0,0.0
2017-09-30,B_AGE_PRICE,Garret Kinder,4,1397M445,71,3393.0,0,0.0
2017-09-30,B_AGE_PRICE,Garret Kinder,5,9LILLW96,69,5482.0,0,0.0
2017-09-30,B_AGE_PRICE,Gladys Colclough,1,G7RZTAMV,93,5482.0,0,0.0
2017-09-30,B_AGE_PRICE,Gladys Colclough,2,RTWAUR7C,93,5482.0,0,0.0
2017-09-30,B_AGE_PRICE,Gladys Colclough,3,PBTSZ2Q2,90,4821.0,0,0.0
2017-09-30,B_AGE_PRICE,Gladys Colclough,4,N07XYH50,89,4821.0,0,0.0
2017-09-30,B_AGE_PRICE,Gladys Colclough,5,0XBGT413,88,4821.0,0,0.0
2017-09-30,B_AGE_PRICE,Hayden Neloms,1,2BXYT4PD,99,5482.0,0,0.0
2017-09-30,B_AGE_PRICE,Hayden Neloms,2,2FMT1053,96,3393.0,0,0.0
2017-09-30,B_AGE_PRICE,Hayden Neloms,3,2YLXKON1,96,3393.0,0,0.0
2017-09-30,B_AGE_PRICE,Hayden Neloms,4,Y2EC6KYG,96,3393.0,0,0.0
2017-09-30,B_AGE_PRICE,Hayden Neloms,5,M2A8EY5Q,95,5482.0,0,0.0
2017-09-30,B_AGE_PRICE,James Ascencio,1,AY3KTIXX,99,5482.0,0,0.0
2017-09-30,B_AGE_PRICE,James Ascencio,2,D85PDC6S,99,5482.0,0,0.0
2017-09-30,B_AGE_PRICE,James Ascencio,3,HU970PDK,99,5482.0,0,0.0
2017-09-30,B_AGE_PRICE,James Ascencio,4,K7TV5UBZ,99,5482.0,0,0.0
2017-09-30,B_AGE_PRICE,James Ascencio,5,N7G1TU1X,95,3393.0,0,0.0
2017-09-30,B_AGE_PRICE,Jonathan Berthelot,1,BICJY3FZ,94,5482.0,0,0.0
2017-09-30,B_AGE_PRICE,Jonathan Berthelot,2,PJ75Q8VM,92,4821.0,0,0.0
2017-09-30,B_AGE_PRICE,Jonathan Berthelot,3,PQOHTS9I,92,4821.0,0,0.0
2017-09-30,B_AGE_PRICE,Jonathan Berthelot,4,L65X2CDL,91,4821.0,0,0.0
2017-09-30,B_AGE_PRICE,Jonathan Berthelot,5,7K31BXX3,89,4821.0,0,0.0
2017-09-30,B_AGE_PRICE,Kami Bicknell,1,3ATYY665,99,4821.0,0,0.0
2017-09-30,B_AGE_PRICE,Kami Bicknell,2,7VMOJBPN,98,4821.0,0,0.0
2017-09-30,B_AGE_PRICE,Kami Bicknell,3,FHYD80FB,97,4821.0,0,0.0
2017-09-30,B_AGE_PRICE,Kami Bicknell,4,4EGO7VCJ,95,4821.0,0,0.0
2017-09-30,B_AGE_PRICE,Kami Bicknell,5,KDPBAHOJ,92,3393.0,0,0.0
2017-09-30,B_AGE_PRICE,Kary Hendrixson,1,PPUSV3RG,99,5482.0,0,0.0
2017-09-30,B_AGE_PRICE,Kary Hendrixson,2,2PI827MA,99,4821.0,0,0.0
2017-09-30,B_AGE_PRICE,Kary Hendrixson,3,7HSRDCCK,98,5482.0,0,0.0
2017-09-30,B_AGE_PRICE,Kary Hendrixson,4,EUYJDW9C,98,4821.0,0,0.0
2017-09-30,B_AGE_PRICE,Kary Hendrixson,5,GXC8JN36,98,4821.0,0,0.0
2017-09-30,B_AGE_PRICE,Lajuana Vencill,1,IMLG35AP,94,5482.0,0,0.0
2017-09-30,B_AGE_PRICE,Lajuana Vencill,2,OD895EQM,93,5482.0,0,0.0
2017-09-30,B_AGE_PRICE,Lajuana Vencill,3,0T2CY70E,84,3393.0,0,0.0
2017-09-30,B_AGE_PRICE,Lajuana Vencill,4,JH643YRI,83,3393.0,0,0.0
2017-09-30,B_AGE_PRICE,Lajuana Vencill,5,YCQTM2BQ,83,3393.0,0,0.0
2017-09-30,B_AGE_PRICE,Markita Hansen,1,021Z2J9L,100,26768.0,0,0.0
2017-09-30,B_AGE_PRICE,Markita Hansen,2,5URQT67R,100,26768.0,0,0.0
2017-09-30,B_AGE_PRICE,Markita Hansen,3,N3GVE0VP,100,26768.0,0,0.0
2017-09-30,B_AGE_PRICE,Markita Hansen,4,WS3BIQ4S,99,5482.0,0,0.0
2017-09-30,B_AGE_PRICE,Markita Hansen,5,3SEMPUU1,99,4821.0,0,0.0
2017-09-30,B_AGE_PRICE,Marty Freudenburg,1,DO6VKC2G,100,26768.0,0,0.0
2017-09-30,B_AGE_PRICE,Marty Freudenburg,2,E3XLWCWX,95,5482.0,0,0.0
2017-09-30,B_AGE_PRICE,Marty Freudenburg,3,CBQRKYZP,94,5482.0,0,0.0
2017-09-30,B_AGE_PRICE,Marty Freudenburg,4,RV5Y8DRY,93,5482.0,0,0.0
2017-09-30,B_AGE_PRICE,Marty Freudenburg,5,7439NGIG,92,4821.0,0,0.0
2017-09-30,B_AGE_PRICE,Maureen Marcano,1,54OH0061,97,4821.0,0,0.0
2017-09-30,B_AGE_PRICE,Maureen Marcano,2,81PWOUF0,95,4821.0,0,0.0
2017-09-30,B_AGE_PRICE,Maureen Marcano,3,XVB2CGL6,92,4821.0,0,0.0
2017-09-30,B_AGE_PRICE,Maureen Marcano,4,18KMXL8N,91,5482.0,0,0.0
2017-09-30,B_AGE_PRICE,Maureen Marcano,5,AMP2GT6F,82,4821.0,0,0.0
2017-09-30,B_AGE_PRICE,Moses Frase,1,F3EOBN5A,94,5482.0,0,0.0
2017-09-30,B_AGE_PRICE,Moses Frase,2,XUU1PPTJ,91,5482.0,0,0.0
2017-09-30,B_AGE_PRICE,Moses Frase,3,JOLNKYNH,84,3393.0,0,0.0
2017-09-30,B_AGE_PRICE,Moses Frase,4,SJGOQMLT,84,3393.0,0,0.0
2017-09-30,B_AGE_PRICE,Moses Frase,5,TV2M081C,84,3393.0,0,0.0
2017-09-30,B_AGE_PRICE,Niesha Huffines,1,BBOWBQA6,94,5482.0,0,0.0
2017-09-30,B_AGE_PRICE,Niesha Huffines,2,H2FCUPHJ,91,4821.0,0,0.0
2017-09-30,B_AGE_PRICE,Niesha Huffines,3,ID7F5VGK,88,5482.0,0,0.0
2017-09-30,B_AGE_PRICE,Niesha Huffines,4,FKY3O5O1,88,4821.0,0,0.0
2017-09-30,B_AGE_PRICE,Niesha Huffines,5,2E2FDZHG,87,4821.0,0,0.0
2017-09-30,B_AGE_PRICE,Reed Clapper,1,I9U5PCM3,93,4821.0,0,0.0
2017-09-30,B_AGE_PRICE,Reed Clapper,2,TGI9B9AD,89,5482.0,0,0.0
2017-09-30,B_AGE_PRICE,Reed Clapper,3,YCQABCDI,84,3393.0,0,0.0
2017-09-30,B_AGE_PRICE,Reed Clapper,4,ZHOK77B4,83,4821.0,0,0.0
2017-09-30,B_AGE_PRICE,Reed Clapper,5,Y7TVYRAX,81,5482.0,0,0.0
2017-09-30,B_AGE_PRICE,Rosalina Dieter,1,9SRD5NCR,100,26768.0,0,0.0
2017-09-30,B_AGE_PRICE,Rosalina Dieter,2,1H2PVLZ3,99,26768.0,0,0.0
2017-09-30,B_AGE_PRICE,Rosalina Dieter,3,LC2RIMSX,98,4821.0,0,0.0
2017-09-30,B_AGE_PRICE,Rosalina Dieter,4,WWCMITY9,98,4821.0,0,0.0
2017-09-30,B_AGE_PRICE,Rosalina Dieter,5,XAC1J3TF,97,3393.0,0,0.0
2017-09-30,B_AGE_PRICE,Rosie Papadopoulos,1,SWEQFKRF,99,4821.0,0,0.0
2017-09-30,B_AGE_PRICE,Rosie Papadopoulos,2,96798U7Y,97,4821.0,0,0.0
2017-09-30,B_AGE_PRICE,Rosie Papadopoulos,3,PFKDTEYU,97,4821.0,0,0.0
2017-09-30,B_AGE_PRICE,Rosie Papadopoulos,4,YYTZSTL0,96,5482.0,0,0.0
2017-09-30,B_AGE_PRICE,Rosie Papadopoulos,5,QV3TAWDT,94,4821.0,0,0.0
2017-09-30,B_AGE_PRICE,Versie Hillebrand,1,3YDXZ4FA,94,5482.0,0,0.0
2017-09-30,B_AGE_PRICE,Versie Hillebrand,2,18YA4UUP,93,5482.0,0,0.0
2017-09-30,B_AGE_PRICE,Versie Hillebrand,3,1RXGKOUE,92,5482.0,0,0.0
2017-09-30,B_AGE_PRICE,Versie Hillebrand,4,WRKPDK7O,91,5482.0,0,0.0
2017-09-30,B_AGE_PRICE,Versie Hillebrand,5,TTKPNDTP,84,3393.0,0,0.0
2017-09-30,B_AGE_PRICE,Vicki Laflamme,1,C6TQMD3C,99,5482.0,0,0.0
2017-09-30,B_AGE_PRICE,Vicki Laflamme,2,ZK4S74FD,99,5482.0,0,0.0
2017-09-30,B_AGE_PRICE,Vicki Laflamme,3,2FNTCPOU,98,5482.0,0,0.0
2017-09-30,B_AGE_PRICE,Vicki Laflamme,4,A8QRKXG3,97,4821.0,0,0.0
2017-09-30,B_AGE_PRICE,Vicki Laflamme,5,7A3R2M9T,95,5482.0,0,0.0
2017-09-30,B_AGE_PRICE,Violet Mclelland,1,CUV49MUR,98,4821.0,0,0.0
2017-09-30,B_AGE_PRICE,Violet Mclelland,2,R443AUAG,96,4821.0,0,0.0
2017-09-30,B_AGE_PRICE,Violet Mclelland,3,8Z4ZMS9U,96,3393.0,0,0.0
2017-09-30,B_AGE_PRICE,Violet Mclelland,4,9GYIYGHW,94,3393.0,0,0.0
2017-09-30,B_AGE_PRICE,Violet Mclelland,5,SZAMHBGA,90,3393.0,0,0.0
2017-09-30,B_AGE_PRICE,Wilburn Farren,1,M10S36W3,95,5482.0,0,0.0
2017-09-30,B_AGE_PRICE,Wilburn Farren,2,QNVW1NSS,95,3393.0,0,0.0
2017-09-30,B_AGE_PRICE,Wilburn Farren,3,B6Z5NFV0,92,3393.0,0,0.0
2017-09-30,B_AGE_PRICE,Wilburn Farren,4,3SD04QJ4,81,3393.0,0,0.0
2017-09-30,B_AGE_PRICE,Wilburn Farren,5,JEWIBFH9,75,3393.0,0,0.0
2017-09-30,B_AGE_PRICE,Zane Levy,1,G1AKE0NR,98,4821.0,0,0.0
2017-09-30,B_AGE_PRICE,Zane Levy,2,MWSPTOQK,98,4821.0,0,0.0
2017-09-30,B_AGE_PRICE,Zane Levy,3,UMXZFLO8,98,4821.0,0,0.0
2017-09-30,B_AGE_PRICE,Zane Levy,4,O9WYT5ST,97,4821.0,0,0.0
2017-09-30,B_AGE_PRICE,Zane Levy,5,23NAJF9W,96,4821.0,0,0.0
2017-09-30,C_AGE_PROPENSITY_PRICE,Anna Snelling,1,1FEHFRKX,96,5482.0,0,0.0
2017-09-30,C_AGE_PROPENSITY_PRICE,Anna Snelling,2,1T5WFCEJ,96,5482.0,0,0.0
2017-09-30,C_AGE_PROPENSITY_PRICE,Anna Snelling,3,513PSPBN,96,5482.0,0,0.0
2017-09-30,C_AGE_PROPENSITY_PRICE,Anna Snelling,4,7FZ9CBZ3,96,5482.0,0,0.0
2017-09-30,C_AGE_PROPENSITY_PRICE,Anna Snelling,5,B5GG52AB,96,5482.0,0,0.0
2017-09-30,C_AGE_PROPENSITY_PRICE,Boris Faz,1,EBLSL27F,99,5482.0,0,0.0
2017-09-30,C_AGE_PROPENSITY_PRICE,Boris Faz,2,WO1OYV0Z,96,5482.0,0,0.0
2017-09-30,C_AGE_PROPENSITY_PRICE,Boris Faz,3,CFI2GXN1,91,4821.0,0,0.0
2017-09-30,C_AGE_PROPENSITY_PRICE,Boris Faz,4,L3DT2WVO,91,4821.0,0,0.0
2017-09-30,C_AGE_PROPENSITY_PRICE,Boris Faz,5,MOAP4XN7,91,4821.0,0,0.0
2017-09-30,C_AGE_PROPENSITY_PRICE,Cassey Cress,1,WEKW3XIN,99,5482.0,0,0.0
2017-09-30,C_AGE_PROPENSITY_PRICE,Cassey Cress,2,0T9KUEQ2,96,5482.0,0,0.0
2017-09-30,C_AGE_PROPENSITY_PRICE,Cassey Cress,3,49T60OCI,96,5482.0,0,0.0
2017-09-30,C_AGE_PROPENSITY_PRICE,Cassey Cress,4,6TGCOE5O,96,5482.0,0,0.0
2017-09-30,C_AGE_PROPENSITY_PRICE,Cassey Cress,5,9Q7NSPTF,96,5482.0,0,0.0
2017-09-30,C_AGE_PROPENSITY_PRICE,Cecily Lampkin,1,99NDUEKO,96,5482.0,0,0.0
2017-09-30,C_AGE_PROPENSITY_PRICE,Cecily Lampkin,2,AHXFADIU,96,5482.0,0,0.0
2017-09-30,C_AGE_PROPENSITY_PRICE,Cecily Lampkin,3,0PT4RY4P,83,3393.0,0,0.0
2017-09-30,C_AGE_PROPENSITY_PRICE,Cecily Lampkin,4,8MUD1WS1,83,3393.0,0,0.0
2017-09-30,C_AGE_PROPENSITY_PRICE,Cecily Lampkin,5,IG540SIB,83,3393.0,0,0.0
2017-09-30,C_AGE_PROPENSITY_PRICE,Corliss Cosme,1,FOJG3OCO,99,5482.0,0,0.0
2017-09-30,C_AGE_PROPENSITY_PRICE,Corliss Cosme,2,13FIM9V3,98,4821.0,0,0.0
2017-09-30,C_AGE_PROPENSITY_PRICE,Corliss Cosme,3,YT34YUZN,98,4821.0,0,0.0
2017-09-30,C_AGE_PROPENSITY_PRICE,Corliss Cosme,4,4335LVQT,96,5482.0,0,0.0
2017-09-30,C_AGE_PROPENSITY_PRICE,Corliss Cosme,5,AKC9GNVA,91,4821.0,0,0.0
2017-09-30,C_AGE_PROPENSITY_PRICE,Daniell Hammack,1,HEWKNHTH,99,5482.0,0,0.0
2017-09-30,C_AGE_PROPENSITY_PRICE,Daniell Hammack,2,BJO4VYLK,98,4821.0,0,0.0
2017-09-30,C_AGE_PROPENSITY_PRICE,Daniell Hammack,3,HTF7TYQS,98,4821.0,0,0.0
2017-09-30,C_AGE_PROPENSITY_PRICE,Daniell Hammack,4,Z6R4KJFU,98,4821.0,0,0.0
2017-09-30,C_AGE_PROPENSITY_PRICE,Daniell Hammack,5,2N2MUDOA,91,4821.0,0,0.0
2017-09-30,C_AGE_PROPENSITY_PRICE,Darcel Schlecht,1,5NGPM4C3,96,5482.0,0,0.0
2017-09-30,C_AGE_PROPENSITY_PRICE,Darcel Schlecht,2,6K7LDRKR,96,5482.0,0,0.0
2017-09-30,C_AGE_PROPENSITY_PRICE,Darcel Schlecht,3,7TFHGN6O,96,5482.0,0,0.0
2017-09-30,C_AGE_PROPENSITY_PRICE,Darcel Schlecht,4,I3KQNE9V,96,5482.0,0,0.0
2017-09-30,C_AGE_PROPENSITY_PRICE,Darcel Schlecht,5,R55U5QI4,96,5482.0,0,0.0
2017-09-30,C_AGE_PROPENSITY_PRICE,Donn Cantrell,1,3XUKEIQF,96,5482.0,0,0.0
2017-09-30,C_AGE_PROPENSITY_PRICE,Donn Cantrell,2,J5DVK5F3,83,3393.0,0,0.0
2017-09-30,C_AGE_PROPENSITY_PRICE,Donn Cantrell,3,524QUXI2,78,5482.0,0,0.0
2017-09-30,C_AGE_PROPENSITY_PRICE,Donn Cantrell,4,UX0H8B3W,78,5482.0,0,0.0
2017-09-30,C_AGE_PROPENSITY_PRICE,Donn Cantrell,5,369V78M2,74,4821.0,1,5553.0
2017-09-30,C_AGE_PROPENSITY_PRICE,Elease Gluck,1,A04V2WB3,100,26768.0,0,0.0
2017-09-30,C_AGE_PROPENSITY_PRICE,Elease Gluck,2,GG85QBTM,100,26768.0,0,0.0
2017-09-30,C_AGE_PROPENSITY_PRICE,Elease Gluck,3,I8OUZNDS,99,5482.0,0,0.0
2017-09-30,C_AGE_PROPENSITY_PRICE,Elease Gluck,4,CCLIVXMG,91,4821.0,0,0.0
2017-09-30,C_AGE_PROPENSITY_PRICE,Elease Gluck,5,DW29KM30,87,3393.0,0,0.0
2017-09-30,C_AGE_PROPENSITY_PRICE,Garret Kinder,1,5GEBBVQQ,96,5482.0,0,0.0
2017-09-30,C_AGE_PROPENSITY_PRICE,Garret Kinder,2,UZTMM5MG,91,4821.0,0,0.0
2017-09-30,C_AGE_PROPENSITY_PRICE,Garret Kinder,3,XMVJ5X59,83,3393.0,0,0.0
2017-09-30,C_AGE_PROPENSITY_PRICE,Garret Kinder,4,12HOWQMI,74,4821.0,1,5203.0
2017-09-30,C_AGE_PROPENSITY_PRICE,Garret Kinder,5,CE81S7UN,70,3393.0,0,0.0
2017-09-30,C_AGE_PROPENSITY_PRICE,Gladys Colclough,1,5MAXF8FK,96,5482.0,0,0.0
2017-09-30,C_AGE_PROPENSITY_PRICE,Gladys Colclough,2,G7RZTAMV,96,5482.0,0,0.0
2017-09-30,C_AGE_PROPENSITY_PRICE,Gladys Colclough,3,RTWAUR7C,96,5482.0,0,0.0
2017-09-30,C_AGE_PROPENSITY_PRICE,Gladys Colclough,4,0XBGT413,91,4821.0,0,0.0
2017-09-30,C_AGE_PROPENSITY_PRICE,Gladys Colclough,5,7FFV8D9U,91,4821.0,0,0.0
2017-09-30,C_AGE_PROPENSITY_PRICE,Hayden Neloms,1,8AK1G9IT,96,5482.0,0,0.0
2017-09-30,C_AGE_PROPENSITY_PRICE,Hayden Neloms,2,M2A8EY5Q,96,5482.0,0,0.0
2017-09-30,C_AGE_PROPENSITY_PRICE,Hayden Neloms,3,QQPAK72N,96,5482.0,0,0.0
2017-09-30,C_AGE_PROPENSITY_PRICE,Hayden Neloms,4,7F2DDW3C,83,3393.0,0,0.0
2017-09-30,C_AGE_PROPENSITY_PRICE,Hayden Neloms,5,CYV6MJL9,83,3393.0,0,0.0
2017-09-30,C_AGE_PROPENSITY_PRICE,James Ascencio,1,AY3KTIXX,99,5482.0,0,0.0
2017-09-30,C_AGE_PROPENSITY_PRICE,James Ascencio,2,1O72EKFY,96,5482.0,0,0.0
2017-09-30,C_AGE_PROPENSITY_PRICE,James Ascencio,3,NYPU55W4,91,4821.0,0,0.0
2017-09-30,C_AGE_PROPENSITY_PRICE,James Ascencio,4,PW9DTZON,91,4821.0,0,0.0
2017-09-30,C_AGE_PROPENSITY_PRICE,James Ascencio,5,U8H8VGI0,91,4821.0,0,0.0
2017-09-30,C_AGE_PROPENSITY_PRICE,Jonathan Berthelot,1,BICJY3FZ,96,5482.0,0,0.0
2017-09-30,C_AGE_PROPENSITY_PRICE,Jonathan Berthelot,2,7K31BXX3,91,4821.0,0,0.0
2017-09-30,C_AGE_PROPENSITY_PRICE,Jonathan Berthelot,3,B7VEJNPV,91,4821.0,0,0.0
2017-09-30,C_AGE_PROPENSITY_PRICE,Jonathan Berthelot,4,KBPKLB2X,91,4821.0,0,0.0
2017-09-30,C_AGE_PROPENSITY_PRICE,Jonathan Berthelot,5,L65X2CDL,91,4821.0,0,0.0
2017-09-30,C_AGE_PROPENSITY_PRICE,Kami Bicknell,1,7VMOJBPN,98,4821.0,0,0.0
2017-09-30,C_AGE_PROPENSITY_PRICE,Kami Bicknell,2,FHYD80FB,98,4821.0,0,0.0
2017-09-30,C_AGE_PROPENSITY_PRICE,Kami Bicknell,3,N0XWYRBU,96,5482.0,0,0.0
2017-09-30,C_AGE_PROPENSITY_PRICE,Kami Bicknell,4,4EGO7VCJ,91,4821.0,0,0.0
2017-09-30,C_AGE_PROPENSITY_PRICE,Kami Bicknell,5,KDPBAHOJ,87,3393.0,0,0.0
2017-09-30,C_AGE_PROPENSITY_PRICE,Kary Hendrixson,1,7HSRDCCK,99,5482.0,0,0.0
2017-09-30,C_AGE_PROPENSITY_PRICE,Kary Hendrixson,2,14CNQKX8,98,4821.0,0,0.0
2017-09-30,C_AGE_PROPENSITY_PRICE,Kary Hendrixson,3,1ORXGKVH,98,4821.0,0,0.0
2017-09-30,C_AGE_PROPENSITY_PRICE,Kary Hendrixson,4,74KGIZW4,98,4821.0,0,0.0
2017-09-30,C_AGE_PROPENSITY_PRICE,Kary Hendrixson,5,GXC8JN36,98,4821.0,0,0.0
2017-09-30,C_AGE_PROPENSITY_PRICE,Lajuana Vencill,1,IMLG35AP,96,5482.0,0,0.0
2017-09-30,C_AGE_PROPENSITY_PRICE,Lajuana Vencill,2,OD895EQM,96,5482.0,0,0.0
2017-09-30,C_AGE_PROPENSITY_PRICE,Lajuana Vencill,3,0T2CY70E,83,3393.0,0,0.0
2017-09-30,C_AGE_PROPENSITY_PRICE,Lajuana Vencill,4,DSPMSOTB,83,3393.0,0,0.0
2017-09-30,C_AGE_PROPENSITY_PRICE,Lajuana Vencill,5,EMH2I8XE,83,3393.0,0,0.0
2017-09-30,C_AGE_PROPENSITY_PRICE,Markita Hansen,1,021Z2J9L,100,26768.0,0,0.0
2017-09-30,C_AGE_PROPENSITY_PRICE,Markita Hansen,2,5URQT67R,100,26768.0,0,0.0
2017-09-30,C_AGE_PROPENSITY_PRICE,Markita Hansen,3,N3GVE0VP,100,26768.0,0,0.0
2017-09-30,C_AGE_PROPENSITY_PRICE,Markita Hansen,4,XYRO1TLJ,98,4821.0,0,0.0
2017-09-30,C_AGE_PROPENSITY_PRICE,Markita Hansen,5,YX4E972E,98,4821.0,0,0.0
2017-09-30,C_AGE_PROPENSITY_PRICE,Marty Freudenburg,1,DO6VKC2G,100,26768.0,0,0.0
2017-09-30,C_AGE_PROPENSITY_PRICE,Marty Freudenburg,2,AD2YEH7W,96,5482.0,0,0.0
2017-09-30,C_AGE_PROPENSITY_PRICE,Marty Freudenburg,3,CBQRKYZP,96,5482.0,0,0.0
2017-09-30,C_AGE_PROPENSITY_PRICE,Marty Freudenburg,4,E3XLWCWX,96,5482.0,0,0.0
2017-09-30,C_AGE_PROPENSITY_PRICE,Marty Freudenburg,5,FSNL204U,96,5482.0,0,0.0
2017-09-30,C_AGE_PROPENSITY_PRICE,Maureen Marcano,1,54OH0061,98,4821.0,0,0.0
2017-09-30,C_AGE_PROPENSITY_PRICE,Maureen Marcano,2,18KMXL8N,96,5482.0,0,0.0
2017-09-30,C_AGE_PROPENSITY_PRICE,Maureen Marcano,3,81PWOUF0,91,4821.0,0,0.0
2017-09-30,C_AGE_PROPENSITY_PRICE,Maureen Marcano,4,AMP2GT6F,91,4821.0,0,0.0
2017-09-30,C_AGE_PROPENSITY_PRICE,Maureen Marcano,5,XVB2CGL6,91,4821.0,0,0.0
2017-09-30,C_AGE_PROPENSITY_PRICE,Moses Frase,1,F3EOBN5A,96,5482.0,0,0.0
2017-09-30,C_AGE_PROPENSITY_PRICE,Moses Frase,2,XUU1PPTJ,96,5482.0,0,0.0
2017-09-30,C_AGE_PROPENSITY_PRICE,Moses Frase,3,0R5KAHNB,83,3393.0,0,0.0
2017-09-30,C_AGE_PROPENSITY_PRICE,Moses Frase,4,56LUBQTV,83,3393.0,0,0.0
2017-09-30,C_AGE_PROPENSITY_PRICE,Moses Frase,5,BB1PRS3T,83,3393.0,0,0.0
2017-09-30,C_AGE_PROPENSITY_PRICE,Niesha Huffines,1,BBOWBQA6,96,5482.0,0,0.0
2017-09-30,C_AGE_PROPENSITY_PRICE,Niesha Huffines,2,ID7F5VGK,96,5482.0,0,0.0
2017-09-30,C_AGE_PROPENSITY_PRICE,Niesha Huffines,3,2E2FDZHG,91,4821.0,0,0.0
2017-09-30,C_AGE_PROPENSITY_PRICE,Niesha Huffines,4,FKY3O5O1,91,4821.0,0,0.0
2017-09-30,C_AGE_PROPENSITY_PRICE,Niesha Huffines,5,H2FCUPHJ,91,4821.0,0,0.0
2017-09-30,C_AGE_PROPENSITY_PRICE,Reed Clapper,1,TGI9B9AD,96,5482.0,0,0.0
2017-09-30,C_AGE_PROPENSITY_PRICE,Reed Clapper,2,I9U5PCM3,91,4821.0,0,0.0
2017-09-30,C_AGE_PROPENSITY_PRICE,Reed Clapper,3,ZHOK77B4,91,4821.0,0,0.0
2017-09-30,C_AGE_PROPENSITY_PRICE,Reed Clapper,4,3Z2AMU5T,83,3393.0,0,0.0
2017-09-30,C_AGE_PROPENSITY_PRICE,Reed Clapper,5,YCQABCDI,83,3393.0,0,0.0
2017-09-30,C_AGE_PROPENSITY_PRICE,Rosalina Dieter,1,1H2PVLZ3,100,26768.0,0,0.0
2017-09-30,C_AGE_PROPENSITY_PRICE,Rosalina Dieter,2,1LY8CAXD,100,26768.0,0,0.0
2017-09-30,C_AGE_PROPENSITY_PRICE,Rosalina Dieter,3,9SRD5NCR,100,26768.0,0,0.0
2017-09-30,C_AGE_PROPENSITY_PRICE,Rosalina Dieter,4,LC2RIMSX,98,4821.0,0,0.0
2017-09-30,C_AGE_PROPENSITY_PRICE,Rosalina Dieter,5,WWCMITY9,98,4821.0,0,0.0
2017-09-30,C_AGE_PROPENSITY_PRICE,Rosie Papadopoulos,1,96798U7Y,98,4821.0,0,0.0
2017-09-30,C_AGE_PROPENSITY_PRICE,Rosie Papadopoulos,2,PFKDTEYU,98,4821.0,0,0.0
2017-09-30,C_AGE_PROPENSITY_PRICE,Rosie Papadopoulos,3,98K99UW9,96,5482.0,0,0.0
2017-09-30,C_AGE_PROPENSITY_PRICE,Rosie Papadopoulos,4,YYTZSTL0,96,5482.0,0,0.0
2017-09-30,C_AGE_PROPENSITY_PRICE,Rosie Papadopoulos,5,68EYCEV4,91,4821.0,0,0.0
2017-09-30,C_AGE_PROPENSITY_PRICE,Versie Hillebrand,1,18YA4UUP,96,5482.0,0,0.0
2017-09-30,C_AGE_PROPENSITY_PRICE,Versie Hillebrand,2,1RXGKOUE,96,5482.0,0,0.0
2017-09-30,C_AGE_PROPENSITY_PRICE,Versie Hillebrand,3,3YDXZ4FA,96,5482.0,0,0.0
2017-09-30,C_AGE_PROPENSITY_PRICE,Versie Hillebrand,4,WRKPDK7O,96,5482.0,0,0.0
2017-09-30,C_AGE_PROPENSITY_PRICE,Versie Hillebrand,5,2DOZJ7GT,83,3393.0,0,0.0
2017-09-30,C_AGE_PROPENSITY_PRICE,Vicki Laflamme,1,2FNTCPOU,99,5482.0,0,0.0
2017-09-30,C_AGE_PROPENSITY_PRICE,Vicki Laflamme,2,C6TQMD3C,99,5482.0,0,0.0
2017-09-30,C_AGE_PROPENSITY_PRICE,Vicki Laflamme,3,A8QRKXG3,98,4821.0,0,0.0
2017-09-30,C_AGE_PROPENSITY_PRICE,Vicki Laflamme,4,3C6E0D28,96,5482.0,0,0.0
2017-09-30,C_AGE_PROPENSITY_PRICE,Vicki Laflamme,5,7A3R2M9T,96,5482.0,0,0.0
2017-09-30,C_AGE_PROPENSITY_PRICE,Violet Mclelland,1,CUV49MUR,98,4821.0,0,0.0
2017-09-30,C_AGE_PROPENSITY_PRICE,Violet Mclelland,2,R443AUAG,98,4821.0,0,0.0
2017-09-30,C_AGE_PROPENSITY_PRICE,Violet Mclelland,3,GVOKY9KD,91,4821.0,0,0.0
2017-09-30,C_AGE_PROPENSITY_PRICE,Violet Mclelland,4,9GYIYGHW,87,3393.0,0,0.0
2017-09-30,C_AGE_PROPENSITY_PRICE,Violet Mclelland,5,SZAMHBGA,87,3393.0,0,0.0
2017-09-30,C_AGE_PROPENSITY_PRICE,Wilburn Farren,1,M10S36W3,96,5482.0,0,0.0
2017-09-30,C_AGE_PROPENSITY_PRICE,Wilburn Farren,2,B6Z5NFV0,87,3393.0,0,0.0
2017-09-30,C_AGE_PROPENSITY_PRICE,Wilburn Farren,3,3SD04QJ4,83,3393.0,0,0.0
2017-09-30,C_AGE_PROPENSITY_PRICE,Wilburn Farren,4,JEWIBFH9,83,3393.0,0,0.0
2017-09-30,C_AGE_PROPENSITY_PRICE,Wilburn Farren,5,9JTFD4FZ,78,5482.0,0,0.0
2017-09-30,C_AGE_PROPENSITY_PRICE,Zane Levy,1,23NAJF9W,98,4821.0,0,0.0
2017-09-30,C_AGE_PROPENSITY_PRICE,Zane Levy,2,G1AKE0NR,98,4821.0,0,0.0
2017-09-30,C_AGE_PROPENSITY_PRICE,Zane Levy,3,O9WYT5ST,98,4821.0,0,0.0
2017-09-30,C_AGE_PROPENSITY_PRICE,Zane Levy,4,041Q1IZL,91,4821.0,0,0.0
2017-09-30,C_AGE_PROPENSITY_PRICE,Zane Levy,5,5UFQONQU,91,4821.0,0,0.0
2017-09-30,D_MODEL_FALLBACK_PRICE,Anna Snelling,1,1FEHFRKX,98,5482.0,0,0.0
2017-09-30,D_MODEL_FALLBACK_PRICE,Anna Snelling,2,7FZ9CBZ3,98,5482.0,0,0.0
2017-09-30,D_MODEL_FALLBACK_PRICE,Anna Snelling,3,LD4F6QTP,98,5482.0,0,0.0
2017-09-30,D_MODEL_FALLBACK_PRICE,Anna Snelling,4,1T5WFCEJ,95,5482.0,0,0.0
2017-09-30,D_MODEL_FALLBACK_PRICE,Anna Snelling,5,513PSPBN,95,5482.0,0,0.0
2017-09-30,D_MODEL_FALLBACK_PRICE,Boris Faz,1,EBLSL27F,99,5482.0,0,0.0
2017-09-30,D_MODEL_FALLBACK_PRICE,Boris Faz,2,L3DT2WVO,96,4821.0,0,0.0
2017-09-30,D_MODEL_FALLBACK_PRICE,Boris Faz,3,WO1OYV0Z,95,5482.0,0,0.0
2017-09-30,D_MODEL_FALLBACK_PRICE,Boris Faz,4,CFI2GXN1,91,4821.0,0,0.0
2017-09-30,D_MODEL_FALLBACK_PRICE,Boris Faz,5,MOAP4XN7,91,4821.0,0,0.0
2017-09-30,D_MODEL_FALLBACK_PRICE,Cassey Cress,1,49T60OCI,99,5482.0,0,0.0
2017-09-30,D_MODEL_FALLBACK_PRICE,Cassey Cress,2,WEKW3XIN,99,5482.0,0,0.0
2017-09-30,D_MODEL_FALLBACK_PRICE,Cassey Cress,3,0T9KUEQ2,95,5482.0,0,0.0
2017-09-30,D_MODEL_FALLBACK_PRICE,Cassey Cress,4,6TGCOE5O,95,5482.0,0,0.0
2017-09-30,D_MODEL_FALLBACK_PRICE,Cassey Cress,5,9Q7NSPTF,95,5482.0,0,0.0
2017-09-30,D_MODEL_FALLBACK_PRICE,Cecily Lampkin,1,AHXFADIU,93,5482.0,0,0.0
2017-09-30,D_MODEL_FALLBACK_PRICE,Cecily Lampkin,2,99NDUEKO,89,5482.0,0,0.0
2017-09-30,D_MODEL_FALLBACK_PRICE,Cecily Lampkin,3,OT5G3M9A,84,3393.0,0,0.0
2017-09-30,D_MODEL_FALLBACK_PRICE,Cecily Lampkin,4,0PT4RY4P,82,3393.0,0,0.0
2017-09-30,D_MODEL_FALLBACK_PRICE,Cecily Lampkin,5,8MUD1WS1,82,3393.0,0,0.0
2017-09-30,D_MODEL_FALLBACK_PRICE,Corliss Cosme,1,FOJG3OCO,99,5482.0,0,0.0
2017-09-30,D_MODEL_FALLBACK_PRICE,Corliss Cosme,2,YT34YUZN,99,4821.0,0,0.0
2017-09-30,D_MODEL_FALLBACK_PRICE,Corliss Cosme,3,13FIM9V3,97,4821.0,0,0.0
2017-09-30,D_MODEL_FALLBACK_PRICE,Corliss Cosme,4,4335LVQT,96,5482.0,0,0.0
2017-09-30,D_MODEL_FALLBACK_PRICE,Corliss Cosme,5,REO3FMSB,93,3393.0,0,0.0
2017-09-30,D_MODEL_FALLBACK_PRICE,Daniell Hammack,1,HEWKNHTH,99,5482.0,0,0.0
2017-09-30,D_MODEL_FALLBACK_PRICE,Daniell Hammack,2,BJO4VYLK,97,4821.0,0,0.0
2017-09-30,D_MODEL_FALLBACK_PRICE,Daniell Hammack,3,HTF7TYQS,97,4821.0,0,0.0
2017-09-30,D_MODEL_FALLBACK_PRICE,Daniell Hammack,4,OT26ZUZ7,97,4821.0,0,0.0
2017-09-30,D_MODEL_FALLBACK_PRICE,Daniell Hammack,5,Z6R4KJFU,97,4821.0,0,0.0
2017-09-30,D_MODEL_FALLBACK_PRICE,Darcel Schlecht,1,I3KQNE9V,99,5482.0,0,0.0
2017-09-30,D_MODEL_FALLBACK_PRICE,Darcel Schlecht,2,6K7LDRKR,98,5482.0,0,0.0
2017-09-30,D_MODEL_FALLBACK_PRICE,Darcel Schlecht,3,7TFHGN6O,98,5482.0,0,0.0
2017-09-30,D_MODEL_FALLBACK_PRICE,Darcel Schlecht,4,R55U5QI4,96,5482.0,0,0.0
2017-09-30,D_MODEL_FALLBACK_PRICE,Darcel Schlecht,5,0TC6I9SJ,96,4821.0,0,0.0
2017-09-30,D_MODEL_FALLBACK_PRICE,Donn Cantrell,1,3XUKEIQF,89,5482.0,0,0.0
2017-09-30,D_MODEL_FALLBACK_PRICE,Donn Cantrell,2,524QUXI2,86,5482.0,0,0.0
2017-09-30,D_MODEL_FALLBACK_PRICE,Donn Cantrell,3,UX0H8B3W,85,5482.0,0,0.0
2017-09-30,D_MODEL_FALLBACK_PRICE,Donn Cantrell,4,J5DVK5F3,84,3393.0,0,0.0
2017-09-30,D_MODEL_FALLBACK_PRICE,Donn Cantrell,5,369V78M2,76,4821.0,1,5553.0
2017-09-30,D_MODEL_FALLBACK_PRICE,Elease Gluck,1,A04V2WB3,100,26768.0,0,0.0
2017-09-30,D_MODEL_FALLBACK_PRICE,Elease Gluck,2,GG85QBTM,100,26768.0,0,0.0
2017-09-30,D_MODEL_FALLBACK_PRICE,Elease Gluck,3,I8OUZNDS,98,5482.0,0,0.0
2017-09-30,D_MODEL_FALLBACK_PRICE,Elease Gluck,4,DW29KM30,93,3393.0,0,0.0
2017-09-30,D_MODEL_FALLBACK_PRICE,Elease Gluck,5,CCLIVXMG,91,4821.0,0,0.0
2017-09-30,D_MODEL_FALLBACK_PRICE,Garret Kinder,1,5GEBBVQQ,94,5482.0,0,0.0
2017-09-30,D_MODEL_FALLBACK_PRICE,Garret Kinder,2,UZTMM5MG,89,4821.0,0,0.0
2017-09-30,D_MODEL_FALLBACK_PRICE,Garret Kinder,3,12HOWQMI,79,4821.0,1,5203.0
2017-09-30,D_MODEL_FALLBACK_PRICE,Garret Kinder,4,XMVJ5X59,75,3393.0,0,0.0
2017-09-30,D_MODEL_FALLBACK_PRICE,Garret Kinder,5,NDMEB0VG,71,3393.0,0,0.0
2017-09-30,D_MODEL_FALLBACK_PRICE,Gladys Colclough,1,RTWAUR7C,96,5482.0,0,0.0
2017-09-30,D_MODEL_FALLBACK_PRICE,Gladys Colclough,2,PBTSZ2Q2,96,4821.0,0,0.0
2017-09-30,D_MODEL_FALLBACK_PRICE,Gladys Colclough,3,G7RZTAMV,95,5482.0,0,0.0
2017-09-30,D_MODEL_FALLBACK_PRICE,Gladys Colclough,4,5MAXF8FK,93,5482.0,0,0.0
2017-09-30,D_MODEL_FALLBACK_PRICE,Gladys Colclough,5,N07XYH50,93,4821.0,0,0.0
2017-09-30,D_MODEL_FALLBACK_PRICE,Hayden Neloms,1,8AK1G9IT,100,5482.0,0,0.0
2017-09-30,D_MODEL_FALLBACK_PRICE,Hayden Neloms,2,M2A8EY5Q,95,5482.0,0,0.0
2017-09-30,D_MODEL_FALLBACK_PRICE,Hayden Neloms,3,QQPAK72N,95,5482.0,0,0.0
2017-09-30,D_MODEL_FALLBACK_PRICE,Hayden Neloms,4,OO3BM7A9,88,3393.0,0,0.0
2017-09-30,D_MODEL_FALLBACK_PRICE,Hayden Neloms,5,7F2DDW3C,82,3393.0,0,0.0
2017-09-30,D_MODEL_FALLBACK_PRICE,James Ascencio,1,AY3KTIXX,100,5482.0,0,0.0
2017-09-30,D_MODEL_FALLBACK_PRICE,James Ascencio,2,NYPU55W4,98,4821.0,0,0.0
2017-09-30,D_MODEL_FALLBACK_PRICE,James Ascencio,3,1O72EKFY,95,5482.0,0,0.0
2017-09-30,D_MODEL_FALLBACK_PRICE,James Ascencio,4,PW9DTZON,89,4821.0,0,0.0
2017-09-30,D_MODEL_FALLBACK_PRICE,James Ascencio,5,U8H8VGI0,89,4821.0,0,0.0
2017-09-30,D_MODEL_FALLBACK_PRICE,Jonathan Berthelot,1,BICJY3FZ,98,5482.0,0,0.0
2017-09-30,D_MODEL_FALLBACK_PRICE,Jonathan Berthelot,2,L65X2CDL,97,4821.0,0,0.0
2017-09-30,D_MODEL_FALLBACK_PRICE,Jonathan Berthelot,3,PQOHTS9I,96,4821.0,0,0.0
2017-09-30,D_MODEL_FALLBACK_PRICE,Jonathan Berthelot,4,7K31BXX3,91,4821.0,0,0.0
2017-09-30,D_MODEL_FALLBACK_PRICE,Jonathan Berthelot,5,KBPKLB2X,91,4821.0,0,0.0
2017-09-30,D_MODEL_FALLBACK_PRICE,Kami Bicknell,1,7VMOJBPN,99,4821.0,0,0.0
2017-09-30,D_MODEL_FALLBACK_PRICE,Kami Bicknell,2,FHYD80FB,97,4821.0,0,0.0
2017-09-30,D_MODEL_FALLBACK_PRICE,Kami Bicknell,3,N0XWYRBU,96,5482.0,0,0.0
2017-09-30,D_MODEL_FALLBACK_PRICE,Kami Bicknell,4,4EGO7VCJ,91,4821.0,0,0.0
2017-09-30,D_MODEL_FALLBACK_PRICE,Kami Bicknell,5,KDPBAHOJ,88,3393.0,0,0.0
2017-09-30,D_MODEL_FALLBACK_PRICE,Kary Hendrixson,1,7HSRDCCK,99,5482.0,0,0.0
2017-09-30,D_MODEL_FALLBACK_PRICE,Kary Hendrixson,2,K1K48OTP,99,5482.0,0,0.0
2017-09-30,D_MODEL_FALLBACK_PRICE,Kary Hendrixson,3,QP0QCP8Y,99,5482.0,0,0.0
2017-09-30,D_MODEL_FALLBACK_PRICE,Kary Hendrixson,4,1ORXGKVH,98,4821.0,0,0.0
2017-09-30,D_MODEL_FALLBACK_PRICE,Kary Hendrixson,5,5CAP1055,97,5482.0,0,0.0
2017-09-30,D_MODEL_FALLBACK_PRICE,Lajuana Vencill,1,IMLG35AP,95,5482.0,0,0.0
2017-09-30,D_MODEL_FALLBACK_PRICE,Lajuana Vencill,2,OD895EQM,95,5482.0,0,0.0
2017-09-30,D_MODEL_FALLBACK_PRICE,Lajuana Vencill,3,MLV2QDU6,84,5482.0,0,0.0
2017-09-30,D_MODEL_FALLBACK_PRICE,Lajuana Vencill,4,THPCTGNI,84,5482.0,0,0.0
2017-09-30,D_MODEL_FALLBACK_PRICE,Lajuana Vencill,5,0T2CY70E,82,3393.0,0,0.0
2017-09-30,D_MODEL_FALLBACK_PRICE,Markita Hansen,1,021Z2J9L,100,26768.0,0,0.0
2017-09-30,D_MODEL_FALLBACK_PRICE,Markita Hansen,2,5URQT67R,100,26768.0,0,0.0
2017-09-30,D_MODEL_FALLBACK_PRICE,Markita Hansen,3,N3GVE0VP,100,26768.0,0,0.0
2017-09-30,D_MODEL_FALLBACK_PRICE,Markita Hansen,4,YX4E972E,99,4821.0,0,0.0
2017-09-30,D_MODEL_FALLBACK_PRICE,Markita Hansen,5,W8W6N0LL,98,4821.0,0,0.0
2017-09-30,D_MODEL_FALLBACK_PRICE,Marty Freudenburg,1,DO6VKC2G,100,26768.0,0,0.0
2017-09-30,D_MODEL_FALLBACK_PRICE,Marty Freudenburg,2,CBQRKYZP,99,5482.0,0,0.0
2017-09-30,D_MODEL_FALLBACK_PRICE,Marty Freudenburg,3,E3XLWCWX,97,5482.0,0,0.0
2017-09-30,D_MODEL_FALLBACK_PRICE,Marty Freudenburg,4,AD2YEH7W,95,5482.0,0,0.0
2017-09-30,D_MODEL_FALLBACK_PRICE,Marty Freudenburg,5,MBYOJR5A,95,5482.0,0,0.0
2017-09-30,D_MODEL_FALLBACK_PRICE,Maureen Marcano,1,54OH0061,97,4821.0,0,0.0
2017-09-30,D_MODEL_FALLBACK_PRICE,Maureen Marcano,2,18KMXL8N,96,5482.0,0,0.0
2017-09-30,D_MODEL_FALLBACK_PRICE,Maureen Marcano,3,81PWOUF0,91,4821.0,0,0.0
2017-09-30,D_MODEL_FALLBACK_PRICE,Maureen Marcano,4,AMP2GT6F,91,4821.0,0,0.0
2017-09-30,D_MODEL_FALLBACK_PRICE,Maureen Marcano,5,XVB2CGL6,91,4821.0,0,0.0
2017-09-30,D_MODEL_FALLBACK_PRICE,Moses Frase,1,F3EOBN5A,98,5482.0,0,0.0
2017-09-30,D_MODEL_FALLBACK_PRICE,Moses Frase,2,XUU1PPTJ,96,5482.0,0,0.0
2017-09-30,D_MODEL_FALLBACK_PRICE,Moses Frase,3,MLD3WEJC,84,3393.0,0,0.0
2017-09-30,D_MODEL_FALLBACK_PRICE,Moses Frase,4,56LUBQTV,82,3393.0,0,0.0
2017-09-30,D_MODEL_FALLBACK_PRICE,Moses Frase,5,BB1PRS3T,82,3393.0,0,0.0
2017-09-30,D_MODEL_FALLBACK_PRICE,Niesha Huffines,1,BBOWBQA6,98,5482.0,0,0.0
2017-09-30,D_MODEL_FALLBACK_PRICE,Niesha Huffines,2,ID7F5VGK,93,5482.0,0,0.0
2017-09-30,D_MODEL_FALLBACK_PRICE,Niesha Huffines,3,FKY3O5O1,93,4821.0,0,0.0
2017-09-30,D_MODEL_FALLBACK_PRICE,Niesha Huffines,4,2E2FDZHG,91,4821.0,0,0.0
2017-09-30,D_MODEL_FALLBACK_PRICE,Niesha Huffines,5,H2FCUPHJ,91,4821.0,0,0.0
2017-09-30,D_MODEL_FALLBACK_PRICE,Reed Clapper,1,I9U5PCM3,96,4821.0,0,0.0
2017-09-30,D_MODEL_FALLBACK_PRICE,Reed Clapper,2,TGI9B9AD,94,5482.0,0,0.0
2017-09-30,D_MODEL_FALLBACK_PRICE,Reed Clapper,3,ZHOK77B4,87,4821.0,0,0.0
2017-09-30,D_MODEL_FALLBACK_PRICE,Reed Clapper,4,KODTODAA,85,5482.0,0,0.0
2017-09-30,D_MODEL_FALLBACK_PRICE,Reed Clapper,5,YCQABCDI,84,3393.0,0,0.0
2017-09-30,D_MODEL_FALLBACK_PRICE,Rosalina Dieter,1,1LY8CAXD,100,26768.0,0,0.0
2017-09-30,D_MODEL_FALLBACK_PRICE,Rosalina Dieter,2,9SRD5NCR,100,26768.0,0,0.0
2017-09-30,D_MODEL_FALLBACK_PRICE,Rosalina Dieter,3,LC2RIMSX,98,4821.0,0,0.0
2017-09-30,D_MODEL_FALLBACK_PRICE,Rosalina Dieter,4,WWCMITY9,98,4821.0,0,0.0
2017-09-30,D_MODEL_FALLBACK_PRICE,Rosalina Dieter,5,6AO6E15O,96,4821.0,0,0.0
2017-09-30,D_MODEL_FALLBACK_PRICE,Rosie Papadopoulos,1,PFKDTEYU,99,4821.0,0,0.0
2017-09-30,D_MODEL_FALLBACK_PRICE,Rosie Papadopoulos,2,96798U7Y,97,4821.0,0,0.0
2017-09-30,D_MODEL_FALLBACK_PRICE,Rosie Papadopoulos,3,98K99UW9,95,5482.0,0,0.0
2017-09-30,D_MODEL_FALLBACK_PRICE,Rosie Papadopoulos,4,YYTZSTL0,95,5482.0,0,0.0
2017-09-30,D_MODEL_FALLBACK_PRICE,Rosie Papadopoulos,5,PQJZNRKK,91,4821.0,0,0.0
2017-09-30,D_MODEL_FALLBACK_PRICE,Versie Hillebrand,1,18YA4UUP,98,5482.0,0,0.0
2017-09-30,D_MODEL_FALLBACK_PRICE,Versie Hillebrand,2,WRKPDK7O,96,5482.0,0,0.0
2017-09-30,D_MODEL_FALLBACK_PRICE,Versie Hillebrand,3,1RXGKOUE,95,5482.0,0,0.0
2017-09-30,D_MODEL_FALLBACK_PRICE,Versie Hillebrand,4,3YDXZ4FA,95,5482.0,0,0.0
2017-09-30,D_MODEL_FALLBACK_PRICE,Versie Hillebrand,5,WOB1ULFR,86,3393.0,0,0.0
2017-09-30,D_MODEL_FALLBACK_PRICE,Vicki Laflamme,1,2FNTCPOU,99,5482.0,0,0.0
2017-09-30,D_MODEL_FALLBACK_PRICE,Vicki Laflamme,2,C6TQMD3C,99,5482.0,0,0.0
2017-09-30,D_MODEL_FALLBACK_PRICE,Vicki Laflamme,3,7A3R2M9T,98,5482.0,0,0.0
2017-09-30,D_MODEL_FALLBACK_PRICE,Vicki Laflamme,4,DZOLKFK6,98,5482.0,0,0.0
2017-09-30,D_MODEL_FALLBACK_PRICE,Vicki Laflamme,5,A8QRKXG3,97,4821.0,0,0.0
2017-09-30,D_MODEL_FALLBACK_PRICE,Violet Mclelland,1,CUV49MUR,99,4821.0,0,0.0
2017-09-30,D_MODEL_FALLBACK_PRICE,Violet Mclelland,2,R443AUAG,97,4821.0,0,0.0
2017-09-30,D_MODEL_FALLBACK_PRICE,Violet Mclelland,3,GVOKY9KD,93,4821.0,0,0.0
2017-09-30,D_MODEL_FALLBACK_PRICE,Violet Mclelland,4,9GYIYGHW,88,3393.0,0,0.0
2017-09-30,D_MODEL_FALLBACK_PRICE,Violet Mclelland,5,DMG5EOFC,85,3393.0,0,0.0
2017-09-30,D_MODEL_FALLBACK_PRICE,Wilburn Farren,1,M10S36W3,99,5482.0,0,0.0
2017-09-30,D_MODEL_FALLBACK_PRICE,Wilburn Farren,2,B6Z5NFV0,88,3393.0,0,0.0
2017-09-30,D_MODEL_FALLBACK_PRICE,Wilburn Farren,3,T8LSQO2S,86,5482.0,0,0.0
2017-09-30,D_MODEL_FALLBACK_PRICE,Wilburn Farren,4,3SD04QJ4,82,3393.0,0,0.0
2017-09-30,D_MODEL_FALLBACK_PRICE,Wilburn Farren,5,JEWIBFH9,82,3393.0,0,0.0
2017-09-30,D_MODEL_FALLBACK_PRICE,Zane Levy,1,O9WYT5ST,99,4821.0,0,0.0
2017-09-30,D_MODEL_FALLBACK_PRICE,Zane Levy,2,6Z1XK6YR,98,4821.0,0,0.0
2017-09-30,D_MODEL_FALLBACK_PRICE,Zane Levy,3,23NAJF9W,97,4821.0,0,0.0
2017-09-30,D_MODEL_FALLBACK_PRICE,Zane Levy,4,G1AKE0NR,97,4821.0,0,0.0
2017-09-30,D_MODEL_FALLBACK_PRICE,Zane Levy,5,CQYAMIQ3,91,4821.0,0,0.0
2017-10-31,A_PRICE,Anna Snelling,1,1FEHFRKX,94,5482.0,0,0.0
2017-10-31,A_PRICE,Anna Snelling,2,1T5WFCEJ,94,5482.0,0,0.0
2017-10-31,A_PRICE,Anna Snelling,3,4Z7LYTKN,94,5482.0,0,0.0
2017-10-31,A_PRICE,Anna Snelling,4,513PSPBN,94,5482.0,0,0.0
2017-10-31,A_PRICE,Anna Snelling,5,64CTQ6C5,94,5482.0,1,6659.0
2017-10-31,A_PRICE,Boris Faz,1,3UI5JBOA,94,5482.0,0,0.0
2017-10-31,A_PRICE,Boris Faz,2,5HKITTHD,94,5482.0,0,0.0
2017-10-31,A_PRICE,Boris Faz,3,EBLSL27F,94,5482.0,0,0.0
2017-10-31,A_PRICE,Boris Faz,4,EYWXCFXJ,94,5482.0,0,0.0
2017-10-31,A_PRICE,Boris Faz,5,JV0KXH4X,94,5482.0,0,0.0
2017-10-31,A_PRICE,Cassey Cress,1,0T9KUEQ2,94,5482.0,0,0.0
2017-10-31,A_PRICE,Cassey Cress,2,49T60OCI,94,5482.0,0,0.0
2017-10-31,A_PRICE,Cassey Cress,3,6TGCOE5O,94,5482.0,0,0.0
2017-10-31,A_PRICE,Cassey Cress,4,9Q7NSPTF,94,5482.0,0,0.0
2017-10-31,A_PRICE,Cassey Cress,5,CTZ5I5R5,94,5482.0,0,0.0
2017-10-31,A_PRICE,Cecily Lampkin,1,99HAV7SY,94,5482.0,0,0.0
2017-10-31,A_PRICE,Cecily Lampkin,2,99NDUEKO,94,5482.0,0,0.0
2017-10-31,A_PRICE,Cecily Lampkin,3,AHXFADIU,94,5482.0,0,0.0
2017-10-31,A_PRICE,Cecily Lampkin,4,IFVL4WL5,94,5482.0,0,0.0
2017-10-31,A_PRICE,Cecily Lampkin,5,OVPNOM6O,94,5482.0,0,0.0
2017-10-31,A_PRICE,Corliss Cosme,1,4MXSHU7X,100,26768.0,0,0.0
2017-10-31,A_PRICE,Corliss Cosme,2,4335LVQT,94,5482.0,1,4648.0
2017-10-31,A_PRICE,Corliss Cosme,3,58CABL04,94,5482.0,1,6372.0
2017-10-31,A_PRICE,Corliss Cosme,4,895XMROB,94,5482.0,0,0.0
2017-10-31,A_PRICE,Corliss Cosme,5,A5SCVK7E,94,5482.0,0,0.0
2017-10-31,A_PRICE,Daniell Hammack,1,HEWKNHTH,94,5482.0,0,0.0
2017-10-31,A_PRICE,Daniell Hammack,2,HF1GSBT4,94,5482.0,0,0.0
2017-10-31,A_PRICE,Daniell Hammack,3,LFI3BGEE,94,5482.0,0,0.0
2017-10-31,A_PRICE,Daniell Hammack,4,VMUTS9GK,94,5482.0,1,5807.0
2017-10-31,A_PRICE,Daniell Hammack,5,VSNI41WQ,94,5482.0,0,0.0
2017-10-31,A_PRICE,Darcel Schlecht,1,PP4ZY6TZ,100,26768.0,0,0.0
2017-10-31,A_PRICE,Darcel Schlecht,2,5NGPM4C3,94,5482.0,0,0.0
2017-10-31,A_PRICE,Darcel Schlecht,3,6K7LDRKR,94,5482.0,1,4009.0
2017-10-31,A_PRICE,Darcel Schlecht,4,6KM4E0V1,94,5482.0,0,0.0
2017-10-31,A_PRICE,Darcel Schlecht,5,7TFHGN6O,94,5482.0,0,0.0
2017-10-31,A_PRICE,Donn Cantrell,1,3XUKEIQF,94,5482.0,0,0.0
2017-10-31,A_PRICE,Donn Cantrell,2,524QUXI2,94,5482.0,0,0.0
2017-10-31,A_PRICE,Donn Cantrell,3,FHCSKQ4K,94,5482.0,0,0.0
2017-10-31,A_PRICE,Donn Cantrell,4,UX0H8B3W,94,5482.0,0,0.0
2017-10-31,A_PRICE,Donn Cantrell,5,4CFMS9QT,81,4821.0,0,0.0
2017-10-31,A_PRICE,Elease Gluck,1,A04V2WB3,100,26768.0,0,0.0
2017-10-31,A_PRICE,Elease Gluck,2,6OD1J7MW,94,5482.0,0,0.0
2017-10-31,A_PRICE,Elease Gluck,3,I8OUZNDS,94,5482.0,0,0.0
2017-10-31,A_PRICE,Elease Gluck,4,NRK892VX,94,5482.0,0,0.0
2017-10-31,A_PRICE,Elease Gluck,5,3ORQ2R0R,81,4821.0,0,0.0
2017-10-31,A_PRICE,Garret Kinder,1,5GEBBVQQ,94,5482.0,0,0.0
2017-10-31,A_PRICE,Garret Kinder,2,9LILLW96,94,5482.0,0,0.0
2017-10-31,A_PRICE,Garret Kinder,3,TU58PHME,94,5482.0,0,0.0
2017-10-31,A_PRICE,Garret Kinder,4,WXOL5HTS,94,5482.0,1,6818.0
2017-10-31,A_PRICE,Garret Kinder,5,T6ENEYKW,81,4821.0,0,0.0
2017-10-31,A_PRICE,Gladys Colclough,1,5MAXF8FK,94,5482.0,0,0.0
2017-10-31,A_PRICE,Gladys Colclough,2,DHJ8KOUV,94,5482.0,0,0.0
2017-10-31,A_PRICE,Gladys Colclough,3,G7RZTAMV,94,5482.0,0,0.0
2017-10-31,A_PRICE,Gladys Colclough,4,RTWAUR7C,94,5482.0,0,0.0
2017-10-31,A_PRICE,Gladys Colclough,5,W3LRLMKP,94,5482.0,0,0.0
2017-10-31,A_PRICE,Hayden Neloms,1,7GDSUY9K,94,5482.0,0,0.0
2017-10-31,A_PRICE,Hayden Neloms,2,8AK1G9IT,94,5482.0,1,5526.0
2017-10-31,A_PRICE,Hayden Neloms,3,M2A8EY5Q,94,5482.0,0,0.0
2017-10-31,A_PRICE,Hayden Neloms,4,QQPAK72N,94,5482.0,0,0.0
2017-10-31,A_PRICE,Hayden Neloms,5,1D8XLZQ8,65,3393.0,1,3795.0
2017-10-31,A_PRICE,James Ascencio,1,1O72EKFY,94,5482.0,0,0.0
2017-10-31,A_PRICE,James Ascencio,2,2GRNCODO,94,5482.0,0,0.0
2017-10-31,A_PRICE,James Ascencio,3,2UNAJCGN,94,5482.0,0,0.0
2017-10-31,A_PRICE,James Ascencio,4,77IBMLTB,94,5482.0,0,0.0
2017-10-31,A_PRICE,James Ascencio,5,87G25M68,94,5482.0,0,0.0
2017-10-31,A_PRICE,Jonathan Berthelot,1,6Z6SRB1Y,94,5482.0,0,0.0
2017-10-31,A_PRICE,Jonathan Berthelot,2,7XNX75LI,94,5482.0,0,0.0
2017-10-31,A_PRICE,Jonathan Berthelot,3,BICJY3FZ,94,5482.0,1,6049.0
2017-10-31,A_PRICE,Jonathan Berthelot,4,00X8VEYH,81,4821.0,0,0.0
2017-10-31,A_PRICE,Jonathan Berthelot,5,6SQHVC0S,81,4821.0,0,0.0
2017-10-31,A_PRICE,Kami Bicknell,1,059K86LU,94,5482.0,0,0.0
2017-10-31,A_PRICE,Kami Bicknell,2,ESNS1OS9,94,5482.0,1,4742.0
2017-10-31,A_PRICE,Kami Bicknell,3,KLBW3TOH,94,5482.0,1,5512.0
2017-10-31,A_PRICE,Kami Bicknell,4,N0XWYRBU,94,5482.0,1,6186.0
2017-10-31,A_PRICE,Kami Bicknell,5,P5C842B5,94,5482.0,0,0.0
2017-10-31,A_PRICE,Kary Hendrixson,1,1IY7Y42E,94,5482.0,1,4454.0
2017-10-31,A_PRICE,Kary Hendrixson,2,5CAP1055,94,5482.0,0,0.0
2017-10-31,A_PRICE,Kary Hendrixson,3,6NFIUDKS,94,5482.0,1,5867.0
2017-10-31,A_PRICE,Kary Hendrixson,4,FPLXC8Z3,94,5482.0,0,0.0
2017-10-31,A_PRICE,Kary Hendrixson,5,H8XH5MFQ,94,5482.0,0,0.0
2017-10-31,A_PRICE,Lajuana Vencill,1,IMLG35AP,94,5482.0,0,0.0
2017-10-31,A_PRICE,Lajuana Vencill,2,MLV2QDU6,94,5482.0,1,5160.0
2017-10-31,A_PRICE,Lajuana Vencill,3,OD895EQM,94,5482.0,0,0.0
2017-10-31,A_PRICE,Lajuana Vencill,4,0T2CY70E,65,3393.0,0,0.0
2017-10-31,A_PRICE,Lajuana Vencill,5,DSPMSOTB,65,3393.0,0,0.0
2017-10-31,A_PRICE,Markita Hansen,1,021Z2J9L,100,26768.0,0,0.0
2017-10-31,A_PRICE,Markita Hansen,2,5378T3K3,94,5482.0,0,0.0
2017-10-31,A_PRICE,Markita Hansen,3,714B6OB2,94,5482.0,0,0.0
2017-10-31,A_PRICE,Markita Hansen,4,DZQW0KQ4,94,5482.0,0,0.0
2017-10-31,A_PRICE,Markita Hansen,5,LOSUVU4T,94,5482.0,0,0.0
2017-10-31,A_PRICE,Marty Freudenburg,1,DO6VKC2G,100,26768.0,0,0.0
2017-10-31,A_PRICE,Marty Freudenburg,2,78OETKRD,94,5482.0,1,6322.0
2017-10-31,A_PRICE,Marty Freudenburg,3,AD2YEH7W,94,5482.0,0,0.0
2017-10-31,A_PRICE,Marty Freudenburg,4,CBQRKYZP,94,5482.0,0,0.0
2017-10-31,A_PRICE,Marty Freudenburg,5,E3XLWCWX,94,5482.0,0,0.0
2017-10-31,A_PRICE,Maureen Marcano,1,18KMXL8N,94,5482.0,1,4434.0
2017-10-31,A_PRICE,Maureen Marcano,2,8THGVJ52,94,5482.0,1,5655.0
2017-10-31,A_PRICE,Maureen Marcano,3,GIIHTQGY,94,5482.0,1,4972.0
2017-10-31,A_PRICE,Maureen Marcano,4,N1B45KIT,94,5482.0,0,0.0
2017-10-31,A_PRICE,Maureen Marcano,5,NMLTE4CS,94,5482.0,0,0.0
2017-10-31,A_PRICE,Moses Frase,1,10984DDU,94,5482.0,0,0.0
2017-10-31,A_PRICE,Moses Frase,2,F3EOBN5A,94,5482.0,0,0.0
2017-10-31,A_PRICE,Moses Frase,3,FKOA9EF9,94,5482.0,1,4731.0
2017-10-31,A_PRICE,Moses Frase,4,XUU1PPTJ,94,5482.0,1,5234.0
2017-10-31,A_PRICE,Moses Frase,5,0R5KAHNB,65,3393.0,0,0.0
2017-10-31,A_PRICE,Niesha Huffines,1,BBOWBQA6,94,5482.0,0,0.0
2017-10-31,A_PRICE,Niesha Huffines,2,ID7F5VGK,94,5482.0,0,0.0
2017-10-31,A_PRICE,Niesha Huffines,3,LO2BMO33,94,5482.0,0,0.0
2017-10-31,A_PRICE,Niesha Huffines,4,MA1LQG9S,94,5482.0,1,6255.0
2017-10-31,A_PRICE,Niesha Huffines,5,2E2FDZHG,81,4821.0,0,0.0
2017-10-31,A_PRICE,Reed Clapper,1,J3K9EXW0,94,5482.0,0,0.0
2017-10-31,A_PRICE,Reed Clapper,2,KODTODAA,94,5482.0,0,0.0
2017-10-31,A_PRICE,Reed Clapper,3,R4X2MOO1,94,5482.0,0,0.0
2017-10-31,A_PRICE,Reed Clapper,4,TGI9B9AD,94,5482.0,0,0.0
2017-10-31,A_PRICE,Reed Clapper,5,UDXS7H12,94,5482.0,1,4500.0
2017-10-31,A_PRICE,Rosalina Dieter,1,1H2PVLZ3,100,26768.0,1,26186.0
2017-10-31,A_PRICE,Rosalina Dieter,2,1LY8CAXD,100,26768.0,0,0.0
2017-10-31,A_PRICE,Rosalina Dieter,3,9SRD5NCR,100,26768.0,0,0.0
2017-10-31,A_PRICE,Rosalina Dieter,4,6AO6E15O,81,4821.0,0,0.0
2017-10-31,A_PRICE,Rosalina Dieter,5,P8QXRXMR,81,4821.0,0,0.0
2017-10-31,A_PRICE,Rosie Papadopoulos,1,8R0HTKUK,94,5482.0,0,0.0
2017-10-31,A_PRICE,Rosie Papadopoulos,2,8XXD2LMP,94,5482.0,0,0.0
2017-10-31,A_PRICE,Rosie Papadopoulos,3,98K99UW9,94,5482.0,0,0.0
2017-10-31,A_PRICE,Rosie Papadopoulos,4,PG5S1KYF,94,5482.0,0,0.0
2017-10-31,A_PRICE,Rosie Papadopoulos,5,YYTZSTL0,94,5482.0,0,0.0
2017-10-31,A_PRICE,Versie Hillebrand,1,18YA4UUP,94,5482.0,0,0.0
2017-10-31,A_PRICE,Versie Hillebrand,2,1RXGKOUE,94,5482.0,0,0.0
2017-10-31,A_PRICE,Versie Hillebrand,3,3YDXZ4FA,94,5482.0,0,0.0
2017-10-31,A_PRICE,Versie Hillebrand,4,G6MUC5R6,94,5482.0,0,0.0
2017-10-31,A_PRICE,Versie Hillebrand,5,RW6QS352,94,5482.0,0,0.0
2017-10-31,A_PRICE,Vicki Laflamme,1,1SKGHPHL,94,5482.0,1,5129.0
2017-10-31,A_PRICE,Vicki Laflamme,2,2FNTCPOU,94,5482.0,0,0.0
2017-10-31,A_PRICE,Vicki Laflamme,3,3C6E0D28,94,5482.0,0,0.0
2017-10-31,A_PRICE,Vicki Laflamme,4,4SOUOUKH,94,5482.0,0,0.0
2017-10-31,A_PRICE,Vicki Laflamme,5,7A3R2M9T,94,5482.0,0,0.0
2017-10-31,A_PRICE,Violet Mclelland,1,ESZPH44N,81,4821.0,0,0.0
2017-10-31,A_PRICE,Violet Mclelland,2,GVOKY9KD,81,4821.0,0,0.0
2017-10-31,A_PRICE,Violet Mclelland,3,QKW7MDJK,81,4821.0,0,0.0
2017-10-31,A_PRICE,Violet Mclelland,4,R443AUAG,81,4821.0,0,0.0
2017-10-31,A_PRICE,Violet Mclelland,5,1374WYJG,65,3393.0,0,0.0
2017-10-31,A_PRICE,Wilburn Farren,1,9JTFD4FZ,94,5482.0,0,0.0
2017-10-31,A_PRICE,Wilburn Farren,2,HN6TZPAF,94,5482.0,0,0.0
2017-10-31,A_PRICE,Wilburn Farren,3,LUXAXNBV,94,5482.0,0,0.0
2017-10-31,A_PRICE,Wilburn Farren,4,M10S36W3,94,5482.0,1,5559.0
2017-10-31,A_PRICE,Wilburn Farren,5,QNB3SCN9,94,5482.0,0,0.0
2017-10-31,A_PRICE,Zane Levy,1,01XZ9CRY,94,5482.0,0,0.0
2017-10-31,A_PRICE,Zane Levy,2,FZGGKS2D,94,5482.0,0,0.0
2017-10-31,A_PRICE,Zane Levy,3,J0G6ZLYZ,94,5482.0,0,0.0
2017-10-31,A_PRICE,Zane Levy,4,041Q1IZL,81,4821.0,0,0.0
2017-10-31,A_PRICE,Zane Levy,5,23NAJF9W,81,4821.0,0,0.0
2017-10-31,B_AGE_PRICE,Anna Snelling,1,1FEHFRKX,98,5482.0,0,0.0
2017-10-31,B_AGE_PRICE,Anna Snelling,2,LD4F6QTP,98,5482.0,0,0.0
2017-10-31,B_AGE_PRICE,Anna Snelling,3,513PSPBN,97,5482.0,0,0.0
2017-10-31,B_AGE_PRICE,Anna Snelling,4,7FZ9CBZ3,97,5482.0,0,0.0
2017-10-31,B_AGE_PRICE,Anna Snelling,5,T4AW06MM,97,5482.0,0,0.0
2017-10-31,B_AGE_PRICE,Boris Faz,1,EBLSL27F,100,5482.0,0,0.0
2017-10-31,B_AGE_PRICE,Boris Faz,2,WQAKXOYU,98,4821.0,0,0.0
2017-10-31,B_AGE_PRICE,Boris Faz,3,CFI2GXN1,97,4821.0,0,0.0
2017-10-31,B_AGE_PRICE,Boris Faz,4,L3DT2WVO,95,4821.0,1,4197.0
2017-10-31,B_AGE_PRICE,Boris Faz,5,WO1OYV0Z,94,5482.0,0,0.0
2017-10-31,B_AGE_PRICE,Cassey Cress,1,WEKW3XIN,100,5482.0,0,0.0
2017-10-31,B_AGE_PRICE,Cassey Cress,2,49T60OCI,99,5482.0,0,0.0
2017-10-31,B_AGE_PRICE,Cassey Cress,3,NK1B8YME,99,5482.0,0,0.0
2017-10-31,B_AGE_PRICE,Cassey Cress,4,0T9KUEQ2,98,5482.0,0,0.0
2017-10-31,B_AGE_PRICE,Cassey Cress,5,9Q7NSPTF,97,5482.0,0,0.0
2017-10-31,B_AGE_PRICE,Cecily Lampkin,1,AHXFADIU,93,5482.0,0,0.0
2017-10-31,B_AGE_PRICE,Cecily Lampkin,2,99NDUEKO,91,5482.0,0,0.0
2017-10-31,B_AGE_PRICE,Cecily Lampkin,3,OT5G3M9A,85,3393.0,0,0.0
2017-10-31,B_AGE_PRICE,Cecily Lampkin,4,SXFE42KG,84,3393.0,0,0.0
2017-10-31,B_AGE_PRICE,Cecily Lampkin,5,IG540SIB,82,3393.0,0,0.0
2017-10-31,B_AGE_PRICE,Corliss Cosme,1,FOJG3OCO,99,5482.0,0,0.0
2017-10-31,B_AGE_PRICE,Corliss Cosme,2,13FIM9V3,99,4821.0,0,0.0
2017-10-31,B_AGE_PRICE,Corliss Cosme,3,HAUB1NBF,98,4821.0,0,0.0
2017-10-31,B_AGE_PRICE,Corliss Cosme,4,4335LVQT,93,5482.0,1,4648.0
2017-10-31,B_AGE_PRICE,Corliss Cosme,5,58CABL04,90,5482.0,1,6372.0
2017-10-31,B_AGE_PRICE,Daniell Hammack,1,HEWKNHTH,100,5482.0,0,0.0
2017-10-31,B_AGE_PRICE,Daniell Hammack,2,BJO4VYLK,99,4821.0,0,0.0
2017-10-31,B_AGE_PRICE,Daniell Hammack,3,Z6R4KJFU,99,4821.0,0,0.0
2017-10-31,B_AGE_PRICE,Daniell Hammack,4,HTF7TYQS,98,4821.0,0,0.0
2017-10-31,B_AGE_PRICE,Daniell Hammack,5,OT26ZUZ7,97,4821.0,0,0.0
2017-10-31,B_AGE_PRICE,Darcel Schlecht,1,6K7LDRKR,98,5482.0,1,4009.0
2017-10-31,B_AGE_PRICE,Darcel Schlecht,2,I3KQNE9V,98,5482.0,0,0.0
2017-10-31,B_AGE_PRICE,Darcel Schlecht,3,7TFHGN6O,96,5482.0,0,0.0
2017-10-31,B_AGE_PRICE,Darcel Schlecht,4,R55U5QI4,96,5482.0,0,0.0
2017-10-31,B_AGE_PRICE,Darcel Schlecht,5,NU4ACGMY,96,4821.0,0,0.0
2017-10-31,B_AGE_PRICE,Donn Cantrell,1,3XUKEIQF,90,5482.0,0,0.0
2017-10-31,B_AGE_PRICE,Donn Cantrell,2,ONN55X1O,86,4821.0,0,0.0
2017-10-31,B_AGE_PRICE,Donn Cantrell,3,4CFMS9QT,85,4821.0,0,0.0
2017-10-31,B_AGE_PRICE,Donn Cantrell,4,J5DVK5F3,85,3393.0,1,3260.0
2017-10-31,B_AGE_PRICE,Donn Cantrell,5,ZVXINY4O,83,4821.0,0,0.0
2017-10-31,B_AGE_PRICE,Elease Gluck,1,A04V2WB3,100,26768.0,0,0.0
2017-10-31,B_AGE_PRICE,Elease Gluck,2,I8OUZNDS,99,5482.0,0,0.0
2017-10-31,B_AGE_PRICE,Elease Gluck,3,CCLIVXMG,96,4821.0,0,0.0
2017-10-31,B_AGE_PRICE,Elease Gluck,4,HBN3R2TJ,87,3393.0,0,0.0
2017-10-31,B_AGE_PRICE,Elease Gluck,5,6OD1J7MW,83,5482.0,0,0.0
2017-10-31,B_AGE_PRICE,Garret Kinder,1,5GEBBVQQ,92,5482.0,0,0.0
2017-10-31,B_AGE_PRICE,Garret Kinder,2,UZTMM5MG,89,4821.0,0,0.0
2017-10-31,B_AGE_PRICE,Garret Kinder,3,9LILLW96,78,5482.0,0,0.0
2017-10-31,B_AGE_PRICE,Garret Kinder,4,XMVJ5X59,78,3393.0,1,2715.0
2017-10-31,B_AGE_PRICE,Garret Kinder,5,1397M445,73,3393.0,0,0.0
2017-10-31,B_AGE_PRICE,Gladys Colclough,1,RTWAUR7C,97,5482.0,0,0.0
2017-10-31,B_AGE_PRICE,Gladys Colclough,2,G7RZTAMV,96,5482.0,0,0.0
2017-10-31,B_AGE_PRICE,Gladys Colclough,3,PBTSZ2Q2,94,4821.0,0,0.0
2017-10-31,B_AGE_PRICE,Gladys Colclough,4,N07XYH50,93,4821.0,0,0.0
2017-10-31,B_AGE_PRICE,Gladys Colclough,5,5MAXF8FK,92,5482.0,0,0.0
2017-10-31,B_AGE_PRICE,Hayden Neloms,1,8AK1G9IT,98,5482.0,1,5526.0
2017-10-31,B_AGE_PRICE,Hayden Neloms,2,M2A8EY5Q,98,5482.0,0,0.0
2017-10-31,B_AGE_PRICE,Hayden Neloms,3,QQPAK72N,91,5482.0,0,0.0
2017-10-31,B_AGE_PRICE,Hayden Neloms,4,OO3BM7A9,87,3393.0,1,3700.0
2017-10-31,B_AGE_PRICE,Hayden Neloms,5,7F2DDW3C,84,3393.0,0,0.0
2017-10-31,B_AGE_PRICE,James Ascencio,1,1O72EKFY,96,5482.0,0,0.0
2017-10-31,B_AGE_PRICE,James Ascencio,2,NYPU55W4,96,4821.0,0,0.0
2017-10-31,B_AGE_PRICE,James Ascencio,3,PW9DTZON,94,4821.0,0,0.0
2017-10-31,B_AGE_PRICE,James Ascencio,4,2O76H591,93,3393.0,0,0.0
2017-10-31,B_AGE_PRICE,James Ascencio,5,H176AX96,93,3393.0,0,0.0
2017-10-31,B_AGE_PRICE,Jonathan Berthelot,1,BICJY3FZ,97,5482.0,1,6049.0
2017-10-31,B_AGE_PRICE,Jonathan Berthelot,2,PQOHTS9I,96,4821.0,0,0.0
2017-10-31,B_AGE_PRICE,Jonathan Berthelot,3,L65X2CDL,95,4821.0,0,0.0
2017-10-31,B_AGE_PRICE,Jonathan Berthelot,4,PJ75Q8VM,95,4821.0,0,0.0
2017-10-31,B_AGE_PRICE,Jonathan Berthelot,5,7K31BXX3,93,4821.0,0,0.0
2017-10-31,B_AGE_PRICE,Kami Bicknell,1,FHYD80FB,99,4821.0,0,0.0
2017-10-31,B_AGE_PRICE,Kami Bicknell,2,4EGO7VCJ,98,4821.0,0,0.0
2017-10-31,B_AGE_PRICE,Kami Bicknell,3,KDPBAHOJ,92,3393.0,0,0.0
2017-10-31,B_AGE_PRICE,Kami Bicknell,4,N0XWYRBU,91,5482.0,1,6186.0
2017-10-31,B_AGE_PRICE,Kami Bicknell,5,059K86LU,87,5482.0,0,0.0
2017-10-31,B_AGE_PRICE,Kary Hendrixson,1,K1K48OTP,99,5482.0,0,0.0
2017-10-31,B_AGE_PRICE,Kary Hendrixson,2,QP0QCP8Y,99,5482.0,0,0.0
2017-10-31,B_AGE_PRICE,Kary Hendrixson,3,14CNQKX8,99,4821.0,0,0.0
2017-10-31,B_AGE_PRICE,Kary Hendrixson,4,1ORXGKVH,99,4821.0,0,0.0
2017-10-31,B_AGE_PRICE,Kary Hendrixson,5,74KGIZW4,99,4821.0,0,0.0
2017-10-31,B_AGE_PRICE,Lajuana Vencill,1,IMLG35AP,97,5482.0,0,0.0
2017-10-31,B_AGE_PRICE,Lajuana Vencill,2,OD895EQM,96,5482.0,0,0.0
2017-10-31,B_AGE_PRICE,Lajuana Vencill,3,0T2CY70E,85,3393.0,0,0.0
2017-10-31,B_AGE_PRICE,Lajuana Vencill,4,JH643YRI,84,3393.0,0,0.0
2017-10-31,B_AGE_PRICE,Lajuana Vencill,5,YCQTM2BQ,84,3393.0,0,0.0
2017-10-31,B_AGE_PRICE,Markita Hansen,1,021Z2J9L,100,26768.0,0,0.0
2017-10-31,B_AGE_PRICE,Markita Hansen,2,XYRO1TLJ,98,4821.0,0,0.0
2017-10-31,B_AGE_PRICE,Markita Hansen,3,DZQW0KQ4,96,5482.0,0,0.0
2017-10-31,B_AGE_PRICE,Markita Hansen,4,XBO6IN0E,96,4821.0,0,0.0
2017-10-31,B_AGE_PRICE,Markita Hansen,5,W8W6N0LL,95,4821.0,0,0.0
2017-10-31,B_AGE_PRICE,Marty Freudenburg,1,DO6VKC2G,100,26768.0,0,0.0
2017-10-31,B_AGE_PRICE,Marty Freudenburg,2,E3XLWCWX,98,5482.0,0,0.0
2017-10-31,B_AGE_PRICE,Marty Freudenburg,3,CBQRKYZP,97,5482.0,0,0.0
2017-10-31,B_AGE_PRICE,Marty Freudenburg,4,RV5Y8DRY,97,5482.0,0,0.0
2017-10-31,B_AGE_PRICE,Marty Freudenburg,5,MBYOJR5A,95,5482.0,0,0.0
2017-10-31,B_AGE_PRICE,Maureen Marcano,1,54OH0061,99,4821.0,0,0.0
2017-10-31,B_AGE_PRICE,Maureen Marcano,2,81PWOUF0,97,4821.0,0,0.0
2017-10-31,B_AGE_PRICE,Maureen Marcano,3,18KMXL8N,95,5482.0,1,4434.0
2017-10-31,B_AGE_PRICE,Maureen Marcano,4,XVB2CGL6,95,4821.0,0,0.0
2017-10-31,B_AGE_PRICE,Maureen Marcano,5,UDXG59P0,88,5482.0,0,0.0
2017-10-31,B_AGE_PRICE,Moses Frase,1,F3EOBN5A,98,5482.0,0,0.0
2017-10-31,B_AGE_PRICE,Moses Frase,2,XUU1PPTJ,96,5482.0,1,5234.0
2017-10-31,B_AGE_PRICE,Moses Frase,3,FKOA9EF9,89,5482.0,1,4731.0
2017-10-31,B_AGE_PRICE,Moses Frase,4,JOLNKYNH,85,3393.0,0,0.0
2017-10-31,B_AGE_PRICE,Moses Frase,5,SJGOQMLT,85,3393.0,0,0.0
2017-10-31,B_AGE_PRICE,Niesha Huffines,1,BBOWBQA6,98,5482.0,0,0.0
2017-10-31,B_AGE_PRICE,Niesha Huffines,2,H2FCUPHJ,94,4821.0,0,0.0
2017-10-31,B_AGE_PRICE,Niesha Huffines,3,ID7F5VGK,92,5482.0,0,0.0
2017-10-31,B_AGE_PRICE,Niesha Huffines,4,2E2FDZHG,91,4821.0,0,0.0
2017-10-31,B_AGE_PRICE,Niesha Huffines,5,FKY3O5O1,91,4821.0,0,0.0
2017-10-31,B_AGE_PRICE,Reed Clapper,1,I9U5PCM3,96,4821.0,1,5452.0
2017-10-31,B_AGE_PRICE,Reed Clapper,2,TGI9B9AD,95,5482.0,0,0.0
2017-10-31,B_AGE_PRICE,Reed Clapper,3,Y7TVYRAX,89,5482.0,0,0.0
2017-10-31,B_AGE_PRICE,Reed Clapper,4,ZHOK77B4,88,4821.0,1,4743.0
2017-10-31,B_AGE_PRICE,Reed Clapper,5,J3K9EXW0,85,5482.0,0,0.0
2017-10-31,B_AGE_PRICE,Rosalina Dieter,1,1H2PVLZ3,100,26768.0,1,26186.0
2017-10-31,B_AGE_PRICE,Rosalina Dieter,2,1LY8CAXD,100,26768.0,0,0.0
2017-10-31,B_AGE_PRICE,Rosalina Dieter,3,9SRD5NCR,100,26768.0,0,0.0
2017-10-31,B_AGE_PRICE,Rosalina Dieter,4,6AO6E15O,97,4821.0,0,0.0
2017-10-31,B_AGE_PRICE,Rosalina Dieter,5,OW9OM3UO,89,3393.0,0,0.0
2017-10-31,B_AGE_PRICE,Rosie Papadopoulos,1,YYTZSTL0,99,5482.0,0,0.0
2017-10-31,B_AGE_PRICE,Rosie Papadopoulos,2,96798U7Y,99,4821.0,0,0.0
2017-10-31,B_AGE_PRICE,Rosie Papadopoulos,3,PFKDTEYU,99,4821.0,0,0.0
2017-10-31,B_AGE_PRICE,Rosie Papadopoulos,4,QV3TAWDT,97,4821.0,0,0.0
2017-10-31,B_AGE_PRICE,Rosie Papadopoulos,5,98K99UW9,94,5482.0,0,0.0
2017-10-31,B_AGE_PRICE,Versie Hillebrand,1,3YDXZ4FA,97,5482.0,0,0.0
2017-10-31,B_AGE_PRICE,Versie Hillebrand,2,18YA4UUP,96,5482.0,0,0.0
2017-10-31,B_AGE_PRICE,Versie Hillebrand,3,1RXGKOUE,96,5482.0,0,0.0
2017-10-31,B_AGE_PRICE,Versie Hillebrand,4,WRKPDK7O,95,5482.0,0,0.0
2017-10-31,B_AGE_PRICE,Versie Hillebrand,5,SZS2IPM3,85,3393.0,0,0.0
2017-10-31,B_AGE_PRICE,Vicki Laflamme,1,2FNTCPOU,100,5482.0,0,0.0
2017-10-31,B_AGE_PRICE,Vicki Laflamme,2,A8QRKXG3,99,4821.0,0,0.0
2017-10-31,B_AGE_PRICE,Vicki Laflamme,3,7A3R2M9T,98,5482.0,0,0.0
2017-10-31,B_AGE_PRICE,Vicki Laflamme,4,DZOLKFK6,97,5482.0,0,0.0
2017-10-31,B_AGE_PRICE,Vicki Laflamme,5,JHCA115A,96,4821.0,0,0.0
2017-10-31,B_AGE_PRICE,Violet Mclelland,1,R443AUAG,98,4821.0,0,0.0
2017-10-31,B_AGE_PRICE,Violet Mclelland,2,GVOKY9KD,91,4821.0,0,0.0
2017-10-31,B_AGE_PRICE,Violet Mclelland,3,SZAMHBGA,91,3393.0,0,0.0
2017-10-31,B_AGE_PRICE,Violet Mclelland,4,DMG5EOFC,86,3393.0,0,0.0
2017-10-31,B_AGE_PRICE,Violet Mclelland,5,QKW7MDJK,84,4821.0,0,0.0
2017-10-31,B_AGE_PRICE,Wilburn Farren,1,M10S36W3,98,5482.0,1,5559.0
2017-10-31,B_AGE_PRICE,Wilburn Farren,2,B6Z5NFV0,92,3393.0,0,0.0
2017-10-31,B_AGE_PRICE,Wilburn Farren,3,3SD04QJ4,82,3393.0,0,0.0
2017-10-31,B_AGE_PRICE,Wilburn Farren,4,ZN8LHN9B,79,5482.0,0,0.0
2017-10-31,B_AGE_PRICE,Wilburn Farren,5,JEWIBFH9,76,3393.0,0,0.0
2017-10-31,B_AGE_PRICE,Zane Levy,1,O9WYT5ST,99,4821.0,0,0.0
2017-10-31,B_AGE_PRICE,Zane Levy,2,23NAJF9W,98,4821.0,0,0.0
2017-10-31,B_AGE_PRICE,Zane Levy,3,6Z1XK6YR,97,4821.0,0,0.0
2017-10-31,B_AGE_PRICE,Zane Levy,4,CQYAMIQ3,97,4821.0,0,0.0
2017-10-31,B_AGE_PRICE,Zane Levy,5,YXXWQA4G,94,3393.0,0,0.0
2017-10-31,C_AGE_PROPENSITY_PRICE,Anna Snelling,1,1FEHFRKX,98,5482.0,0,0.0
2017-10-31,C_AGE_PROPENSITY_PRICE,Anna Snelling,2,1T5WFCEJ,98,5482.0,0,0.0
2017-10-31,C_AGE_PROPENSITY_PRICE,Anna Snelling,3,513PSPBN,98,5482.0,0,0.0
2017-10-31,C_AGE_PROPENSITY_PRICE,Anna Snelling,4,7FZ9CBZ3,98,5482.0,0,0.0
2017-10-31,C_AGE_PROPENSITY_PRICE,Anna Snelling,5,LD4F6QTP,98,5482.0,0,0.0
2017-10-31,C_AGE_PROPENSITY_PRICE,Boris Faz,1,CFI2GXN1,96,4821.0,0,0.0
2017-10-31,C_AGE_PROPENSITY_PRICE,Boris Faz,2,L3DT2WVO,96,4821.0,1,4197.0
2017-10-31,C_AGE_PROPENSITY_PRICE,Boris Faz,3,3UI5JBOA,92,5482.0,0,0.0
2017-10-31,C_AGE_PROPENSITY_PRICE,Boris Faz,4,5HKITTHD,92,5482.0,0,0.0
2017-10-31,C_AGE_PROPENSITY_PRICE,Boris Faz,5,WO1OYV0Z,92,5482.0,0,0.0
2017-10-31,C_AGE_PROPENSITY_PRICE,Cassey Cress,1,0T9KUEQ2,98,5482.0,0,0.0
2017-10-31,C_AGE_PROPENSITY_PRICE,Cassey Cress,2,49T60OCI,98,5482.0,0,0.0
2017-10-31,C_AGE_PROPENSITY_PRICE,Cassey Cress,3,9Q7NSPTF,98,5482.0,0,0.0
2017-10-31,C_AGE_PROPENSITY_PRICE,Cassey Cress,4,NK1B8YME,98,5482.0,0,0.0
2017-10-31,C_AGE_PROPENSITY_PRICE,Cassey Cress,5,6TGCOE5O,92,5482.0,0,0.0
2017-10-31,C_AGE_PROPENSITY_PRICE,Cecily Lampkin,1,99NDUEKO,92,5482.0,0,0.0
2017-10-31,C_AGE_PROPENSITY_PRICE,Cecily Lampkin,2,AHXFADIU,92,5482.0,0,0.0
2017-10-31,C_AGE_PROPENSITY_PRICE,Cecily Lampkin,3,OVPNOM6O,92,5482.0,0,0.0
2017-10-31,C_AGE_PROPENSITY_PRICE,Cecily Lampkin,4,0PT4RY4P,81,3393.0,0,0.0
2017-10-31,C_AGE_PROPENSITY_PRICE,Cecily Lampkin,5,IG540SIB,81,3393.0,0,0.0
2017-10-31,C_AGE_PROPENSITY_PRICE,Corliss Cosme,1,4MXSHU7X,100,26768.0,0,0.0
2017-10-31,C_AGE_PROPENSITY_PRICE,Corliss Cosme,2,4335LVQT,92,5482.0,1,4648.0
2017-10-31,C_AGE_PROPENSITY_PRICE,Corliss Cosme,3,58CABL04,92,5482.0,1,6372.0
2017-10-31,C_AGE_PROPENSITY_PRICE,Corliss Cosme,4,A5SCVK7E,92,5482.0,0,0.0
2017-10-31,C_AGE_PROPENSITY_PRICE,Corliss Cosme,5,NNLNVB7E,92,5482.0,1,5529.0
2017-10-31,C_AGE_PROPENSITY_PRICE,Daniell Hammack,1,OT26ZUZ7,96,4821.0,0,0.0
2017-10-31,C_AGE_PROPENSITY_PRICE,Daniell Hammack,2,HF1GSBT4,92,5482.0,0,0.0
2017-10-31,C_AGE_PROPENSITY_PRICE,Daniell Hammack,3,VMUTS9GK,92,5482.0,1,5807.0
2017-10-31,C_AGE_PROPENSITY_PRICE,Daniell Hammack,4,XVM3UK16,92,5482.0,0,0.0
2017-10-31,C_AGE_PROPENSITY_PRICE,Daniell Hammack,5,2N2MUDOA,86,4821.0,0,0.0
2017-10-31,C_AGE_PROPENSITY_PRICE,Darcel Schlecht,1,PP4ZY6TZ,100,26768.0,0,0.0
2017-10-31,C_AGE_PROPENSITY_PRICE,Darcel Schlecht,2,6K7LDRKR,98,5482.0,1,4009.0
2017-10-31,C_AGE_PROPENSITY_PRICE,Darcel Schlecht,3,7TFHGN6O,98,5482.0,0,0.0
2017-10-31,C_AGE_PROPENSITY_PRICE,Darcel Schlecht,4,I3KQNE9V,98,5482.0,0,0.0
2017-10-31,C_AGE_PROPENSITY_PRICE,Darcel Schlecht,5,R55U5QI4,98,5482.0,0,0.0
2017-10-31,C_AGE_PROPENSITY_PRICE,Donn Cantrell,1,3XUKEIQF,92,5482.0,0,0.0
2017-10-31,C_AGE_PROPENSITY_PRICE,Donn Cantrell,2,4CFMS9QT,86,4821.0,0,0.0
2017-10-31,C_AGE_PROPENSITY_PRICE,Donn Cantrell,3,6BQMENQR,86,4821.0,0,0.0
2017-10-31,C_AGE_PROPENSITY_PRICE,Donn Cantrell,4,M40Z4KWL,86,4821.0,1,5305.0
2017-10-31,C_AGE_PROPENSITY_PRICE,Donn Cantrell,5,ONN55X1O,86,4821.0,0,0.0
2017-10-31,C_AGE_PROPENSITY_PRICE,Elease Gluck,1,A04V2WB3,100,26768.0,0,0.0
2017-10-31,C_AGE_PROPENSITY_PRICE,Elease Gluck,2,CCLIVXMG,96,4821.0,0,0.0
2017-10-31,C_AGE_PROPENSITY_PRICE,Elease Gluck,3,6OD1J7MW,92,5482.0,0,0.0
2017-10-31,C_AGE_PROPENSITY_PRICE,Elease Gluck,4,3ORQ2R0R,86,4821.0,0,0.0
2017-10-31,C_AGE_PROPENSITY_PRICE,Elease Gluck,5,HBN3R2TJ,81,3393.0,0,0.0
2017-10-31,C_AGE_PROPENSITY_PRICE,Garret Kinder,1,5GEBBVQQ,92,5482.0,0,0.0
2017-10-31,C_AGE_PROPENSITY_PRICE,Garret Kinder,2,9LILLW96,92,5482.0,0,0.0
2017-10-31,C_AGE_PROPENSITY_PRICE,Garret Kinder,3,UZTMM5MG,86,4821.0,0,0.0
2017-10-31,C_AGE_PROPENSITY_PRICE,Garret Kinder,4,WXOL5HTS,78,5482.0,1,6818.0
2017-10-31,C_AGE_PROPENSITY_PRICE,Garret Kinder,5,1397M445,74,3393.0,0,0.0
2017-10-31,C_AGE_PROPENSITY_PRICE,Gladys Colclough,1,G7RZTAMV,98,5482.0,0,0.0
2017-10-31,C_AGE_PROPENSITY_PRICE,Gladys Colclough,2,RTWAUR7C,98,5482.0,0,0.0
2017-10-31,C_AGE_PROPENSITY_PRICE,Gladys Colclough,3,0XBGT413,96,4821.0,0,0.0
2017-10-31,C_AGE_PROPENSITY_PRICE,Gladys Colclough,4,N07XYH50,96,4821.0,0,0.0
2017-10-31,C_AGE_PROPENSITY_PRICE,Gladys Colclough,5,PBTSZ2Q2,96,4821.0,0,0.0
2017-10-31,C_AGE_PROPENSITY_PRICE,Hayden Neloms,1,8AK1G9IT,98,5482.0,1,5526.0
2017-10-31,C_AGE_PROPENSITY_PRICE,Hayden Neloms,2,M2A8EY5Q,98,5482.0,0,0.0
2017-10-31,C_AGE_PROPENSITY_PRICE,Hayden Neloms,3,7GDSUY9K,92,5482.0,0,0.0
2017-10-31,C_AGE_PROPENSITY_PRICE,Hayden Neloms,4,QQPAK72N,92,5482.0,0,0.0
2017-10-31,C_AGE_PROPENSITY_PRICE,Hayden Neloms,5,7F2DDW3C,81,3393.0,0,0.0
2017-10-31,C_AGE_PROPENSITY_PRICE,James Ascencio,1,1O72EKFY,98,5482.0,0,0.0
2017-10-31,C_AGE_PROPENSITY_PRICE,James Ascencio,2,NYPU55W4,96,4821.0,0,0.0
2017-10-31,C_AGE_PROPENSITY_PRICE,James Ascencio,3,PW9DTZON,96,4821.0,0,0.0
2017-10-31,C_AGE_PROPENSITY_PRICE,James Ascencio,4,2GRNCODO,92,5482.0,0,0.0
2017-10-31,C_AGE_PROPENSITY_PRICE,James Ascencio,5,2UNAJCGN,92,5482.0,0,0.0
2017-10-31,C_AGE_PROPENSITY_PRICE,Jonathan Berthelot,1,BICJY3FZ,98,5482.0,1,6049.0
2017-10-31,C_AGE_PROPENSITY_PRICE,Jonathan Berthelot,2,7K31BXX3,96,4821.0,0,0.0
2017-10-31,C_AGE_PROPENSITY_PRICE,Jonathan Berthelot,3,L65X2CDL,96,4821.0,0,0.0
2017-10-31,C_AGE_PROPENSITY_PRICE,Jonathan Berthelot,4,PJ75Q8VM,96,4821.0,0,0.0
2017-10-31,C_AGE_PROPENSITY_PRICE,Jonathan Berthelot,5,PQOHTS9I,96,4821.0,0,0.0
2017-10-31,C_AGE_PROPENSITY_PRICE,Kami Bicknell,1,059K86LU,92,5482.0,0,0.0
2017-10-31,C_AGE_PROPENSITY_PRICE,Kami Bicknell,2,N0XWYRBU,92,5482.0,1,6186.0
2017-10-31,C_AGE_PROPENSITY_PRICE,Kami Bicknell,3,RDMKSDT0,92,5482.0,0,0.0
2017-10-31,C_AGE_PROPENSITY_PRICE,Kami Bicknell,4,RLTHGLLJ,92,5482.0,1,4773.0
2017-10-31,C_AGE_PROPENSITY_PRICE,Kami Bicknell,5,7K1KXMBT,86,4821.0,0,0.0
2017-10-31,C_AGE_PROPENSITY_PRICE,Kary Hendrixson,1,FPLXC8Z3,98,5482.0,0,0.0
2017-10-31,C_AGE_PROPENSITY_PRICE,Kary Hendrixson,2,JB3J080M,98,5482.0,0,0.0
2017-10-31,C_AGE_PROPENSITY_PRICE,Kary Hendrixson,3,K1K48OTP,98,5482.0,0,0.0
2017-10-31,C_AGE_PROPENSITY_PRICE,Kary Hendrixson,4,QP0QCP8Y,98,5482.0,0,0.0
2017-10-31,C_AGE_PROPENSITY_PRICE,Kary Hendrixson,5,1IY7Y42E,92,5482.0,1,4454.0
2017-10-31,C_AGE_PROPENSITY_PRICE,Lajuana Vencill,1,IMLG35AP,98,5482.0,0,0.0
2017-10-31,C_AGE_PROPENSITY_PRICE,Lajuana Vencill,2,OD895EQM,98,5482.0,0,0.0
2017-10-31,C_AGE_PROPENSITY_PRICE,Lajuana Vencill,3,0T2CY70E,81,3393.0,0,0.0
2017-10-31,C_AGE_PROPENSITY_PRICE,Lajuana Vencill,4,EMH2I8XE,81,3393.0,0,0.0
2017-10-31,C_AGE_PROPENSITY_PRICE,Lajuana Vencill,5,JH643YRI,81,3393.0,0,0.0
2017-10-31,C_AGE_PROPENSITY_PRICE,Markita Hansen,1,021Z2J9L,100,26768.0,0,0.0
2017-10-31,C_AGE_PROPENSITY_PRICE,Markita Hansen,2,DZQW0KQ4,98,5482.0,0,0.0
2017-10-31,C_AGE_PROPENSITY_PRICE,Markita Hansen,3,6PHF576T,96,4821.0,0,0.0
2017-10-31,C_AGE_PROPENSITY_PRICE,Markita Hansen,4,W8W6N0LL,96,4821.0,0,0.0
2017-10-31,C_AGE_PROPENSITY_PRICE,Markita Hansen,5,XBO6IN0E,96,4821.0,0,0.0
2017-10-31,C_AGE_PROPENSITY_PRICE,Marty Freudenburg,1,DO6VKC2G,100,26768.0,0,0.0
2017-10-31,C_AGE_PROPENSITY_PRICE,Marty Freudenburg,2,CBQRKYZP,98,5482.0,0,0.0
2017-10-31,C_AGE_PROPENSITY_PRICE,Marty Freudenburg,3,E3XLWCWX,98,5482.0,0,0.0
2017-10-31,C_AGE_PROPENSITY_PRICE,Marty Freudenburg,4,MBYOJR5A,98,5482.0,0,0.0
2017-10-31,C_AGE_PROPENSITY_PRICE,Marty Freudenburg,5,RV5Y8DRY,98,5482.0,0,0.0
2017-10-31,C_AGE_PROPENSITY_PRICE,Maureen Marcano,1,18KMXL8N,98,5482.0,1,4434.0
2017-10-31,C_AGE_PROPENSITY_PRICE,Maureen Marcano,2,81PWOUF0,96,4821.0,0,0.0
2017-10-31,C_AGE_PROPENSITY_PRICE,Maureen Marcano,3,XVB2CGL6,96,4821.0,0,0.0
2017-10-31,C_AGE_PROPENSITY_PRICE,Maureen Marcano,4,GIIHTQGY,92,5482.0,1,4972.0
2017-10-31,C_AGE_PROPENSITY_PRICE,Maureen Marcano,5,U5JFEXOI,92,5482.0,0,0.0
2017-10-31,C_AGE_PROPENSITY_PRICE,Moses Frase,1,F3EOBN5A,98,5482.0,0,0.0
2017-10-31,C_AGE_PROPENSITY_PRICE,Moses Frase,2,XUU1PPTJ,98,5482.0,1,5234.0
2017-10-31,C_AGE_PROPENSITY_PRICE,Moses Frase,3,FKOA9EF9,92,5482.0,1,4731.0
2017-10-31,C_AGE_PROPENSITY_PRICE,Moses Frase,4,56LUBQTV,81,3393.0,0,0.0
2017-10-31,C_AGE_PROPENSITY_PRICE,Moses Frase,5,BB1PRS3T,81,3393.0,0,0.0
2017-10-31,C_AGE_PROPENSITY_PRICE,Niesha Huffines,1,BBOWBQA6,98,5482.0,0,0.0
2017-10-31,C_AGE_PROPENSITY_PRICE,Niesha Huffines,2,FKY3O5O1,96,4821.0,0,0.0
2017-10-31,C_AGE_PROPENSITY_PRICE,Niesha Huffines,3,H2FCUPHJ,96,4821.0,0,0.0
2017-10-31,C_AGE_PROPENSITY_PRICE,Niesha Huffines,4,ID7F5VGK,92,5482.0,0,0.0
2017-10-31,C_AGE_PROPENSITY_PRICE,Niesha Huffines,5,MA1LQG9S,92,5482.0,1,6255.0
2017-10-31,C_AGE_PROPENSITY_PRICE,Reed Clapper,1,I9U5PCM3,96,4821.0,1,5452.0
2017-10-31,C_AGE_PROPENSITY_PRICE,Reed Clapper,2,J3K9EXW0,92,5482.0,0,0.0
2017-10-31,C_AGE_PROPENSITY_PRICE,Reed Clapper,3,R4X2MOO1,92,5482.0,0,0.0
2017-10-31,C_AGE_PROPENSITY_PRICE,Reed Clapper,4,TGI9B9AD,92,5482.0,0,0.0
2017-10-31,C_AGE_PROPENSITY_PRICE,Reed Clapper,5,Y7TVYRAX,92,5482.0,0,0.0
2017-10-31,C_AGE_PROPENSITY_PRICE,Rosalina Dieter,1,1H2PVLZ3,100,26768.0,1,26186.0
2017-10-31,C_AGE_PROPENSITY_PRICE,Rosalina Dieter,2,1LY8CAXD,100,26768.0,0,0.0
2017-10-31,C_AGE_PROPENSITY_PRICE,Rosalina Dieter,3,9SRD5NCR,100,26768.0,0,0.0
2017-10-31,C_AGE_PROPENSITY_PRICE,Rosalina Dieter,4,6AO6E15O,96,4821.0,0,0.0
2017-10-31,C_AGE_PROPENSITY_PRICE,Rosalina Dieter,5,OW9OM3UO,81,3393.0,0,0.0
2017-10-31,C_AGE_PROPENSITY_PRICE,Rosie Papadopoulos,1,YYTZSTL0,98,5482.0,0,0.0
2017-10-31,C_AGE_PROPENSITY_PRICE,Rosie Papadopoulos,2,QV3TAWDT,96,4821.0,0,0.0
2017-10-31,C_AGE_PROPENSITY_PRICE,Rosie Papadopoulos,3,8XXD2LMP,92,5482.0,0,0.0
2017-10-31,C_AGE_PROPENSITY_PRICE,Rosie Papadopoulos,4,98K99UW9,92,5482.0,0,0.0
2017-10-31,C_AGE_PROPENSITY_PRICE,Rosie Papadopoulos,5,PG5S1KYF,92,5482.0,0,0.0
2017-10-31,C_AGE_PROPENSITY_PRICE,Versie Hillebrand,1,18YA4UUP,98,5482.0,0,0.0
2017-10-31,C_AGE_PROPENSITY_PRICE,Versie Hillebrand,2,1RXGKOUE,98,5482.0,0,0.0
2017-10-31,C_AGE_PROPENSITY_PRICE,Versie Hillebrand,3,3YDXZ4FA,98,5482.0,0,0.0
2017-10-31,C_AGE_PROPENSITY_PRICE,Versie Hillebrand,4,WRKPDK7O,98,5482.0,0,0.0
2017-10-31,C_AGE_PROPENSITY_PRICE,Versie Hillebrand,5,RN7M3757,81,3393.0,0,0.0
2017-10-31,C_AGE_PROPENSITY_PRICE,Vicki Laflamme,1,7A3R2M9T,98,5482.0,0,0.0
2017-10-31,C_AGE_PROPENSITY_PRICE,Vicki Laflamme,2,DZOLKFK6,98,5482.0,0,0.0
2017-10-31,C_AGE_PROPENSITY_PRICE,Vicki Laflamme,3,JHCA115A,96,4821.0,0,0.0
2017-10-31,C_AGE_PROPENSITY_PRICE,Vicki Laflamme,4,Q5GNQ823,96,4821.0,0,0.0
2017-10-31,C_AGE_PROPENSITY_PRICE,Vicki Laflamme,5,R69OYH4Z,96,4821.0,0,0.0
2017-10-31,C_AGE_PROPENSITY_PRICE,Violet Mclelland,1,GVOKY9KD,96,4821.0,0,0.0
2017-10-31,C_AGE_PROPENSITY_PRICE,Violet Mclelland,2,ESZPH44N,86,4821.0,0,0.0
2017-10-31,C_AGE_PROPENSITY_PRICE,Violet Mclelland,3,QKW7MDJK,86,4821.0,0,0.0
2017-10-31,C_AGE_PROPENSITY_PRICE,Violet Mclelland,4,DMG5EOFC,81,3393.0,0,0.0
2017-10-31,C_AGE_PROPENSITY_PRICE,Violet Mclelland,5,3NC5XSDF,74,3393.0,0,0.0
2017-10-31,C_AGE_PROPENSITY_PRICE,Wilburn Farren,1,M10S36W3,98,5482.0,1,5559.0
2017-10-31,C_AGE_PROPENSITY_PRICE,Wilburn Farren,2,ZN8LHN9B,92,5482.0,0,0.0
2017-10-31,C_AGE_PROPENSITY_PRICE,Wilburn Farren,3,3SD04QJ4,81,3393.0,0,0.0
2017-10-31,C_AGE_PROPENSITY_PRICE,Wilburn Farren,4,HN6TZPAF,78,5482.0,0,0.0
2017-10-31,C_AGE_PROPENSITY_PRICE,Wilburn Farren,5,HDW4BXVN,74,3393.0,0,0.0
2017-10-31,C_AGE_PROPENSITY_PRICE,Zane Levy,1,6Z1XK6YR,96,4821.0,0,0.0
2017-10-31,C_AGE_PROPENSITY_PRICE,Zane Levy,2,CQYAMIQ3,96,4821.0,0,0.0
2017-10-31,C_AGE_PROPENSITY_PRICE,Zane Levy,3,VD2KHXRY,96,4821.0,0,0.0
2017-10-31,C_AGE_PROPENSITY_PRICE,Zane Levy,4,J0G6ZLYZ,92,5482.0,0,0.0
2017-10-31,C_AGE_PROPENSITY_PRICE,Zane Levy,5,041Q1IZL,86,4821.0,0,0.0
2017-10-31,D_MODEL_FALLBACK_PRICE,Anna Snelling,1,1FEHFRKX,99,5482.0,0,0.0
2017-10-31,D_MODEL_FALLBACK_PRICE,Anna Snelling,2,7FZ9CBZ3,99,5482.0,0,0.0
2017-10-31,D_MODEL_FALLBACK_PRICE,Anna Snelling,3,LD4F6QTP,99,5482.0,0,0.0
2017-10-31,D_MODEL_FALLBACK_PRICE,Anna Snelling,4,B5GG52AB,98,5482.0,0,0.0
2017-10-31,D_MODEL_FALLBACK_PRICE,Anna Snelling,5,X2GXIKND,98,5482.0,1,5468.0
2017-10-31,D_MODEL_FALLBACK_PRICE,Boris Faz,1,5HKITTHD,96,5482.0,0,0.0
2017-10-31,D_MODEL_FALLBACK_PRICE,Boris Faz,2,L3DT2WVO,96,4821.0,1,4197.0
2017-10-31,D_MODEL_FALLBACK_PRICE,Boris Faz,3,PH1IKJ0W,95,4821.0,1,4732.0
2017-10-31,D_MODEL_FALLBACK_PRICE,Boris Faz,4,CFI2GXN1,94,4821.0,0,0.0
2017-10-31,D_MODEL_FALLBACK_PRICE,Boris Faz,5,WO1OYV0Z,89,5482.0,0,0.0
2017-10-31,D_MODEL_FALLBACK_PRICE,Cassey Cress,1,49T60OCI,100,5482.0,0,0.0
2017-10-31,D_MODEL_FALLBACK_PRICE,Cassey Cress,2,0T9KUEQ2,97,5482.0,0,0.0
2017-10-31,D_MODEL_FALLBACK_PRICE,Cassey Cress,3,9Q7NSPTF,97,5482.0,0,0.0
2017-10-31,D_MODEL_FALLBACK_PRICE,Cassey Cress,4,NK1B8YME,97,5482.0,0,0.0
2017-10-31,D_MODEL_FALLBACK_PRICE,Cassey Cress,5,LFMMI05H,96,5482.0,0,0.0
2017-10-31,D_MODEL_FALLBACK_PRICE,Cecily Lampkin,1,99NDUEKO,96,5482.0,0,0.0
2017-10-31,D_MODEL_FALLBACK_PRICE,Cecily Lampkin,2,AHXFADIU,96,5482.0,0,0.0
2017-10-31,D_MODEL_FALLBACK_PRICE,Cecily Lampkin,3,OT5G3M9A,84,3393.0,0,0.0
2017-10-31,D_MODEL_FALLBACK_PRICE,Cecily Lampkin,4,0PT4RY4P,82,3393.0,0,0.0
2017-10-31,D_MODEL_FALLBACK_PRICE,Cecily Lampkin,5,IG540SIB,82,3393.0,0,0.0
2017-10-31,D_MODEL_FALLBACK_PRICE,Corliss Cosme,1,4MXSHU7X,100,26768.0,0,0.0
2017-10-31,D_MODEL_FALLBACK_PRICE,Corliss Cosme,2,4335LVQT,99,5482.0,1,4648.0
2017-10-31,D_MODEL_FALLBACK_PRICE,Corliss Cosme,3,58CABL04,96,5482.0,1,6372.0
2017-10-31,D_MODEL_FALLBACK_PRICE,Corliss Cosme,4,A5SCVK7E,95,5482.0,0,0.0
2017-10-31,D_MODEL_FALLBACK_PRICE,Corliss Cosme,5,MJ0RRDLN,93,4821.0,0,0.0
2017-10-31,D_MODEL_FALLBACK_PRICE,Daniell Hammack,1,OT26ZUZ7,98,4821.0,0,0.0
2017-10-31,D_MODEL_FALLBACK_PRICE,Daniell Hammack,2,NUBMO8S7,96,4821.0,0,0.0
2017-10-31,D_MODEL_FALLBACK_PRICE,Daniell Hammack,3,XVM3UK16,92,5482.0,0,0.0
2017-10-31,D_MODEL_FALLBACK_PRICE,Daniell Hammack,4,2N2MUDOA,92,4821.0,0,0.0
2017-10-31,D_MODEL_FALLBACK_PRICE,Daniell Hammack,5,ROSYV895,90,3393.0,0,0.0
2017-10-31,D_MODEL_FALLBACK_PRICE,Darcel Schlecht,1,PP4ZY6TZ,100,26768.0,0,0.0
2017-10-31,D_MODEL_FALLBACK_PRICE,Darcel Schlecht,2,6K7LDRKR,99,5482.0,1,4009.0
2017-10-31,D_MODEL_FALLBACK_PRICE,Darcel Schlecht,3,7TFHGN6O,99,5482.0,0,0.0
2017-10-31,D_MODEL_FALLBACK_PRICE,Darcel Schlecht,4,I3KQNE9V,99,5482.0,0,0.0
2017-10-31,D_MODEL_FALLBACK_PRICE,Darcel Schlecht,5,R55U5QI4,98,5482.0,0,0.0
2017-10-31,D_MODEL_FALLBACK_PRICE,Donn Cantrell,1,3XUKEIQF,95,5482.0,0,0.0
2017-10-31,D_MODEL_FALLBACK_PRICE,Donn Cantrell,2,ONN55X1O,92,4821.0,0,0.0
2017-10-31,D_MODEL_FALLBACK_PRICE,Donn Cantrell,3,4CFMS9QT,90,4821.0,0,0.0
2017-10-31,D_MODEL_FALLBACK_PRICE,Donn Cantrell,4,ZVXINY4O,89,4821.0,0,0.0
2017-10-31,D_MODEL_FALLBACK_PRICE,Donn Cantrell,5,M40Z4KWL,88,4821.0,1,5305.0
2017-10-31,D_MODEL_FALLBACK_PRICE,Elease Gluck,1,A04V2WB3,100,26768.0,0,0.0
2017-10-31,D_MODEL_FALLBACK_PRICE,Elease Gluck,2,CCLIVXMG,94,4821.0,0,0.0
2017-10-31,D_MODEL_FALLBACK_PRICE,Elease Gluck,3,6OD1J7MW,90,5482.0,0,0.0
2017-10-31,D_MODEL_FALLBACK_PRICE,Elease Gluck,4,7CC4DUSQ,87,3393.0,0,0.0
2017-10-31,D_MODEL_FALLBACK_PRICE,Elease Gluck,5,3ORQ2R0R,86,4821.0,0,0.0
2017-10-31,D_MODEL_FALLBACK_PRICE,Garret Kinder,1,5GEBBVQQ,98,5482.0,0,0.0
2017-10-31,D_MODEL_FALLBACK_PRICE,Garret Kinder,2,UZTMM5MG,95,4821.0,0,0.0
2017-10-31,D_MODEL_FALLBACK_PRICE,Garret Kinder,3,9LILLW96,88,5482.0,0,0.0
2017-10-31,D_MODEL_FALLBACK_PRICE,Garret Kinder,4,XMVJ5X59,78,3393.0,1,2715.0
2017-10-31,D_MODEL_FALLBACK_PRICE,Garret Kinder,5,1397M445,75,3393.0,0,0.0
2017-10-31,D_MODEL_FALLBACK_PRICE,Gladys Colclough,1,RTWAUR7C,98,5482.0,0,0.0
2017-10-31,D_MODEL_FALLBACK_PRICE,Gladys Colclough,2,G7RZTAMV,97,5482.0,0,0.0
2017-10-31,D_MODEL_FALLBACK_PRICE,Gladys Colclough,3,5MAXF8FK,96,5482.0,0,0.0
2017-10-31,D_MODEL_FALLBACK_PRICE,Gladys Colclough,4,PBTSZ2Q2,96,4821.0,0,0.0
2017-10-31,D_MODEL_FALLBACK_PRICE,Gladys Colclough,5,N07XYH50,95,4821.0,0,0.0
2017-10-31,D_MODEL_FALLBACK_PRICE,Hayden Neloms,1,8AK1G9IT,99,5482.0,1,5526.0
2017-10-31,D_MODEL_FALLBACK_PRICE,Hayden Neloms,2,M2A8EY5Q,97,5482.0,0,0.0
2017-10-31,D_MODEL_FALLBACK_PRICE,Hayden Neloms,3,7GDSUY9K,90,5482.0,0,0.0
2017-10-31,D_MODEL_FALLBACK_PRICE,Hayden Neloms,4,OO3BM7A9,90,3393.0,1,3700.0
2017-10-31,D_MODEL_FALLBACK_PRICE,Hayden Neloms,5,QQPAK72N,89,5482.0,0,0.0
2017-10-31,D_MODEL_FALLBACK_PRICE,James Ascencio,1,NYPU55W4,99,4821.0,0,0.0
2017-10-31,D_MODEL_FALLBACK_PRICE,James Ascencio,2,1O72EKFY,97,5482.0,0,0.0
2017-10-31,D_MODEL_FALLBACK_PRICE,James Ascencio,3,U8H8VGI0,95,4821.0,0,0.0
2017-10-31,D_MODEL_FALLBACK_PRICE,James Ascencio,4,PW9DTZON,92,4821.0,0,0.0
2017-10-31,D_MODEL_FALLBACK_PRICE,James Ascencio,5,2GRNCODO,91,5482.0,0,0.0
2017-10-31,D_MODEL_FALLBACK_PRICE,Jonathan Berthelot,1,BICJY3FZ,99,5482.0,1,6049.0
2017-10-31,D_MODEL_FALLBACK_PRICE,Jonathan Berthelot,2,L65X2CDL,98,4821.0,0,0.0
2017-10-31,D_MODEL_FALLBACK_PRICE,Jonathan Berthelot,3,PQOHTS9I,98,4821.0,0,0.0
2017-10-31,D_MODEL_FALLBACK_PRICE,Jonathan Berthelot,4,7K31BXX3,94,4821.0,0,0.0
2017-10-31,D_MODEL_FALLBACK_PRICE,Jonathan Berthelot,5,PJ75Q8VM,94,4821.0,0,0.0
2017-10-31,D_MODEL_FALLBACK_PRICE,Kami Bicknell,1,N0XWYRBU,99,5482.0,1,6186.0
2017-10-31,D_MODEL_FALLBACK_PRICE,Kami Bicknell,2,059K86LU,91,5482.0,0,0.0
2017-10-31,D_MODEL_FALLBACK_PRICE,Kami Bicknell,3,RLTHGLLJ,91,5482.0,1,4773.0
2017-10-31,D_MODEL_FALLBACK_PRICE,Kami Bicknell,4,RDMKSDT0,87,5482.0,0,0.0
2017-10-31,D_MODEL_FALLBACK_PRICE,Kami Bicknell,5,7K1KXMBT,86,4821.0,0,0.0
2017-10-31,D_MODEL_FALLBACK_PRICE,Kary Hendrixson,1,K1K48OTP,100,5482.0,0,0.0
2017-10-31,D_MODEL_FALLBACK_PRICE,Kary Hendrixson,2,5CAP1055,99,5482.0,0,0.0
2017-10-31,D_MODEL_FALLBACK_PRICE,Kary Hendrixson,3,QP0QCP8Y,99,5482.0,0,0.0
2017-10-31,D_MODEL_FALLBACK_PRICE,Kary Hendrixson,4,NY7Z4I06,98,5482.0,0,0.0
2017-10-31,D_MODEL_FALLBACK_PRICE,Kary Hendrixson,5,FPLXC8Z3,97,5482.0,0,0.0
2017-10-31,D_MODEL_FALLBACK_PRICE,Lajuana Vencill,1,IMLG35AP,97,5482.0,0,0.0
2017-10-31,D_MODEL_FALLBACK_PRICE,Lajuana Vencill,2,OD895EQM,97,5482.0,0,0.0
2017-10-31,D_MODEL_FALLBACK_PRICE,Lajuana Vencill,3,0T2CY70E,82,3393.0,0,0.0
2017-10-31,D_MODEL_FALLBACK_PRICE,Lajuana Vencill,4,UBO7V799,82,3393.0,0,0.0
2017-10-31,D_MODEL_FALLBACK_PRICE,Lajuana Vencill,5,VBB0LCEN,82,3393.0,0,0.0
2017-10-31,D_MODEL_FALLBACK_PRICE,Markita Hansen,1,021Z2J9L,100,26768.0,0,0.0
2017-10-31,D_MODEL_FALLBACK_PRICE,Markita Hansen,2,714B6OB2,98,5482.0,0,0.0
2017-10-31,D_MODEL_FALLBACK_PRICE,Markita Hansen,3,W8W6N0LL,98,4821.0,0,0.0
2017-10-31,D_MODEL_FALLBACK_PRICE,Markita Hansen,4,DZQW0KQ4,97,5482.0,0,0.0
2017-10-31,D_MODEL_FALLBACK_PRICE,Markita Hansen,5,XBO6IN0E,95,4821.0,0,0.0
2017-10-31,D_MODEL_FALLBACK_PRICE,Marty Freudenburg,1,DO6VKC2G,100,26768.0,0,0.0
2017-10-31,D_MODEL_FALLBACK_PRICE,Marty Freudenburg,2,CBQRKYZP,99,5482.0,0,0.0
2017-10-31,D_MODEL_FALLBACK_PRICE,Marty Freudenburg,3,E3XLWCWX,99,5482.0,0,0.0
2017-10-31,D_MODEL_FALLBACK_PRICE,Marty Freudenburg,4,FSNL204U,98,5482.0,0,0.0
2017-10-31,D_MODEL_FALLBACK_PRICE,Marty Freudenburg,5,MBYOJR5A,97,5482.0,0,0.0
2017-10-31,D_MODEL_FALLBACK_PRICE,Maureen Marcano,1,18KMXL8N,96,5482.0,1,4434.0
2017-10-31,D_MODEL_FALLBACK_PRICE,Maureen Marcano,2,8BGC94TT,95,4821.0,1,5316.0
2017-10-31,D_MODEL_FALLBACK_PRICE,Maureen Marcano,3,81PWOUF0,94,4821.0,0,0.0
2017-10-31,D_MODEL_FALLBACK_PRICE,Maureen Marcano,4,XVB2CGL6,94,4821.0,0,0.0
2017-10-31,D_MODEL_FALLBACK_PRICE,Maureen Marcano,5,87TZLMU7,92,4821.0,0,0.0
2017-10-31,D_MODEL_FALLBACK_PRICE,Moses Frase,1,F3EOBN5A,99,5482.0,0,0.0
2017-10-31,D_MODEL_FALLBACK_PRICE,Moses Frase,2,XUU1PPTJ,98,5482.0,1,5234.0
2017-10-31,D_MODEL_FALLBACK_PRICE,Moses Frase,3,FKOA9EF9,95,5482.0,1,4731.0
2017-10-31,D_MODEL_FALLBACK_PRICE,Moses Frase,4,KIKG1BGV,84,3393.0,0,0.0
2017-10-31,D_MODEL_FALLBACK_PRICE,Moses Frase,5,56LUBQTV,82,3393.0,0,0.0
2017-10-31,D_MODEL_FALLBACK_PRICE,Niesha Huffines,1,BBOWBQA6,98,5482.0,0,0.0
2017-10-31,D_MODEL_FALLBACK_PRICE,Niesha Huffines,2,ID7F5VGK,98,5482.0,0,0.0
2017-10-31,D_MODEL_FALLBACK_PRICE,Niesha Huffines,3,H2FCUPHJ,94,4821.0,0,0.0
2017-10-31,D_MODEL_FALLBACK_PRICE,Niesha Huffines,4,FKY3O5O1,92,4821.0,0,0.0
2017-10-31,D_MODEL_FALLBACK_PRICE,Niesha Huffines,5,MA1LQG9S,90,5482.0,1,6255.0
2017-10-31,D_MODEL_FALLBACK_PRICE,Reed Clapper,1,TGI9B9AD,98,5482.0,0,0.0
2017-10-31,D_MODEL_FALLBACK_PRICE,Reed Clapper,2,I9U5PCM3,96,4821.0,1,5452.0
2017-10-31,D_MODEL_FALLBACK_PRICE,Reed Clapper,3,Y7TVYRAX,95,5482.0,0,0.0
2017-10-31,D_MODEL_FALLBACK_PRICE,Reed Clapper,4,ZHOK77B4,92,4821.0,1,4743.0
2017-10-31,D_MODEL_FALLBACK_PRICE,Reed Clapper,5,J3K9EXW0,91,5482.0,0,0.0
2017-10-31,D_MODEL_FALLBACK_PRICE,Rosalina Dieter,1,1H2PVLZ3,100,26768.0,1,26186.0
2017-10-31,D_MODEL_FALLBACK_PRICE,Rosalina Dieter,2,9SRD5NCR,100,26768.0,0,0.0
2017-10-31,D_MODEL_FALLBACK_PRICE,Rosalina Dieter,3,6AO6E15O,98,4821.0,0,0.0
2017-10-31,D_MODEL_FALLBACK_PRICE,Rosalina Dieter,4,1LY8CAXD,88,26768.0,0,0.0
2017-10-31,D_MODEL_FALLBACK_PRICE,Rosalina Dieter,5,OW9OM3UO,82,3393.0,0,0.0
2017-10-31,D_MODEL_FALLBACK_PRICE,Rosie Papadopoulos,1,YYTZSTL0,97,5482.0,0,0.0
2017-10-31,D_MODEL_FALLBACK_PRICE,Rosie Papadopoulos,2,PG5S1KYF,96,5482.0,0,0.0
2017-10-31,D_MODEL_FALLBACK_PRICE,Rosie Papadopoulos,3,QV3TAWDT,94,4821.0,0,0.0
2017-10-31,D_MODEL_FALLBACK_PRICE,Rosie Papadopoulos,4,98K99UW9,89,5482.0,0,0.0
2017-10-31,D_MODEL_FALLBACK_PRICE,Rosie Papadopoulos,5,K7056XS7,89,3393.0,0,0.0
2017-10-31,D_MODEL_FALLBACK_PRICE,Versie Hillebrand,1,18YA4UUP,99,5482.0,0,0.0
2017-10-31,D_MODEL_FALLBACK_PRICE,Versie Hillebrand,2,WRKPDK7O,98,5482.0,0,0.0
2017-10-31,D_MODEL_FALLBACK_PRICE,Versie Hillebrand,3,1RXGKOUE,97,5482.0,0,0.0
2017-10-31,D_MODEL_FALLBACK_PRICE,Versie Hillebrand,4,3YDXZ4FA,97,5482.0,0,0.0
2017-10-31,D_MODEL_FALLBACK_PRICE,Versie Hillebrand,5,WOB1ULFR,87,3393.0,1,3306.0
2017-10-31,D_MODEL_FALLBACK_PRICE,Vicki Laflamme,1,7A3R2M9T,99,5482.0,0,0.0
2017-10-31,D_MODEL_FALLBACK_PRICE,Vicki Laflamme,2,DZOLKFK6,99,5482.0,0,0.0
2017-10-31,D_MODEL_FALLBACK_PRICE,Vicki Laflamme,3,JHCA115A,96,4821.0,0,0.0
2017-10-31,D_MODEL_FALLBACK_PRICE,Vicki Laflamme,4,Q5GNQ823,94,4821.0,0,0.0
2017-10-31,D_MODEL_FALLBACK_PRICE,Vicki Laflamme,5,S0Z4QVL2,94,4821.0,0,0.0
2017-10-31,D_MODEL_FALLBACK_PRICE,Violet Mclelland,1,GVOKY9KD,93,4821.0,0,0.0
2017-10-31,D_MODEL_FALLBACK_PRICE,Violet Mclelland,2,DMG5EOFC,87,3393.0,0,0.0
2017-10-31,D_MODEL_FALLBACK_PRICE,Violet Mclelland,3,QKW7MDJK,86,4821.0,0,0.0
2017-10-31,D_MODEL_FALLBACK_PRICE,Violet Mclelland,4,ESZPH44N,84,4821.0,0,0.0
2017-10-31,D_MODEL_FALLBACK_PRICE,Violet Mclelland,5,LHIM2BGF,76,3393.0,0,0.0
2017-10-31,D_MODEL_FALLBACK_PRICE,Wilburn Farren,1,M10S36W3,100,5482.0,1,5559.0
2017-10-31,D_MODEL_FALLBACK_PRICE,Wilburn Farren,2,ZN8LHN9B,89,5482.0,0,0.0
2017-10-31,D_MODEL_FALLBACK_PRICE,Wilburn Farren,3,3SD04QJ4,82,3393.0,0,0.0
2017-10-31,D_MODEL_FALLBACK_PRICE,Wilburn Farren,4,GHOQQYQM,78,4821.0,0,0.0
2017-10-31,D_MODEL_FALLBACK_PRICE,Wilburn Farren,5,HN6TZPAF,75,5482.0,0,0.0
2017-10-31,D_MODEL_FALLBACK_PRICE,Zane Levy,1,6Z1XK6YR,99,4821.0,0,0.0
2017-10-31,D_MODEL_FALLBACK_PRICE,Zane Levy,2,92VGMPKP,95,4821.0,0,0.0
2017-10-31,D_MODEL_FALLBACK_PRICE,Zane Levy,3,SGYL0QMJ,95,4821.0,0,0.0
2017-10-31,D_MODEL_FALLBACK_PRICE,Zane Levy,4,CQYAMIQ3,94,4821.0,0,0.0
2017-10-31,D_MODEL_FALLBACK_PRICE,Zane Levy,5,5UFQONQU,92,4821.0,1,4480.0
2017-11-30,A_PRICE,Anna Snelling,1,1FEHFRKX,94,5482.0,0,0.0
2017-11-30,A_PRICE,Anna Snelling,2,1T5WFCEJ,94,5482.0,0,0.0
2017-11-30,A_PRICE,Anna Snelling,3,4Z7LYTKN,94,5482.0,0,0.0
2017-11-30,A_PRICE,Anna Snelling,4,513PSPBN,94,5482.0,0,0.0
2017-11-30,A_PRICE,Anna Snelling,5,7FZ9CBZ3,94,5482.0,0,0.0
2017-11-30,A_PRICE,Boris Faz,1,1FMCUSFS,94,5482.0,1,5737.0
2017-11-30,A_PRICE,Boris Faz,2,5HKITTHD,94,5482.0,1,5703.0
2017-11-30,A_PRICE,Boris Faz,3,I5VHXAWW,94,5482.0,0,0.0
2017-11-30,A_PRICE,Boris Faz,4,JV0KXH4X,94,5482.0,1,6406.0
2017-11-30,A_PRICE,Boris Faz,5,MKAKCFBQ,94,5482.0,1,5610.0
2017-11-30,A_PRICE,Cassey Cress,1,6TGCOE5O,94,5482.0,0,0.0
2017-11-30,A_PRICE,Cassey Cress,2,9Q7NSPTF,94,5482.0,0,0.0
2017-11-30,A_PRICE,Cassey Cress,3,CTZ5I5R5,94,5482.0,1,5469.0
2017-11-30,A_PRICE,Cassey Cress,4,LFMMI05H,94,5482.0,1,5881.0
2017-11-30,A_PRICE,Cassey Cress,5,QK98E62R,94,5482.0,1,5301.0
2017-11-30,A_PRICE,Cecily Lampkin,1,IFVL4WL5,94,5482.0,1,3704.0
2017-11-30,A_PRICE,Cecily Lampkin,2,MG3X7625,94,5482.0,1,5504.0
2017-11-30,A_PRICE,Cecily Lampkin,3,OVPNOM6O,94,5482.0,1,5520.0
2017-11-30,A_PRICE,Cecily Lampkin,4,0PT4RY4P,66,3393.0,0,0.0
2017-11-30,A_PRICE,Cecily Lampkin,5,2P0VIX4N,66,3393.0,0,0.0
2017-11-30,A_PRICE,Corliss Cosme,1,A5SCVK7E,94,5482.0,0,0.0
2017-11-30,A_PRICE,Corliss Cosme,2,A7OVC1WK,94,5482.0,0,0.0
2017-11-30,A_PRICE,Corliss Cosme,3,GQDS81G1,94,5482.0,0,0.0
2017-11-30,A_PRICE,Corliss Cosme,4,MAUIC3DD,94,5482.0,0,0.0
2017-11-30,A_PRICE,Corliss Cosme,5,UAVOPRPV,94,5482.0,1,4631.0
2017-11-30,A_PRICE,Daniell Hammack,1,HF1GSBT4,94,5482.0,0,0.0
2017-11-30,A_PRICE,Daniell Hammack,2,LFI3BGEE,94,5482.0,0,0.0
2017-11-30,A_PRICE,Daniell Hammack,3,2N2MUDOA,81,4821.0,0,0.0
2017-11-30,A_PRICE,Daniell Hammack,4,5J7T0GZU,81,4821.0,1,4964.0
2017-11-30,A_PRICE,Daniell Hammack,5,5VJIXV02,81,4821.0,0,0.0
2017-11-30,A_PRICE,Darcel Schlecht,1,5NGPM4C3,94,5482.0,0,0.0
2017-11-30,A_PRICE,Darcel Schlecht,2,7TFHGN6O,94,5482.0,0,0.0
2017-11-30,A_PRICE,Darcel Schlecht,3,8ARRIREI,94,5482.0,1,5669.0
2017-11-30,A_PRICE,Darcel Schlecht,4,I3KQNE9V,94,5482.0,0,0.0
2017-11-30,A_PRICE,Darcel Schlecht,5,L7TT9ZL4,94,5482.0,1,4735.0
2017-11-30,A_PRICE,Donn Cantrell,1,3XUKEIQF,94,5482.0,1,5454.0
2017-11-30,A_PRICE,Donn Cantrell,2,FHCSKQ4K,94,5482.0,1,5270.0
2017-11-30,A_PRICE,Donn Cantrell,3,MDK5NQJA,94,5482.0,1,5204.0
2017-11-30,A_PRICE,Donn Cantrell,4,7OIR36P2,81,4821.0,1,4980.0
2017-11-30,A_PRICE,Donn Cantrell,5,F28BOUE5,81,4821.0,1,5466.0
2017-11-30,A_PRICE,Elease Gluck,1,A04V2WB3,100,26768.0,0,0.0
2017-11-30,A_PRICE,Elease Gluck,2,GB6C2UK5,100,26768.0,1,29220.0
2017-11-30,A_PRICE,Elease Gluck,3,6OD1J7MW,94,5482.0,0,0.0
2017-11-30,A_PRICE,Elease Gluck,4,NRK892VX,94,5482.0,0,0.0
2017-11-30,A_PRICE,Elease Gluck,5,3ORQ2R0R,81,4821.0,0,0.0
2017-11-30,A_PRICE,Garret Kinder,1,ML5QMJPM,66,3393.0,1,3497.0
2017-11-30,A_PRICE,Garret Kinder,2,9CK2HTJP,50,1096.0,0,0.0
2017-11-30,A_PRICE,Garret Kinder,3,GB1K3Y4Y,31,550.0,1,579.0
2017-11-30,A_PRICE,Garret Kinder,4,9RGQ8HED,10,55.0,1,54.0
2017-11-30,A_PRICE,Garret Kinder,5,BZPU6P5P,10,55.0,0,0.0
2017-11-30,A_PRICE,Gladys Colclough,1,5MAXF8FK,94,5482.0,0,0.0
2017-11-30,A_PRICE,Gladys Colclough,2,DHJ8KOUV,94,5482.0,1,5138.0
2017-11-30,A_PRICE,Gladys Colclough,3,G7RZTAMV,94,5482.0,0,0.0
2017-11-30,A_PRICE,Gladys Colclough,4,RTWAUR7C,94,5482.0,0,0.0
2017-11-30,A_PRICE,Gladys Colclough,5,W3LRLMKP,94,5482.0,1,5385.0
2017-11-30,A_PRICE,Hayden Neloms,1,3SOLZEZX,94,5482.0,1,5702.0
2017-11-30,A_PRICE,Hayden Neloms,2,7GDSUY9K,94,5482.0,0,0.0
2017-11-30,A_PRICE,Hayden Neloms,3,M2A8EY5Q,94,5482.0,0,0.0
2017-11-30,A_PRICE,Hayden Neloms,4,QQPAK72N,94,5482.0,0,0.0
2017-11-30,A_PRICE,Hayden Neloms,5,7F2DDW3C,66,3393.0,0,0.0
2017-11-30,A_PRICE,James Ascencio,1,1O72EKFY,94,5482.0,0,0.0
2017-11-30,A_PRICE,James Ascencio,2,77IBMLTB,94,5482.0,0,0.0
2017-11-30,A_PRICE,James Ascencio,3,87G25M68,94,5482.0,1,5285.0
2017-11-30,A_PRICE,James Ascencio,4,93OFIHMF,94,5482.0,1,4527.0
2017-11-30,A_PRICE,James Ascencio,5,KAGK2GQJ,94,5482.0,0,0.0
2017-11-30,A_PRICE,Jonathan Berthelot,1,7XNX75LI,94,5482.0,0,0.0
2017-11-30,A_PRICE,Jonathan Berthelot,2,00X8VEYH,81,4821.0,1,4404.0
2017-11-30,A_PRICE,Jonathan Berthelot,3,6SQHVC0S,81,4821.0,0,0.0
2017-11-30,A_PRICE,Jonathan Berthelot,4,7K31BXX3,81,4821.0,0,0.0
2017-11-30,A_PRICE,Jonathan Berthelot,5,FB7OTAMV,81,4821.0,0,0.0
2017-11-30,A_PRICE,Kami Bicknell,1,059K86LU,94,5482.0,0,0.0
2017-11-30,A_PRICE,Kami Bicknell,2,P5C842B5,94,5482.0,0,0.0
2017-11-30,A_PRICE,Kami Bicknell,3,RDMKSDT0,94,5482.0,1,4872.0
2017-11-30,A_PRICE,Kami Bicknell,4,TEM0I59X,94,5482.0,1,4906.0
2017-11-30,A_PRICE,Kami Bicknell,5,197EQMY8,81,4821.0,0,0.0
2017-11-30,A_PRICE,Kary Hendrixson,1,5C13TAA8,94,5482.0,1,6299.0
2017-11-30,A_PRICE,Kary Hendrixson,2,5CAP1055,94,5482.0,0,0.0
2017-11-30,A_PRICE,Kary Hendrixson,3,FPLXC8Z3,94,5482.0,0,0.0
2017-11-30,A_PRICE,Kary Hendrixson,4,H8XH5MFQ,94,5482.0,0,0.0
2017-11-30,A_PRICE,Kary Hendrixson,5,J9V49YC3,94,5482.0,1,5158.0
2017-11-30,A_PRICE,Lajuana Vencill,1,IMLG35AP,94,5482.0,0,0.0
2017-11-30,A_PRICE,Lajuana Vencill,2,KHZ3IOKH,94,5482.0,1,6340.0
2017-11-30,A_PRICE,Lajuana Vencill,3,OD895EQM,94,5482.0,0,0.0
2017-11-30,A_PRICE,Lajuana Vencill,4,0T2CY70E,66,3393.0,0,0.0
2017-11-30,A_PRICE,Lajuana Vencill,5,DSPMSOTB,66,3393.0,1,3063.0
2017-11-30,A_PRICE,Markita Hansen,1,021Z2J9L,100,26768.0,0,0.0
2017-11-30,A_PRICE,Markita Hansen,2,5378T3K3,94,5482.0,0,0.0
2017-11-30,A_PRICE,Markita Hansen,3,DZQW0KQ4,94,5482.0,0,0.0
2017-11-30,A_PRICE,Markita Hansen,4,LOSUVU4T,94,5482.0,0,0.0
2017-11-30,A_PRICE,Markita Hansen,5,C35YI5NJ,81,4821.0,1,4753.0
2017-11-30,A_PRICE,Marty Freudenburg,1,DO6VKC2G,100,26768.0,0,0.0
2017-11-30,A_PRICE,Marty Freudenburg,2,AD2YEH7W,94,5482.0,0,0.0
2017-11-30,A_PRICE,Marty Freudenburg,3,CBQRKYZP,94,5482.0,0,0.0
2017-11-30,A_PRICE,Marty Freudenburg,4,E3XLWCWX,94,5482.0,0,0.0
2017-11-30,A_PRICE,Marty Freudenburg,5,EID3MR9L,94,5482.0,1,5788.0
2017-11-30,A_PRICE,Maureen Marcano,1,0DY00J6O,94,5482.0,1,5886.0
2017-11-30,A_PRICE,Maureen Marcano,2,9BZBU2GY,94,5482.0,0,0.0
2017-11-30,A_PRICE,Maureen Marcano,3,E3LNNM8H,94,5482.0,0,0.0
2017-11-30,A_PRICE,Maureen Marcano,4,N1B45KIT,94,5482.0,1,5883.0
2017-11-30,A_PRICE,Maureen Marcano,5,NMLTE4CS,94,5482.0,0,0.0
2017-11-30,A_PRICE,Moses Frase,1,10984DDU,94,5482.0,1,7300.0
2017-11-30,A_PRICE,Moses Frase,2,F3EOBN5A,94,5482.0,0,0.0
2017-11-30,A_PRICE,Moses Frase,3,IG9RPWOZ,94,5482.0,1,5756.0
2017-11-30,A_PRICE,Moses Frase,4,0R5KAHNB,66,3393.0,0,0.0
2017-11-30,A_PRICE,Moses Frase,5,56LUBQTV,66,3393.0,0,0.0
2017-11-30,A_PRICE,Niesha Huffines,1,BBOWBQA6,94,5482.0,0,0.0
2017-11-30,A_PRICE,Niesha Huffines,2,LO2BMO33,94,5482.0,1,6142.0
2017-11-30,A_PRICE,Niesha Huffines,3,2E2FDZHG,81,4821.0,0,0.0
2017-11-30,A_PRICE,Niesha Huffines,4,FKY3O5O1,81,4821.0,0,0.0
2017-11-30,A_PRICE,Niesha Huffines,5,H2FCUPHJ,81,4821.0,0,0.0
2017-11-30,A_PRICE,Reed Clapper,1,J3K9EXW0,94,5482.0,1,5790.0
2017-11-30,A_PRICE,Reed Clapper,2,TGI9B9AD,94,5482.0,1,6318.0
2017-11-30,A_PRICE,Reed Clapper,3,VNJQD4Z7,94,5482.0,1,4659.0
2017-11-30,A_PRICE,Reed Clapper,4,4MPM6ZPU,81,4821.0,0,0.0
2017-11-30,A_PRICE,Reed Clapper,5,BI36TLO5,81,4821.0,1,4154.0
2017-11-30,A_PRICE,Rosalina Dieter,1,1LY8CAXD,100,26768.0,0,0.0
2017-11-30,A_PRICE,Rosalina Dieter,2,9SRD5NCR,100,26768.0,0,0.0
2017-11-30,A_PRICE,Rosalina Dieter,3,P8QXRXMR,81,4821.0,0,0.0
2017-11-30,A_PRICE,Rosalina Dieter,4,S8Y9AAWC,81,4821.0,1,4614.0
2017-11-30,A_PRICE,Rosalina Dieter,5,IIKN6Q8E,66,3393.0,1,3278.0
2017-11-30,A_PRICE,Rosie Papadopoulos,1,8XXD2LMP,94,5482.0,0,0.0
2017-11-30,A_PRICE,Rosie Papadopoulos,2,98K99UW9,94,5482.0,0,0.0
2017-11-30,A_PRICE,Rosie Papadopoulos,3,PG5S1KYF,94,5482.0,0,0.0
2017-11-30,A_PRICE,Rosie Papadopoulos,4,01FNZW2T,81,4821.0,1,3974.0
2017-11-30,A_PRICE,Rosie Papadopoulos,5,2DY9U1V7,81,4821.0,0,0.0
2017-11-30,A_PRICE,Versie Hillebrand,1,18YA4UUP,94,5482.0,0,0.0
2017-11-30,A_PRICE,Versie Hillebrand,2,1RXGKOUE,94,5482.0,0,0.0
2017-11-30,A_PRICE,Versie Hillebrand,3,3YDXZ4FA,94,5482.0,0,0.0
2017-11-30,A_PRICE,Versie Hillebrand,4,RW6QS352,94,5482.0,0,0.0
2017-11-30,A_PRICE,Versie Hillebrand,5,WRKPDK7O,94,5482.0,0,0.0
2017-11-30,A_PRICE,Vicki Laflamme,1,3C6E0D28,94,5482.0,0,0.0
2017-11-30,A_PRICE,Vicki Laflamme,2,4SOUOUKH,94,5482.0,0,0.0
2017-11-30,A_PRICE,Vicki Laflamme,3,7A3R2M9T,94,5482.0,0,0.0
2017-11-30,A_PRICE,Vicki Laflamme,4,B133ECHC,94,5482.0,0,0.0
2017-11-30,A_PRICE,Vicki Laflamme,5,DY8DMZZ9,94,5482.0,0,0.0
2017-11-30,A_PRICE,Violet Mclelland,1,ESZPH44N,81,4821.0,0,0.0
2017-11-30,A_PRICE,Violet Mclelland,2,QKW7MDJK,81,4821.0,0,0.0
2017-11-30,A_PRICE,Violet Mclelland,3,1374WYJG,66,3393.0,0,0.0
2017-11-30,A_PRICE,Violet Mclelland,4,3NC5XSDF,66,3393.0,0,0.0
2017-11-30,A_PRICE,Violet Mclelland,5,7ACIXBSY,66,3393.0,1,3612.0
2017-11-30,A_PRICE,Wilburn Farren,1,9JTFD4FZ,94,5482.0,0,0.0
2017-11-30,A_PRICE,Wilburn Farren,2,DC1E84LC,94,5482.0,1,5209.0
2017-11-30,A_PRICE,Wilburn Farren,3,HN6TZPAF,94,5482.0,0,0.0
2017-11-30,A_PRICE,Wilburn Farren,4,LUXAXNBV,94,5482.0,1,5960.0
2017-11-30,A_PRICE,Wilburn Farren,5,QNB3SCN9,94,5482.0,0,0.0
2017-11-30,A_PRICE,Zane Levy,1,01XZ9CRY,94,5482.0,0,0.0
2017-11-30,A_PRICE,Zane Levy,2,FZGGKS2D,94,5482.0,1,4910.0
2017-11-30,A_PRICE,Zane Levy,3,J0G6ZLYZ,94,5482.0,0,0.0
2017-11-30,A_PRICE,Zane Levy,4,041Q1IZL,81,4821.0,0,0.0
2017-11-30,A_PRICE,Zane Levy,5,4D0K5T7T,81,4821.0,0,0.0
2017-11-30,B_AGE_PRICE,Anna Snelling,1,1FEHFRKX,99,5482.0,0,0.0
2017-11-30,B_AGE_PRICE,Anna Snelling,2,513PSPBN,99,5482.0,0,0.0
2017-11-30,B_AGE_PRICE,Anna Snelling,3,7FZ9CBZ3,99,5482.0,0,0.0
2017-11-30,B_AGE_PRICE,Anna Snelling,4,LD4F6QTP,99,5482.0,0,0.0
2017-11-30,B_AGE_PRICE,Anna Snelling,5,T4AW06MM,99,5482.0,0,0.0
2017-11-30,B_AGE_PRICE,Boris Faz,1,WO1OYV0Z,96,5482.0,0,0.0
2017-11-30,B_AGE_PRICE,Boris Faz,2,5HKITTHD,92,5482.0,1,5703.0
2017-11-30,B_AGE_PRICE,Boris Faz,3,MOAP4XN7,92,4821.0,0,0.0
2017-11-30,B_AGE_PRICE,Boris Faz,4,401BY1PW,86,4821.0,1,5052.0
2017-11-30,B_AGE_PRICE,Boris Faz,5,5E274CQS,82,4821.0,0,0.0
2017-11-30,B_AGE_PRICE,Cassey Cress,1,9Q7NSPTF,99,5482.0,0,0.0
2017-11-30,B_AGE_PRICE,Cassey Cress,2,6TGCOE5O,97,5482.0,0,0.0
2017-11-30,B_AGE_PRICE,Cassey Cress,3,LFMMI05H,93,5482.0,1,5881.0
2017-11-30,B_AGE_PRICE,Cassey Cress,4,6KEWAQMX,91,4821.0,0,0.0
2017-11-30,B_AGE_PRICE,Cassey Cress,5,LBO52V0N,90,4821.0,0,0.0
2017-11-30,B_AGE_PRICE,Cecily Lampkin,1,OT5G3M9A,87,3393.0,0,0.0
2017-11-30,B_AGE_PRICE,Cecily Lampkin,2,OVPNOM6O,86,5482.0,1,5520.0
2017-11-30,B_AGE_PRICE,Cecily Lampkin,3,SXFE42KG,85,3393.0,0,0.0
2017-11-30,B_AGE_PRICE,Cecily Lampkin,4,IG540SIB,83,3393.0,0,0.0
2017-11-30,B_AGE_PRICE,Cecily Lampkin,5,0PT4RY4P,82,3393.0,0,0.0
2017-11-30,B_AGE_PRICE,Corliss Cosme,1,Y0M8X7BV,91,5482.0,0,0.0
2017-11-30,B_AGE_PRICE,Corliss Cosme,2,MJ0RRDLN,91,4821.0,1,4639.0
2017-11-30,B_AGE_PRICE,Corliss Cosme,3,WZN26QZQ,90,5482.0,0,0.0
2017-11-30,B_AGE_PRICE,Corliss Cosme,4,A5SCVK7E,89,5482.0,0,0.0
2017-11-30,B_AGE_PRICE,Corliss Cosme,5,UAVOPRPV,88,5482.0,1,4631.0
2017-11-30,B_AGE_PRICE,Daniell Hammack,1,2N2MUDOA,92,4821.0,0,0.0
2017-11-30,B_AGE_PRICE,Daniell Hammack,2,HF1GSBT4,91,5482.0,0,0.0
2017-11-30,B_AGE_PRICE,Daniell Hammack,3,NUBMO8S7,91,4821.0,1,5315.0
2017-11-30,B_AGE_PRICE,Daniell Hammack,4,FKVC924F,90,4821.0,0,0.0
2017-11-30,B_AGE_PRICE,Daniell Hammack,5,LXVCMY4C,90,4821.0,0,0.0
2017-11-30,B_AGE_PRICE,Darcel Schlecht,1,I3KQNE9V,99,5482.0,0,0.0
2017-11-30,B_AGE_PRICE,Darcel Schlecht,2,7TFHGN6O,98,5482.0,0,0.0
2017-11-30,B_AGE_PRICE,Darcel Schlecht,3,R55U5QI4,98,5482.0,0,0.0
2017-11-30,B_AGE_PRICE,Darcel Schlecht,4,5NGPM4C3,97,5482.0,0,0.0
2017-11-30,B_AGE_PRICE,Darcel Schlecht,5,RCJRB8W8,97,5482.0,0,0.0
2017-11-30,B_AGE_PRICE,Donn Cantrell,1,3XUKEIQF,92,5482.0,1,5454.0
2017-11-30,B_AGE_PRICE,Donn Cantrell,2,FHCSKQ4K,74,5482.0,1,5270.0
2017-11-30,B_AGE_PRICE,Donn Cantrell,3,08O63ECM,73,3393.0,1,3281.0
2017-11-30,B_AGE_PRICE,Donn Cantrell,4,9868N4GB,72,3393.0,1,3595.0
2017-11-30,B_AGE_PRICE,Donn Cantrell,5,GBRQN296,69,3393.0,1,3331.0
2017-11-30,B_AGE_PRICE,Elease Gluck,1,A04V2WB3,100,26768.0,0,0.0
2017-11-30,B_AGE_PRICE,Elease Gluck,2,CCLIVXMG,97,4821.0,0,0.0
2017-11-30,B_AGE_PRICE,Elease Gluck,3,6OD1J7MW,89,5482.0,0,0.0
2017-11-30,B_AGE_PRICE,Elease Gluck,4,HBN3R2TJ,88,3393.0,0,0.0
2017-11-30,B_AGE_PRICE,Elease Gluck,5,3ORQ2R0R,87,4821.0,0,0.0
2017-11-30,B_AGE_PRICE,Garret Kinder,1,ML5QMJPM,70,3393.0,1,3497.0
2017-11-30,B_AGE_PRICE,Garret Kinder,2,9CK2HTJP,52,1096.0,0,0.0
2017-11-30,B_AGE_PRICE,Garret Kinder,3,9RGQ8HED,12,55.0,1,54.0
2017-11-30,B_AGE_PRICE,Garret Kinder,4,BZPU6P5P,9,55.0,0,0.0
2017-11-30,B_AGE_PRICE,Garret Kinder,5,O2BF1KAT,6,55.0,0,0.0
2017-11-30,B_AGE_PRICE,Gladys Colclough,1,RTWAUR7C,99,5482.0,0,0.0
2017-11-30,B_AGE_PRICE,Gladys Colclough,2,G7RZTAMV,98,5482.0,0,0.0
2017-11-30,B_AGE_PRICE,Gladys Colclough,3,5MAXF8FK,94,5482.0,0,0.0
2017-11-30,B_AGE_PRICE,Gladys Colclough,4,N07XYH50,94,4821.0,0,0.0
2017-11-30,B_AGE_PRICE,Gladys Colclough,5,0XBGT413,93,4821.0,0,0.0
2017-11-30,B_AGE_PRICE,Hayden Neloms,1,M2A8EY5Q,100,5482.0,0,0.0
2017-11-30,B_AGE_PRICE,Hayden Neloms,2,QQPAK72N,93,5482.0,0,0.0
2017-11-30,B_AGE_PRICE,Hayden Neloms,3,7GDSUY9K,88,5482.0,0,0.0
2017-11-30,B_AGE_PRICE,Hayden Neloms,4,7F2DDW3C,85,3393.0,0,0.0
2017-11-30,B_AGE_PRICE,Hayden Neloms,5,OBDEDIXA,82,3393.0,0,0.0
2017-11-30,B_AGE_PRICE,James Ascencio,1,1O72EKFY,98,5482.0,0,0.0
2017-11-30,B_AGE_PRICE,James Ascencio,2,PW9DTZON,95,4821.0,0,0.0
2017-11-30,B_AGE_PRICE,James Ascencio,3,KAGK2GQJ,89,5482.0,0,0.0
2017-11-30,B_AGE_PRICE,James Ascencio,4,87G25M68,88,5482.0,1,5285.0
2017-11-30,B_AGE_PRICE,James Ascencio,5,XRWMLGOG,88,3393.0,0,0.0
2017-11-30,B_AGE_PRICE,Jonathan Berthelot,1,PJ75Q8VM,97,4821.0,0,0.0
2017-11-30,B_AGE_PRICE,Jonathan Berthelot,2,PQOHTS9I,97,4821.0,0,0.0
2017-11-30,B_AGE_PRICE,Jonathan Berthelot,3,7K31BXX3,94,4821.0,0,0.0
2017-11-30,B_AGE_PRICE,Jonathan Berthelot,4,KBPKLB2X,90,4821.0,0,0.0
2017-11-30,B_AGE_PRICE,Jonathan Berthelot,5,7XNX75LI,77,5482.0,0,0.0
2017-11-30,B_AGE_PRICE,Kami Bicknell,1,059K86LU,91,5482.0,0,0.0
2017-11-30,B_AGE_PRICE,Kami Bicknell,2,X9L0T199,89,4821.0,0,0.0
2017-11-30,B_AGE_PRICE,Kami Bicknell,3,7K1KXMBT,88,4821.0,0,0.0
2017-11-30,B_AGE_PRICE,Kami Bicknell,4,Z8Z77GN3,88,4821.0,0,0.0
2017-11-30,B_AGE_PRICE,Kami Bicknell,5,TDJ3N8EJ,87,3393.0,0,0.0
2017-11-30,B_AGE_PRICE,Kary Hendrixson,1,FPLXC8Z3,98,5482.0,0,0.0
2017-11-30,B_AGE_PRICE,Kary Hendrixson,2,NY7Z4I06,97,5482.0,0,0.0
2017-11-30,B_AGE_PRICE,Kary Hendrixson,3,5CAP1055,93,5482.0,0,0.0
2017-11-30,B_AGE_PRICE,Kary Hendrixson,4,SLMY2KDA,92,4821.0,0,0.0
2017-11-30,B_AGE_PRICE,Kary Hendrixson,5,H8XH5MFQ,89,5482.0,0,0.0
2017-11-30,B_AGE_PRICE,Lajuana Vencill,1,IMLG35AP,99,5482.0,0,0.0
2017-11-30,B_AGE_PRICE,Lajuana Vencill,2,OD895EQM,98,5482.0,0,0.0
2017-11-30,B_AGE_PRICE,Lajuana Vencill,3,0T2CY70E,87,3393.0,0,0.0
2017-11-30,B_AGE_PRICE,Lajuana Vencill,4,JH643YRI,85,3393.0,0,0.0
2017-11-30,B_AGE_PRICE,Lajuana Vencill,5,YCQTM2BQ,85,3393.0,0,0.0
2017-11-30,B_AGE_PRICE,Markita Hansen,1,021Z2J9L,100,26768.0,0,0.0
2017-11-30,B_AGE_PRICE,Markita Hansen,2,DZQW0KQ4,98,5482.0,0,0.0
2017-11-30,B_AGE_PRICE,Markita Hansen,3,5378T3K3,92,5482.0,0,0.0
2017-11-30,B_AGE_PRICE,Markita Hansen,4,LOSUVU4T,82,5482.0,0,0.0
2017-11-30,B_AGE_PRICE,Markita Hansen,5,ZC987DAQ,79,3393.0,0,0.0
2017-11-30,B_AGE_PRICE,Marty Freudenburg,1,DO6VKC2G,100,26768.0,0,0.0
2017-11-30,B_AGE_PRICE,Marty Freudenburg,2,CBQRKYZP,99,5482.0,0,0.0
2017-11-30,B_AGE_PRICE,Marty Freudenburg,3,E3XLWCWX,99,5482.0,0,0.0
2017-11-30,B_AGE_PRICE,Marty Freudenburg,4,RV5Y8DRY,98,5482.0,0,0.0
2017-11-30,B_AGE_PRICE,Marty Freudenburg,5,MBYOJR5A,97,5482.0,0,0.0
2017-11-30,B_AGE_PRICE,Maureen Marcano,1,XVB2CGL6,96,4821.0,0,0.0
2017-11-30,B_AGE_PRICE,Maureen Marcano,2,UDXG59P0,91,5482.0,1,5110.0
2017-11-30,B_AGE_PRICE,Maureen Marcano,3,AMP2GT6F,90,4821.0,0,0.0
2017-11-30,B_AGE_PRICE,Maureen Marcano,4,U5JFEXOI,89,5482.0,1,6489.0
2017-11-30,B_AGE_PRICE,Maureen Marcano,5,87TZLMU7,89,4821.0,1,3854.0
2017-11-30,B_AGE_PRICE,Moses Frase,1,F3EOBN5A,99,5482.0,0,0.0
2017-11-30,B_AGE_PRICE,Moses Frase,2,JOLNKYNH,87,3393.0,0,0.0
2017-11-30,B_AGE_PRICE,Moses Frase,3,SJGOQMLT,87,3393.0,0,0.0
2017-11-30,B_AGE_PRICE,Moses Frase,4,TV2M081C,87,3393.0,0,0.0
2017-11-30,B_AGE_PRICE,Moses Frase,5,MLD3WEJC,85,3393.0,0,0.0
2017-11-30,B_AGE_PRICE,Niesha Huffines,1,BBOWBQA6,99,5482.0,0,0.0
2017-11-30,B_AGE_PRICE,Niesha Huffines,2,H2FCUPHJ,96,4821.0,0,0.0
2017-11-30,B_AGE_PRICE,Niesha Huffines,3,2E2FDZHG,92,4821.0,0,0.0
2017-11-30,B_AGE_PRICE,Niesha Huffines,4,FKY3O5O1,92,4821.0,0,0.0
2017-11-30,B_AGE_PRICE,Niesha Huffines,5,SYA1A4E5,91,4821.0,0,0.0
2017-11-30,B_AGE_PRICE,Reed Clapper,1,TGI9B9AD,97,5482.0,1,6318.0
2017-11-30,B_AGE_PRICE,Reed Clapper,2,J3K9EXW0,90,5482.0,1,5790.0
2017-11-30,B_AGE_PRICE,Reed Clapper,3,YR4EFQ4C,80,4821.0,1,4647.0
2017-11-30,B_AGE_PRICE,Reed Clapper,4,ROD5WJDM,78,4821.0,1,4140.0
2017-11-30,B_AGE_PRICE,Reed Clapper,5,U0SS8E43,78,4821.0,0,0.0
2017-11-30,B_AGE_PRICE,Rosalina Dieter,1,1LY8CAXD,100,26768.0,0,0.0
2017-11-30,B_AGE_PRICE,Rosalina Dieter,2,9SRD5NCR,100,26768.0,0,0.0
2017-11-30,B_AGE_PRICE,Rosalina Dieter,3,S8Y9AAWC,77,4821.0,1,4614.0
2017-11-30,B_AGE_PRICE,Rosalina Dieter,4,P8QXRXMR,73,4821.0,0,0.0
2017-11-30,B_AGE_PRICE,Rosalina Dieter,5,IIKN6Q8E,66,3393.0,1,3278.0
2017-11-30,B_AGE_PRICE,Rosie Papadopoulos,1,98K99UW9,96,5482.0,0,0.0
2017-11-30,B_AGE_PRICE,Rosie Papadopoulos,2,PG5S1KYF,91,5482.0,0,0.0
2017-11-30,B_AGE_PRICE,Rosie Papadopoulos,3,68EYCEV4,91,4821.0,0,0.0
2017-11-30,B_AGE_PRICE,Rosie Papadopoulos,4,PQJZNRKK,90,4821.0,0,0.0
2017-11-30,B_AGE_PRICE,Rosie Papadopoulos,5,8XXD2LMP,88,5482.0,0,0.0
2017-11-30,B_AGE_PRICE,Versie Hillebrand,1,3YDXZ4FA,99,5482.0,0,0.0
2017-11-30,B_AGE_PRICE,Versie Hillebrand,2,18YA4UUP,98,5482.0,0,0.0
2017-11-30,B_AGE_PRICE,Versie Hillebrand,3,1RXGKOUE,98,5482.0,0,0.0
2017-11-30,B_AGE_PRICE,Versie Hillebrand,4,WRKPDK7O,97,5482.0,0,0.0
2017-11-30,B_AGE_PRICE,Versie Hillebrand,5,TTKPNDTP,87,3393.0,0,0.0
2017-11-30,B_AGE_PRICE,Vicki Laflamme,1,7A3R2M9T,100,5482.0,0,0.0
2017-11-30,B_AGE_PRICE,Vicki Laflamme,2,JHCA115A,97,4821.0,0,0.0
2017-11-30,B_AGE_PRICE,Vicki Laflamme,3,R69OYH4Z,96,4821.0,0,0.0
2017-11-30,B_AGE_PRICE,Vicki Laflamme,4,S0Z4QVL2,96,4821.0,0,0.0
2017-11-30,B_AGE_PRICE,Vicki Laflamme,5,Q5GNQ823,95,4821.0,0,0.0
2017-11-30,B_AGE_PRICE,Violet Mclelland,1,QKW7MDJK,89,4821.0,0,0.0
2017-11-30,B_AGE_PRICE,Violet Mclelland,2,DMG5EOFC,87,3393.0,0,0.0
2017-11-30,B_AGE_PRICE,Violet Mclelland,3,ESZPH44N,80,4821.0,0,0.0
2017-11-30,B_AGE_PRICE,Violet Mclelland,4,LHIM2BGF,76,3393.0,0,0.0
2017-11-30,B_AGE_PRICE,Violet Mclelland,5,3NC5XSDF,70,3393.0,0,0.0
2017-11-30,B_AGE_PRICE,Wilburn Farren,1,3SD04QJ4,83,3393.0,0,0.0
2017-11-30,B_AGE_PRICE,Wilburn Farren,2,LUXAXNBV,77,5482.0,1,5960.0
2017-11-30,B_AGE_PRICE,Wilburn Farren,3,JEWIBFH9,77,3393.0,0,0.0
2017-11-30,B_AGE_PRICE,Wilburn Farren,4,9JTFD4FZ,76,5482.0,0,0.0
2017-11-30,B_AGE_PRICE,Wilburn Farren,5,HDW4BXVN,76,3393.0,0,0.0
2017-11-30,B_AGE_PRICE,Zane Levy,1,VD2KHXRY,94,4821.0,0,0.0
2017-11-30,B_AGE_PRICE,Zane Levy,2,041Q1IZL,90,4821.0,0,0.0
2017-11-30,B_AGE_PRICE,Zane Levy,3,J0G6ZLYZ,89,5482.0,0,0.0
2017-11-30,B_AGE_PRICE,Zane Levy,4,TM70L0W8,89,4821.0,0,0.0
2017-11-30,B_AGE_PRICE,Zane Levy,5,RU5X1LZM,88,4821.0,0,0.0
2017-11-30,C_AGE_PROPENSITY_PRICE,Anna Snelling,1,FCBSZ6FJ,98,5482.0,0,0.0
2017-11-30,C_AGE_PROPENSITY_PRICE,Anna Snelling,2,NSX4NR40,98,5482.0,0,0.0
2017-11-30,C_AGE_PROPENSITY_PRICE,Anna Snelling,3,OVA9HMN1,98,5482.0,0,0.0
2017-11-30,C_AGE_PROPENSITY_PRICE,Anna Snelling,4,4Z7LYTKN,92,5482.0,0,0.0
2017-11-30,C_AGE_PROPENSITY_PRICE,Anna Snelling,5,NRMFYPAD,92,5482.0,1,6038.0
2017-11-30,C_AGE_PROPENSITY_PRICE,Boris Faz,1,5HKITTHD,98,5482.0,1,5703.0
2017-11-30,C_AGE_PROPENSITY_PRICE,Boris Faz,2,WO1OYV0Z,98,5482.0,0,0.0
2017-11-30,C_AGE_PROPENSITY_PRICE,Boris Faz,3,401BY1PW,96,4821.0,1,5052.0
2017-11-30,C_AGE_PROPENSITY_PRICE,Boris Faz,4,MOAP4XN7,96,4821.0,0,0.0
2017-11-30,C_AGE_PROPENSITY_PRICE,Boris Faz,5,JV0KXH4X,92,5482.0,1,6406.0
2017-11-30,C_AGE_PROPENSITY_PRICE,Cassey Cress,1,6TGCOE5O,98,5482.0,0,0.0
2017-11-30,C_AGE_PROPENSITY_PRICE,Cassey Cress,2,LFMMI05H,98,5482.0,1,5881.0
2017-11-30,C_AGE_PROPENSITY_PRICE,Cassey Cress,3,6KEWAQMX,96,4821.0,0,0.0
2017-11-30,C_AGE_PROPENSITY_PRICE,Cassey Cress,4,LBO52V0N,96,4821.0,0,0.0
2017-11-30,C_AGE_PROPENSITY_PRICE,Cassey Cress,5,UIOJX7O0,96,4821.0,0,0.0
2017-11-30,C_AGE_PROPENSITY_PRICE,Cecily Lampkin,1,IFVL4WL5,92,5482.0,1,3704.0
2017-11-30,C_AGE_PROPENSITY_PRICE,Cecily Lampkin,2,OVPNOM6O,92,5482.0,1,5520.0
2017-11-30,C_AGE_PROPENSITY_PRICE,Cecily Lampkin,3,8MUD1WS1,82,3393.0,0,0.0
2017-11-30,C_AGE_PROPENSITY_PRICE,Cecily Lampkin,4,Q8QGD2OG,82,3393.0,0,0.0
2017-11-30,C_AGE_PROPENSITY_PRICE,Cecily Lampkin,5,QIEAKLRU,82,3393.0,0,0.0
2017-11-30,C_AGE_PROPENSITY_PRICE,Corliss Cosme,1,WZN26QZQ,98,5482.0,0,0.0
2017-11-30,C_AGE_PROPENSITY_PRICE,Corliss Cosme,2,Y0M8X7BV,98,5482.0,0,0.0
2017-11-30,C_AGE_PROPENSITY_PRICE,Corliss Cosme,3,MJ0RRDLN,96,4821.0,1,4639.0
2017-11-30,C_AGE_PROPENSITY_PRICE,Corliss Cosme,4,A5SCVK7E,92,5482.0,0,0.0
2017-11-30,C_AGE_PROPENSITY_PRICE,Corliss Cosme,5,A7OVC1WK,92,5482.0,0,0.0
2017-11-30,C_AGE_PROPENSITY_PRICE,Daniell Hammack,1,HF1GSBT4,98,5482.0,0,0.0
2017-11-30,C_AGE_PROPENSITY_PRICE,Daniell Hammack,2,2N2MUDOA,96,4821.0,0,0.0
2017-11-30,C_AGE_PROPENSITY_PRICE,Daniell Hammack,3,FKVC924F,96,4821.0,0,0.0
2017-11-30,C_AGE_PROPENSITY_PRICE,Daniell Hammack,4,LXVCMY4C,96,4821.0,0,0.0
2017-11-30,C_AGE_PROPENSITY_PRICE,Daniell Hammack,5,NUBMO8S7,96,4821.0,1,5315.0
2017-11-30,C_AGE_PROPENSITY_PRICE,Darcel Schlecht,1,5NGPM4C3,98,5482.0,0,0.0
2017-11-30,C_AGE_PROPENSITY_PRICE,Darcel Schlecht,2,RCJRB8W8,98,5482.0,0,0.0
2017-11-30,C_AGE_PROPENSITY_PRICE,Darcel Schlecht,3,Z4OOTJAJ,98,5482.0,0,0.0
2017-11-30,C_AGE_PROPENSITY_PRICE,Darcel Schlecht,4,69U39SXU,96,4821.0,0,0.0
2017-11-30,C_AGE_PROPENSITY_PRICE,Darcel Schlecht,5,9B20R6A5,96,4821.0,0,0.0
2017-11-30,C_AGE_PROPENSITY_PRICE,Donn Cantrell,1,3XUKEIQF,98,5482.0,1,5454.0
2017-11-30,C_AGE_PROPENSITY_PRICE,Donn Cantrell,2,FHCSKQ4K,92,5482.0,1,5270.0
2017-11-30,C_AGE_PROPENSITY_PRICE,Donn Cantrell,3,08O63ECM,82,3393.0,1,3281.0
2017-11-30,C_AGE_PROPENSITY_PRICE,Donn Cantrell,4,MDK5NQJA,80,5482.0,1,5204.0
2017-11-30,C_AGE_PROPENSITY_PRICE,Donn Cantrell,5,9868N4GB,77,3393.0,1,3595.0
2017-11-30,C_AGE_PROPENSITY_PRICE,Elease Gluck,1,A04V2WB3,100,26768.0,0,0.0
2017-11-30,C_AGE_PROPENSITY_PRICE,Elease Gluck,2,GB6C2UK5,100,26768.0,1,29220.0
2017-11-30,C_AGE_PROPENSITY_PRICE,Elease Gluck,3,3ORQ2R0R,96,4821.0,0,0.0
2017-11-30,C_AGE_PROPENSITY_PRICE,Elease Gluck,4,6OD1J7MW,92,5482.0,0,0.0
2017-11-30,C_AGE_PROPENSITY_PRICE,Elease Gluck,5,NRK892VX,92,5482.0,0,0.0
2017-11-30,C_AGE_PROPENSITY_PRICE,Garret Kinder,1,ML5QMJPM,77,3393.0,1,3497.0
2017-11-30,C_AGE_PROPENSITY_PRICE,Garret Kinder,2,9CK2HTJP,52,1096.0,0,0.0
2017-11-30,C_AGE_PROPENSITY_PRICE,Garret Kinder,3,GB1K3Y4Y,29,550.0,1,579.0
2017-11-30,C_AGE_PROPENSITY_PRICE,Garret Kinder,4,9RGQ8HED,18,55.0,1,54.0
2017-11-30,C_AGE_PROPENSITY_PRICE,Garret Kinder,5,BZPU6P5P,13,55.0,0,0.0
2017-11-30,C_AGE_PROPENSITY_PRICE,Gladys Colclough,1,5MAXF8FK,98,5482.0,0,0.0
2017-11-30,C_AGE_PROPENSITY_PRICE,Gladys Colclough,2,7FFV8D9U,96,4821.0,0,0.0
2017-11-30,C_AGE_PROPENSITY_PRICE,Gladys Colclough,3,DHJ8KOUV,92,5482.0,1,5138.0
2017-11-30,C_AGE_PROPENSITY_PRICE,Gladys Colclough,4,W3LRLMKP,92,5482.0,1,5385.0
2017-11-30,C_AGE_PROPENSITY_PRICE,Gladys Colclough,5,7DDPLMQ5,87,4821.0,1,4981.0
2017-11-30,C_AGE_PROPENSITY_PRICE,Hayden Neloms,1,QQPAK72N,98,5482.0,0,0.0
2017-11-30,C_AGE_PROPENSITY_PRICE,Hayden Neloms,2,7GDSUY9K,92,5482.0,0,0.0
2017-11-30,C_AGE_PROPENSITY_PRICE,Hayden Neloms,3,CYV6MJL9,82,3393.0,0,0.0
2017-11-30,C_AGE_PROPENSITY_PRICE,Hayden Neloms,4,DC2NI04U,82,3393.0,0,0.0
2017-11-30,C_AGE_PROPENSITY_PRICE,Hayden Neloms,5,RSSYISWE,82,3393.0,1,3331.0
2017-11-30,C_AGE_PROPENSITY_PRICE,James Ascencio,1,77IBMLTB,92,5482.0,0,0.0
2017-11-30,C_AGE_PROPENSITY_PRICE,James Ascencio,2,87G25M68,92,5482.0,1,5285.0
2017-11-30,C_AGE_PROPENSITY_PRICE,James Ascencio,3,93OFIHMF,92,5482.0,1,4527.0
2017-11-30,C_AGE_PROPENSITY_PRICE,James Ascencio,4,KAGK2GQJ,92,5482.0,0,0.0
2017-11-30,C_AGE_PROPENSITY_PRICE,James Ascencio,5,NX28C8EI,92,5482.0,0,0.0
2017-11-30,C_AGE_PROPENSITY_PRICE,Jonathan Berthelot,1,KBPKLB2X,96,4821.0,0,0.0
2017-11-30,C_AGE_PROPENSITY_PRICE,Jonathan Berthelot,2,7XNX75LI,92,5482.0,0,0.0
2017-11-30,C_AGE_PROPENSITY_PRICE,Jonathan Berthelot,3,00X8VEYH,87,4821.0,1,4404.0
2017-11-30,C_AGE_PROPENSITY_PRICE,Jonathan Berthelot,4,6SQHVC0S,87,4821.0,0,0.0
2017-11-30,C_AGE_PROPENSITY_PRICE,Jonathan Berthelot,5,FB7OTAMV,87,4821.0,0,0.0
2017-11-30,C_AGE_PROPENSITY_PRICE,Kami Bicknell,1,059K86LU,98,5482.0,0,0.0
2017-11-30,C_AGE_PROPENSITY_PRICE,Kami Bicknell,2,7K1KXMBT,96,4821.0,0,0.0
2017-11-30,C_AGE_PROPENSITY_PRICE,Kami Bicknell,3,EDM7CEZ6,96,4821.0,0,0.0
2017-11-30,C_AGE_PROPENSITY_PRICE,Kami Bicknell,4,X9L0T199,96,4821.0,0,0.0
2017-11-30,C_AGE_PROPENSITY_PRICE,Kami Bicknell,5,Z8Z77GN3,96,4821.0,0,0.0
2017-11-30,C_AGE_PROPENSITY_PRICE,Kary Hendrixson,1,5CAP1055,98,5482.0,0,0.0
2017-11-30,C_AGE_PROPENSITY_PRICE,Kary Hendrixson,2,NY7Z4I06,98,5482.0,0,0.0
2017-11-30,C_AGE_PROPENSITY_PRICE,Kary Hendrixson,3,ON2ZRW1X,96,4821.0,1,4009.0
2017-11-30,C_AGE_PROPENSITY_PRICE,Kary Hendrixson,4,SLMY2KDA,96,4821.0,0,0.0
2017-11-30,C_AGE_PROPENSITY_PRICE,Kary Hendrixson,5,XRZNF1LQ,96,4821.0,0,0.0
2017-11-30,C_AGE_PROPENSITY_PRICE,Lajuana Vencill,1,DSPMSOTB,82,3393.0,1,3063.0
2017-11-30,C_AGE_PROPENSITY_PRICE,Lajuana Vencill,2,EZDMNAK8,82,3393.0,0,0.0
2017-11-30,C_AGE_PROPENSITY_PRICE,Lajuana Vencill,3,LDQITW5C,82,3393.0,0,0.0
2017-11-30,C_AGE_PROPENSITY_PRICE,Lajuana Vencill,4,PDMZ1I99,82,3393.0,0,0.0
2017-11-30,C_AGE_PROPENSITY_PRICE,Lajuana Vencill,5,KHZ3IOKH,80,5482.0,1,6340.0
2017-11-30,C_AGE_PROPENSITY_PRICE,Markita Hansen,1,021Z2J9L,100,26768.0,0,0.0
2017-11-30,C_AGE_PROPENSITY_PRICE,Markita Hansen,2,5378T3K3,98,5482.0,0,0.0
2017-11-30,C_AGE_PROPENSITY_PRICE,Markita Hansen,3,LOSUVU4T,92,5482.0,0,0.0
2017-11-30,C_AGE_PROPENSITY_PRICE,Markita Hansen,4,C35YI5NJ,87,4821.0,1,4753.0
2017-11-30,C_AGE_PROPENSITY_PRICE,Markita Hansen,5,SMP2K39G,87,4821.0,0,0.0
2017-11-30,C_AGE_PROPENSITY_PRICE,Marty Freudenburg,1,DO6VKC2G,100,26768.0,0,0.0
2017-11-30,C_AGE_PROPENSITY_PRICE,Marty Freudenburg,2,AD2YEH7W,98,5482.0,0,0.0
2017-11-30,C_AGE_PROPENSITY_PRICE,Marty Freudenburg,3,FSNL204U,98,5482.0,0,0.0
2017-11-30,C_AGE_PROPENSITY_PRICE,Marty Freudenburg,4,J31SUXQJ,98,5482.0,0,0.0
2017-11-30,C_AGE_PROPENSITY_PRICE,Marty Freudenburg,5,9CPUX0D0,96,4821.0,0,0.0
2017-11-30,C_AGE_PROPENSITY_PRICE,Maureen Marcano,1,U5JFEXOI,98,5482.0,1,6489.0
2017-11-30,C_AGE_PROPENSITY_PRICE,Maureen Marcano,2,UDXG59P0,98,5482.0,1,5110.0
2017-11-30,C_AGE_PROPENSITY_PRICE,Maureen Marcano,3,87TZLMU7,96,4821.0,1,3854.0
2017-11-30,C_AGE_PROPENSITY_PRICE,Maureen Marcano,4,AMP2GT6F,96,4821.0,0,0.0
2017-11-30,C_AGE_PROPENSITY_PRICE,Maureen Marcano,5,TUKHDOGS,96,4821.0,0,0.0
2017-11-30,C_AGE_PROPENSITY_PRICE,Moses Frase,1,10984DDU,92,5482.0,1,7300.0
2017-11-30,C_AGE_PROPENSITY_PRICE,Moses Frase,2,0R5KAHNB,82,3393.0,0,0.0
2017-11-30,C_AGE_PROPENSITY_PRICE,Moses Frase,3,FUI9BIS3,82,3393.0,0,0.0
2017-11-30,C_AGE_PROPENSITY_PRICE,Moses Frase,4,HQKWQ004,82,3393.0,0,0.0
2017-11-30,C_AGE_PROPENSITY_PRICE,Moses Frase,5,KIKG1BGV,82,3393.0,0,0.0
2017-11-30,C_AGE_PROPENSITY_PRICE,Niesha Huffines,1,2E2FDZHG,96,4821.0,0,0.0
2017-11-30,C_AGE_PROPENSITY_PRICE,Niesha Huffines,2,PYQ3VX08,96,4821.0,0,0.0
2017-11-30,C_AGE_PROPENSITY_PRICE,Niesha Huffines,3,SYA1A4E5,96,4821.0,0,0.0
2017-11-30,C_AGE_PROPENSITY_PRICE,Niesha Huffines,4,D3O1PCMO,77,3393.0,1,3079.0
2017-11-30,C_AGE_PROPENSITY_PRICE,Niesha Huffines,5,MIDW7Q49,77,3393.0,1,2814.0
2017-11-30,C_AGE_PROPENSITY_PRICE,Reed Clapper,1,J3K9EXW0,98,5482.0,1,5790.0
2017-11-30,C_AGE_PROPENSITY_PRICE,Reed Clapper,2,TGI9B9AD,98,5482.0,1,6318.0
2017-11-30,C_AGE_PROPENSITY_PRICE,Reed Clapper,3,C5Z2806X,87,4821.0,1,5044.0
2017-11-30,C_AGE_PROPENSITY_PRICE,Reed Clapper,4,ROD5WJDM,87,4821.0,1,4140.0
2017-11-30,C_AGE_PROPENSITY_PRICE,Reed Clapper,5,U0SS8E43,87,4821.0,0,0.0
2017-11-30,C_AGE_PROPENSITY_PRICE,Rosalina Dieter,1,1LY8CAXD,100,26768.0,0,0.0
2017-11-30,C_AGE_PROPENSITY_PRICE,Rosalina Dieter,2,9SRD5NCR,100,26768.0,0,0.0
2017-11-30,C_AGE_PROPENSITY_PRICE,Rosalina Dieter,3,P8QXRXMR,87,4821.0,0,0.0
2017-11-30,C_AGE_PROPENSITY_PRICE,Rosalina Dieter,4,S8Y9AAWC,87,4821.0,1,4614.0
2017-11-30,C_AGE_PROPENSITY_PRICE,Rosalina Dieter,5,IIKN6Q8E,77,3393.0,1,3278.0
2017-11-30,C_AGE_PROPENSITY_PRICE,Rosie Papadopoulos,1,98K99UW9,98,5482.0,0,0.0
2017-11-30,C_AGE_PROPENSITY_PRICE,Rosie Papadopoulos,2,PG5S1KYF,98,5482.0,0,0.0
2017-11-30,C_AGE_PROPENSITY_PRICE,Rosie Papadopoulos,3,01FNZW2T,96,4821.0,1,3974.0
2017-11-30,C_AGE_PROPENSITY_PRICE,Rosie Papadopoulos,4,68EYCEV4,96,4821.0,0,0.0
2017-11-30,C_AGE_PROPENSITY_PRICE,Rosie Papadopoulos,5,PQJZNRKK,96,4821.0,0,0.0
2017-11-30,C_AGE_PROPENSITY_PRICE,Versie Hillebrand,1,RW6QS352,92,5482.0,0,0.0
2017-11-30,C_AGE_PROPENSITY_PRICE,Versie Hillebrand,2,G6CMP5I9,82,3393.0,0,0.0
2017-11-30,C_AGE_PROPENSITY_PRICE,Versie Hillebrand,3,OMJHW2J1,82,3393.0,0,0.0
2017-11-30,C_AGE_PROPENSITY_PRICE,Versie Hillebrand,4,1GA3AFTX,77,3393.0,0,0.0
2017-11-30,C_AGE_PROPENSITY_PRICE,Versie Hillebrand,5,6EYTZB6F,77,3393.0,1,3811.0
2017-11-30,C_AGE_PROPENSITY_PRICE,Vicki Laflamme,1,3C6E0D28,98,5482.0,0,0.0
2017-11-30,C_AGE_PROPENSITY_PRICE,Vicki Laflamme,2,04SQ7RNY,96,4821.0,1,4577.0
2017-11-30,C_AGE_PROPENSITY_PRICE,Vicki Laflamme,3,58W7CZGD,96,4821.0,0,0.0
2017-11-30,C_AGE_PROPENSITY_PRICE,Vicki Laflamme,4,6SMB6SDY,96,4821.0,0,0.0
2017-11-30,C_AGE_PROPENSITY_PRICE,Vicki Laflamme,5,4SOUOUKH,92,5482.0,0,0.0
2017-11-30,C_AGE_PROPENSITY_PRICE,Violet Mclelland,1,QKW7MDJK,96,4821.0,0,0.0
2017-11-30,C_AGE_PROPENSITY_PRICE,Violet Mclelland,2,ESZPH44N,87,4821.0,0,0.0
2017-11-30,C_AGE_PROPENSITY_PRICE,Violet Mclelland,3,LHIM2BGF,82,3393.0,0,0.0
2017-11-30,C_AGE_PROPENSITY_PRICE,Violet Mclelland,4,1374WYJG,77,3393.0,0,0.0
2017-11-30,C_AGE_PROPENSITY_PRICE,Violet Mclelland,5,3NC5XSDF,77,3393.0,0,0.0
2017-11-30,C_AGE_PROPENSITY_PRICE,Wilburn Farren,1,9JTFD4FZ,92,5482.0,0,0.0
2017-11-30,C_AGE_PROPENSITY_PRICE,Wilburn Farren,2,LUXAXNBV,92,5482.0,1,5960.0
2017-11-30,C_AGE_PROPENSITY_PRICE,Wilburn Farren,3,QNB3SCN9,92,5482.0,0,0.0
2017-11-30,C_AGE_PROPENSITY_PRICE,Wilburn Farren,4,1L68AC0E,87,4821.0,0,0.0
2017-11-30,C_AGE_PROPENSITY_PRICE,Wilburn Farren,5,HDW4BXVN,82,3393.0,0,0.0
2017-11-30,C_AGE_PROPENSITY_PRICE,Zane Levy,1,041Q1IZL,96,4821.0,0,0.0
2017-11-30,C_AGE_PROPENSITY_PRICE,Zane Levy,2,RU5X1LZM,96,4821.0,0,0.0
2017-11-30,C_AGE_PROPENSITY_PRICE,Zane Levy,3,TLLW2ZRM,96,4821.0,0,0.0
2017-11-30,C_AGE_PROPENSITY_PRICE,Zane Levy,4,TM70L0W8,96,4821.0,0,0.0
2017-11-30,C_AGE_PROPENSITY_PRICE,Zane Levy,5,01XZ9CRY,92,5482.0,0,0.0
2017-11-30,D_MODEL_FALLBACK_PRICE,Anna Snelling,1,4Z7LYTKN,98,5482.0,0,0.0
2017-11-30,D_MODEL_FALLBACK_PRICE,Anna Snelling,2,NSX4NR40,98,5482.0,0,0.0
2017-11-30,D_MODEL_FALLBACK_PRICE,Anna Snelling,3,FCBSZ6FJ,96,5482.0,0,0.0
2017-11-30,D_MODEL_FALLBACK_PRICE,Anna Snelling,4,OVA9HMN1,96,5482.0,0,0.0
2017-11-30,D_MODEL_FALLBACK_PRICE,Anna Snelling,5,NRMFYPAD,88,5482.0,1,6038.0
2017-11-30,D_MODEL_FALLBACK_PRICE,Boris Faz,1,5HKITTHD,99,5482.0,1,5703.0
2017-11-30,D_MODEL_FALLBACK_PRICE,Boris Faz,2,WO1OYV0Z,96,5482.0,0,0.0
2017-11-30,D_MODEL_FALLBACK_PRICE,Boris Faz,3,MOAP4XN7,91,4821.0,0,0.0
2017-11-30,D_MODEL_FALLBACK_PRICE,Boris Faz,4,401BY1PW,88,4821.0,1,5052.0
2017-11-30,D_MODEL_FALLBACK_PRICE,Boris Faz,5,L1WPBDZG,88,4821.0,1,4125.0
2017-11-30,D_MODEL_FALLBACK_PRICE,Cassey Cress,1,LFMMI05H,99,5482.0,1,5881.0
2017-11-30,D_MODEL_FALLBACK_PRICE,Cassey Cress,2,102XKYAC,98,4821.0,0,0.0
2017-11-30,D_MODEL_FALLBACK_PRICE,Cassey Cress,3,6TGCOE5O,96,5482.0,0,0.0
2017-11-30,D_MODEL_FALLBACK_PRICE,Cassey Cress,4,QK98E62R,94,5482.0,1,5301.0
2017-11-30,D_MODEL_FALLBACK_PRICE,Cassey Cress,5,ZDB6D35R,93,5482.0,1,5026.0
2017-11-30,D_MODEL_FALLBACK_PRICE,Cecily Lampkin,1,OVPNOM6O,97,5482.0,1,5520.0
2017-11-30,D_MODEL_FALLBACK_PRICE,Cecily Lampkin,2,IFVL4WL5,93,5482.0,1,3704.0
2017-11-30,D_MODEL_FALLBACK_PRICE,Cecily Lampkin,3,D74OAJB4,85,3393.0,0,0.0
2017-11-30,D_MODEL_FALLBACK_PRICE,Cecily Lampkin,4,4O6T16XI,83,3393.0,1,3748.0
2017-11-30,D_MODEL_FALLBACK_PRICE,Cecily Lampkin,5,8MUD1WS1,81,3393.0,0,0.0
2017-11-30,D_MODEL_FALLBACK_PRICE,Corliss Cosme,1,A5SCVK7E,100,5482.0,0,0.0
2017-11-30,D_MODEL_FALLBACK_PRICE,Corliss Cosme,2,UAVOPRPV,99,5482.0,1,4631.0
2017-11-30,D_MODEL_FALLBACK_PRICE,Corliss Cosme,3,MJ0RRDLN,98,4821.0,1,4639.0
2017-11-30,D_MODEL_FALLBACK_PRICE,Corliss Cosme,4,WZN26QZQ,97,5482.0,0,0.0
2017-11-30,D_MODEL_FALLBACK_PRICE,Corliss Cosme,5,Y0M8X7BV,96,5482.0,0,0.0
2017-11-30,D_MODEL_FALLBACK_PRICE,Daniell Hammack,1,2N2MUDOA,98,4821.0,0,0.0
2017-11-30,D_MODEL_FALLBACK_PRICE,Daniell Hammack,2,NUBMO8S7,98,4821.0,1,5315.0
2017-11-30,D_MODEL_FALLBACK_PRICE,Daniell Hammack,3,HF1GSBT4,96,5482.0,0,0.0
2017-11-30,D_MODEL_FALLBACK_PRICE,Daniell Hammack,4,XZKZYO55,94,4821.0,1,4865.0
2017-11-30,D_MODEL_FALLBACK_PRICE,Daniell Hammack,5,FKVC924F,91,4821.0,0,0.0
2017-11-30,D_MODEL_FALLBACK_PRICE,Darcel Schlecht,1,8ARRIREI,98,5482.0,1,5669.0
2017-11-30,D_MODEL_FALLBACK_PRICE,Darcel Schlecht,2,OK7R7I2A,97,4821.0,1,4819.0
2017-11-30,D_MODEL_FALLBACK_PRICE,Darcel Schlecht,3,5NGPM4C3,96,5482.0,0,0.0
2017-11-30,D_MODEL_FALLBACK_PRICE,Darcel Schlecht,4,RCJRB8W8,96,5482.0,0,0.0
2017-11-30,D_MODEL_FALLBACK_PRICE,Darcel Schlecht,5,Z4OOTJAJ,96,5482.0,0,0.0
2017-11-30,D_MODEL_FALLBACK_PRICE,Donn Cantrell,1,3XUKEIQF,98,5482.0,1,5454.0
2017-11-30,D_MODEL_FALLBACK_PRICE,Donn Cantrell,2,FHCSKQ4K,89,5482.0,1,5270.0
2017-11-30,D_MODEL_FALLBACK_PRICE,Donn Cantrell,3,9868N4GB,84,3393.0,1,3595.0
2017-11-30,D_MODEL_FALLBACK_PRICE,Donn Cantrell,4,7OIR36P2,79,4821.0,1,4980.0
2017-11-30,D_MODEL_FALLBACK_PRICE,Donn Cantrell,5,08O63ECM,79,3393.0,1,3281.0
2017-11-30,D_MODEL_FALLBACK_PRICE,Elease Gluck,1,A04V2WB3,100,26768.0,0,0.0
2017-11-30,D_MODEL_FALLBACK_PRICE,Elease Gluck,2,GB6C2UK5,100,26768.0,1,29220.0
2017-11-30,D_MODEL_FALLBACK_PRICE,Elease Gluck,3,6OD1J7MW,99,5482.0,0,0.0
2017-11-30,D_MODEL_FALLBACK_PRICE,Elease Gluck,4,3ORQ2R0R,91,4821.0,0,0.0
2017-11-30,D_MODEL_FALLBACK_PRICE,Elease Gluck,5,NRK892VX,89,5482.0,0,0.0
2017-11-30,D_MODEL_FALLBACK_PRICE,Garret Kinder,1,ML5QMJPM,84,3393.0,1,3497.0
2017-11-30,D_MODEL_FALLBACK_PRICE,Garret Kinder,2,9CK2HTJP,58,1096.0,0,0.0
2017-11-30,D_MODEL_FALLBACK_PRICE,Garret Kinder,3,GB1K3Y4Y,29,550.0,1,579.0
2017-11-30,D_MODEL_FALLBACK_PRICE,Garret Kinder,4,BZPU6P5P,18,55.0,0,0.0
2017-11-30,D_MODEL_FALLBACK_PRICE,Garret Kinder,5,9RGQ8HED,15,55.0,1,54.0
2017-11-30,D_MODEL_FALLBACK_PRICE,Gladys Colclough,1,5MAXF8FK,99,5482.0,0,0.0
2017-11-30,D_MODEL_FALLBACK_PRICE,Gladys Colclough,2,7DDPLMQ5,98,4821.0,1,4981.0
2017-11-30,D_MODEL_FALLBACK_PRICE,Gladys Colclough,3,7FFV8D9U,97,4821.0,0,0.0
2017-11-30,D_MODEL_FALLBACK_PRICE,Gladys Colclough,4,W3LRLMKP,96,5482.0,1,5385.0
2017-11-30,D_MODEL_FALLBACK_PRICE,Gladys Colclough,5,DHJ8KOUV,95,5482.0,1,5138.0
2017-11-30,D_MODEL_FALLBACK_PRICE,Hayden Neloms,1,7GDSUY9K,99,5482.0,0,0.0
2017-11-30,D_MODEL_FALLBACK_PRICE,Hayden Neloms,2,QQPAK72N,96,5482.0,0,0.0
2017-11-30,D_MODEL_FALLBACK_PRICE,Hayden Neloms,3,SS0ZF7SG,87,3393.0,1,3482.0
2017-11-30,D_MODEL_FALLBACK_PRICE,Hayden Neloms,4,3SOLZEZX,83,5482.0,1,5702.0
2017-11-30,D_MODEL_FALLBACK_PRICE,Hayden Neloms,5,DC2NI04U,82,3393.0,0,0.0
2017-11-30,D_MODEL_FALLBACK_PRICE,James Ascencio,1,87G25M68,99,5482.0,1,5285.0
2017-11-30,D_MODEL_FALLBACK_PRICE,James Ascencio,2,93OFIHMF,93,5482.0,1,4527.0
2017-11-30,D_MODEL_FALLBACK_PRICE,James Ascencio,3,GIZAD3ZN,93,4821.0,1,5230.0
2017-11-30,D_MODEL_FALLBACK_PRICE,James Ascencio,4,77IBMLTB,89,5482.0,0,0.0
2017-11-30,D_MODEL_FALLBACK_PRICE,James Ascencio,5,KAGK2GQJ,89,5482.0,0,0.0
2017-11-30,D_MODEL_FALLBACK_PRICE,Jonathan Berthelot,1,7XNX75LI,97,5482.0,0,0.0
2017-11-30,D_MODEL_FALLBACK_PRICE,Jonathan Berthelot,2,FB7OTAMV,94,4821.0,0,0.0
2017-11-30,D_MODEL_FALLBACK_PRICE,Jonathan Berthelot,3,KBPKLB2X,91,4821.0,0,0.0
2017-11-30,D_MODEL_FALLBACK_PRICE,Jonathan Berthelot,4,SXPV3WCV,87,4821.0,1,4869.0
2017-11-30,D_MODEL_FALLBACK_PRICE,Jonathan Berthelot,5,6SQHVC0S,85,4821.0,0,0.0
2017-11-30,D_MODEL_FALLBACK_PRICE,Kami Bicknell,1,RDMKSDT0,98,5482.0,1,4872.0
2017-11-30,D_MODEL_FALLBACK_PRICE,Kami Bicknell,2,059K86LU,97,5482.0,0,0.0
2017-11-30,D_MODEL_FALLBACK_PRICE,Kami Bicknell,3,TEM0I59X,97,5482.0,1,4906.0
2017-11-30,D_MODEL_FALLBACK_PRICE,Kami Bicknell,4,7FLPKZN7,93,4821.0,0,0.0
2017-11-30,D_MODEL_FALLBACK_PRICE,Kami Bicknell,5,7K1KXMBT,91,4821.0,0,0.0
2017-11-30,D_MODEL_FALLBACK_PRICE,Kary Hendrixson,1,5CAP1055,99,5482.0,0,0.0
2017-11-30,D_MODEL_FALLBACK_PRICE,Kary Hendrixson,2,NY7Z4I06,99,5482.0,0,0.0
2017-11-30,D_MODEL_FALLBACK_PRICE,Kary Hendrixson,3,J9V49YC3,98,5482.0,1,5158.0
2017-11-30,D_MODEL_FALLBACK_PRICE,Kary Hendrixson,4,ON2ZRW1X,97,4821.0,1,4009.0
2017-11-30,D_MODEL_FALLBACK_PRICE,Kary Hendrixson,5,KUJ5M6J3,95,4821.0,1,5663.0
2017-11-30,D_MODEL_FALLBACK_PRICE,Lajuana Vencill,1,LDQITW5C,86,3393.0,0,0.0
2017-11-30,D_MODEL_FALLBACK_PRICE,Lajuana Vencill,2,DSPMSOTB,85,3393.0,1,3063.0
2017-11-30,D_MODEL_FALLBACK_PRICE,Lajuana Vencill,3,PDMZ1I99,85,3393.0,0,0.0
2017-11-30,D_MODEL_FALLBACK_PRICE,Lajuana Vencill,4,EZDMNAK8,83,3393.0,0,0.0
2017-11-30,D_MODEL_FALLBACK_PRICE,Lajuana Vencill,5,KHZ3IOKH,78,5482.0,1,6340.0
2017-11-30,D_MODEL_FALLBACK_PRICE,Markita Hansen,1,021Z2J9L,99,26768.0,0,0.0
2017-11-30,D_MODEL_FALLBACK_PRICE,Markita Hansen,2,LOSUVU4T,99,5482.0,0,0.0
2017-11-30,D_MODEL_FALLBACK_PRICE,Markita Hansen,3,5378T3K3,96,5482.0,0,0.0
2017-11-30,D_MODEL_FALLBACK_PRICE,Markita Hansen,4,SMP2K39G,86,4821.0,0,0.0
2017-11-30,D_MODEL_FALLBACK_PRICE,Markita Hansen,5,C35YI5NJ,83,4821.0,1,4753.0
2017-11-30,D_MODEL_FALLBACK_PRICE,Marty Freudenburg,1,DO6VKC2G,100,26768.0,0,0.0
2017-11-30,D_MODEL_FALLBACK_PRICE,Marty Freudenburg,2,FSNL204U,100,5482.0,0,0.0
2017-11-30,D_MODEL_FALLBACK_PRICE,Marty Freudenburg,3,J31SUXQJ,99,5482.0,0,0.0
2017-11-30,D_MODEL_FALLBACK_PRICE,Marty Freudenburg,4,EID3MR9L,98,5482.0,1,5788.0
2017-11-30,D_MODEL_FALLBACK_PRICE,Marty Freudenburg,5,AD2YEH7W,96,5482.0,0,0.0
2017-11-30,D_MODEL_FALLBACK_PRICE,Maureen Marcano,1,87TZLMU7,97,4821.0,1,3854.0
2017-11-30,D_MODEL_FALLBACK_PRICE,Maureen Marcano,2,U5JFEXOI,95,5482.0,1,6489.0
2017-11-30,D_MODEL_FALLBACK_PRICE,Maureen Marcano,3,UDXG59P0,95,5482.0,1,5110.0
2017-11-30,D_MODEL_FALLBACK_PRICE,Maureen Marcano,4,7IZQJIPA,94,4821.0,1,4812.0
2017-11-30,D_MODEL_FALLBACK_PRICE,Maureen Marcano,5,AMP2GT6F,91,4821.0,0,0.0
2017-11-30,D_MODEL_FALLBACK_PRICE,Moses Frase,1,10984DDU,94,5482.0,1,7300.0
2017-11-30,D_MODEL_FALLBACK_PRICE,Moses Frase,2,KIKG1BGV,85,3393.0,0,0.0
2017-11-30,D_MODEL_FALLBACK_PRICE,Moses Frase,3,0R5KAHNB,84,3393.0,0,0.0
2017-11-30,D_MODEL_FALLBACK_PRICE,Moses Frase,4,FUI9BIS3,83,3393.0,0,0.0
2017-11-30,D_MODEL_FALLBACK_PRICE,Moses Frase,5,HQKWQ004,81,3393.0,0,0.0
2017-11-30,D_MODEL_FALLBACK_PRICE,Niesha Huffines,1,2E2FDZHG,91,4821.0,0,0.0
2017-11-30,D_MODEL_FALLBACK_PRICE,Niesha Huffines,2,PYQ3VX08,91,4821.0,0,0.0
2017-11-30,D_MODEL_FALLBACK_PRICE,Niesha Huffines,3,SYA1A4E5,91,4821.0,0,0.0
2017-11-30,D_MODEL_FALLBACK_PRICE,Niesha Huffines,4,MIDW7Q49,84,3393.0,1,2814.0
2017-11-30,D_MODEL_FALLBACK_PRICE,Niesha Huffines,5,D3O1PCMO,78,3393.0,1,3079.0
2017-11-30,D_MODEL_FALLBACK_PRICE,Reed Clapper,1,TGI9B9AD,99,5482.0,1,6318.0
2017-11-30,D_MODEL_FALLBACK_PRICE,Reed Clapper,2,J3K9EXW0,97,5482.0,1,5790.0
2017-11-30,D_MODEL_FALLBACK_PRICE,Reed Clapper,3,YR4EFQ4C,95,4821.0,1,4647.0
2017-11-30,D_MODEL_FALLBACK_PRICE,Reed Clapper,4,ROD5WJDM,94,4821.0,1,4140.0
2017-11-30,D_MODEL_FALLBACK_PRICE,Reed Clapper,5,U0SS8E43,94,4821.0,0,0.0
2017-11-30,D_MODEL_FALLBACK_PRICE,Rosalina Dieter,1,1LY8CAXD,100,26768.0,0,0.0
2017-11-30,D_MODEL_FALLBACK_PRICE,Rosalina Dieter,2,9SRD5NCR,100,26768.0,0,0.0
2017-11-30,D_MODEL_FALLBACK_PRICE,Rosalina Dieter,3,S8Y9AAWC,88,4821.0,1,4614.0
2017-11-30,D_MODEL_FALLBACK_PRICE,Rosalina Dieter,4,P8QXRXMR,86,4821.0,0,0.0
2017-11-30,D_MODEL_FALLBACK_PRICE,Rosalina Dieter,5,IIKN6Q8E,75,3393.0,1,3278.0
2017-11-30,D_MODEL_FALLBACK_PRICE,Rosie Papadopoulos,1,PG5S1KYF,99,5482.0,0,0.0
2017-11-30,D_MODEL_FALLBACK_PRICE,Rosie Papadopoulos,2,8XXD2LMP,98,5482.0,0,0.0
2017-11-30,D_MODEL_FALLBACK_PRICE,Rosie Papadopoulos,3,98K99UW9,96,5482.0,0,0.0
2017-11-30,D_MODEL_FALLBACK_PRICE,Rosie Papadopoulos,4,ZJAIST7C,96,4821.0,0,0.0
2017-11-30,D_MODEL_FALLBACK_PRICE,Rosie Papadopoulos,5,68EYCEV4,94,4821.0,0,0.0
2017-11-30,D_MODEL_FALLBACK_PRICE,Versie Hillebrand,1,RW6QS352,96,5482.0,0,0.0
2017-11-30,D_MODEL_FALLBACK_PRICE,Versie Hillebrand,2,6EYTZB6F,84,3393.0,1,3811.0
2017-11-30,D_MODEL_FALLBACK_PRICE,Versie Hillebrand,3,G6CMP5I9,81,3393.0,0,0.0
2017-11-30,D_MODEL_FALLBACK_PRICE,Versie Hillebrand,4,OMJHW2J1,81,3393.0,0,0.0
2017-11-30,D_MODEL_FALLBACK_PRICE,Versie Hillebrand,5,1GA3AFTX,78,3393.0,0,0.0
2017-11-30,D_MODEL_FALLBACK_PRICE,Vicki Laflamme,1,2WZU46RL,97,4821.0,1,5115.0
2017-11-30,D_MODEL_FALLBACK_PRICE,Vicki Laflamme,2,3C6E0D28,96,5482.0,0,0.0
2017-11-30,D_MODEL_FALLBACK_PRICE,Vicki Laflamme,3,58W7CZGD,95,4821.0,0,0.0
2017-11-30,D_MODEL_FALLBACK_PRICE,Vicki Laflamme,4,O04P1WN6,94,4821.0,1,4415.0
2017-11-30,D_MODEL_FALLBACK_PRICE,Vicki Laflamme,5,4SOUOUKH,93,5482.0,0,0.0
2017-11-30,D_MODEL_FALLBACK_PRICE,Violet Mclelland,1,ESZPH44N,97,4821.0,0,0.0
2017-11-30,D_MODEL_FALLBACK_PRICE,Violet Mclelland,2,QKW7MDJK,91,4821.0,0,0.0
2017-11-30,D_MODEL_FALLBACK_PRICE,Violet Mclelland,3,1374WYJG,82,3393.0,0,0.0
2017-11-30,D_MODEL_FALLBACK_PRICE,Violet Mclelland,4,LHIM2BGF,82,3393.0,0,0.0
2017-11-30,D_MODEL_FALLBACK_PRICE,Violet Mclelland,5,3NC5XSDF,76,3393.0,0,0.0
2017-11-30,D_MODEL_FALLBACK_PRICE,Wilburn Farren,1,LUXAXNBV,94,5482.0,1,5960.0
2017-11-30,D_MODEL_FALLBACK_PRICE,Wilburn Farren,2,9JTFD4FZ,89,5482.0,0,0.0
2017-11-30,D_MODEL_FALLBACK_PRICE,Wilburn Farren,3,QNB3SCN9,89,5482.0,0,0.0
2017-11-30,D_MODEL_FALLBACK_PRICE,Wilburn Farren,4,1L68AC0E,82,4821.0,0,0.0
2017-11-30,D_MODEL_FALLBACK_PRICE,Wilburn Farren,5,JEWIBFH9,81,3393.0,0,0.0
2017-11-30,D_MODEL_FALLBACK_PRICE,Zane Levy,1,01XZ9CRY,97,5482.0,0,0.0
2017-11-30,D_MODEL_FALLBACK_PRICE,Zane Levy,2,041Q1IZL,97,4821.0,0,0.0
2017-11-30,D_MODEL_FALLBACK_PRICE,Zane Levy,3,FZGGKS2D,93,5482.0,1,4910.0
2017-11-30,D_MODEL_FALLBACK_PRICE,Zane Levy,4,RU5X1LZM,91,4821.0,0,0.0
2017-11-30,D_MODEL_FALLBACK_PRICE,Zane Levy,5,TM70L0W8,91,4821.0,0,0.0
